transaction_id,store_id,customer_id,product_id,quantity,unit_price,transaction_date,source_file,transaction_ts,quantity_num,unit_price_num
T000001,S001,C046,P029,1,32000,2026-08-01 16:30:48,sales_2026_08_01.csv,2026-08-01 16:30:48,1,32000.0
T000002,S002,C086,P007,3,165000,2026-08-01 12:49:39,sales_2026_08_01.csv,2026-08-01 12:49:39,3,165000.0
T000003,S003,C100,P004,2,25000,2026-08-01 17:26:40,sales_2026_08_01.csv,2026-08-01 17:26:40,2,25000.0
T000004,S004,C080,P018,1,25000,2026-08-01 15:40:15,sales_2026_08_01.csv,2026-08-01 15:40:15,1,25000.0
T000005,S002,C031,P024,1,40000,2026-08-01 09:02:09,sales_2026_08_01.csv,2026-08-01 09:02:09,1,40000.0
T000006,S002,C023,P028,3,28000,2026-08-01 18:43:54,sales_2026_08_01.csv,2026-08-01 18:43:54,3,28000.0
T000007,S004,C004,P029,3,32000,2026-08-01 16:22:21,sales_2026_08_01.csv,2026-08-01 16:22:21,3,32000.0
T000008,S003,C053,P006,3,280000,2026-08-01 16:38:48,sales_2026_08_01.csv,2026-08-01 16:38:48,3,280000.0
T000009,S002,C035,P026,3,30000,2026-08-01 09:24:33,sales_2026_08_01.csv,2026-08-01 09:24:33,3,30000.0
T000010,S001,C049,P006,4,280000,2026-08-01 12:57:15,sales_2026_08_01.csv,2026-08-01 12:57:15,4,280000.0
T000011,S001,C061,P028,3,28000,2026-08-01 12:04:43,sales_2026_08_01.csv,2026-08-01 12:04:43,3,28000.0
T000012,S002,C059,P008,1,390000,2026-08-01 18:11:39,sales_2026_08_01.csv,2026-08-01 18:11:39,1,390000.0
T000013,S003,C030,P012,4,12000,2026-08-01 15:04:57,sales_2026_08_01.csv,2026-08-01 15:04:57,4,12000.0
T000014,S001,C085,P008,2,390000,2026-08-01 17:03:01,sales_2026_08_01.csv,2026-08-01 17:03:01,2,390000.0
T000015,S004,C043,P007,3,165000,2026-08-01 12:52:39,sales_2026_08_01.csv,2026-08-01 12:52:39,3,165000.0
T000016,S001,C099,P009,2,45000,2026-08-01 10:29:58,sales_2026_08_01.csv,2026-08-01 10:29:58,2,45000.0
T000017,S003,C083,P009,1,45000,2026-08-01 14:06:01,sales_2026_08_01.csv,2026-08-01 14:06:01,1,45000.0
T000018,S004,C087,P017,4,85000,2026-08-01 08:42:07,sales_2026_08_01.csv,2026-08-01 08:42:07,4,85000.0
T000019,S005,C043,P027,4,18000,2026-08-01 17:06:14,sales_2026_08_01.csv,2026-08-01 17:06:14,4,18000.0
T000020,S001,C034,P001,2,450000,2026-08-01 14:56:53,sales_2026_08_01.csv,2026-08-01 14:56:53,2,450000.0
T000021,S005,C034,P006,1,280000,2026-08-01 16:20:20,sales_2026_08_01.csv,2026-08-01 16:20:20,1,280000.0
T000022,S001,C077,P002,3,520000,2026-08-01 11:53:59,sales_2026_08_01.csv,2026-08-01 11:53:59,3,520000.0
T000023,S003,C094,P014,1,7000,2026-08-01 18:40:39,sales_2026_08_01.csv,2026-08-01 18:40:39,1,7000.0
T000024,S003,C056,P026,2,30000,2026-08-01 17:49:27,sales_2026_08_01.csv,2026-08-01 17:49:27,2,30000.0
T000025,S005,C015,P020,3,180000,2026-08-01 16:33:43,sales_2026_08_01.csv,2026-08-01 16:33:43,3,180000.0
T000026,S005,C025,P013,4,35000,2026-08-01 10:08:27,sales_2026_08_01.csv,2026-08-01 10:08:27,4,35000.0
T000027,S001,C091,P009,2,45000,2026-08-01 13:08:02,sales_2026_08_01.csv,2026-08-01 13:08:02,2,45000.0
T000028,S001,C067,P014,2,7000,2026-08-01 08:28:54,sales_2026_08_01.csv,2026-08-01 08:28:54,2,7000.0
T000029,S005,C088,P030,3,50000,2026-08-01 09:41:49,sales_2026_08_01.csv,2026-08-01 09:41:49,3,50000.0
T000030,S002,C047,P024,3,40000,2026-08-01 15:30:48,sales_2026_08_01.csv,2026-08-01 15:30:48,3,40000.0
T000031,S001,C086,P014,4,7000,2026-08-01 16:11:32,sales_2026_08_01.csv,2026-08-01 16:11:32,4,7000.0
T000032,S003,C080,P030,2,50000,2026-08-01 18:38:33,sales_2026_08_01.csv,2026-08-01 18:38:33,2,50000.0
T000033,S001,C093,P011,2,75000,2026-08-01 11:35:02,sales_2026_08_01.csv,2026-08-01 11:35:02,2,75000.0
T000034,S003,C065,P029,4,32000,2026-08-01 12:04:30,sales_2026_08_01.csv,2026-08-01 12:04:30,4,32000.0
T000035,S004,C042,P010,1,8000,2026-08-01 13:09:54,sales_2026_08_01.csv,2026-08-01 13:09:54,1,8000.0
T000036,S003,C071,P013,4,35000,2026-08-01 10:05:03,sales_2026_08_01.csv,2026-08-01 10:05:03,4,35000.0
T000037,S002,C054,P005,2,120000,2026-08-01 09:25:44,sales_2026_08_01.csv,2026-08-01 09:25:44,2,120000.0
T000038,S004,C087,P022,3,18000,2026-08-01 13:13:57,sales_2026_08_01.csv,2026-08-01 13:13:57,3,18000.0
T000039,S002,C079,P024,2,40000,2026-08-01 10:29:45,sales_2026_08_01.csv,2026-08-01 10:29:45,2,40000.0
T000040,S003,C052,P019,3,55000,2026-08-01 15:22:04,sales_2026_08_01.csv,2026-08-01 15:22:04,3,55000.0
T000041,S001,C039,P018,4,25000,2026-08-01 12:48:31,sales_2026_08_01.csv,2026-08-01 12:48:31,4,25000.0
T000042,S002,C056,P010,1,8000,2026-08-01 17:09:34,sales_2026_08_01.csv,2026-08-01 17:09:34,1,8000.0
T000043,S005,C078,P026,3,30000,2026-08-01 15:42:10,sales_2026_08_01.csv,2026-08-01 15:42:10,3,30000.0
T000044,S003,C060,P021,1,10000,2026-08-01 11:26:09,sales_2026_08_01.csv,2026-08-01 11:26:09,1,10000.0
T000045,S004,C087,P015,4,30000,2026-08-01 17:09:17,sales_2026_08_01.csv,2026-08-01 17:09:17,4,30000.0
T000046,S005,C061,P007,2,165000,2026-08-01 16:51:08,sales_2026_08_01.csv,2026-08-01 16:51:08,2,165000.0
T000047,S002,C085,P026,4,30000,2026-08-01 12:15:44,sales_2026_08_01.csv,2026-08-01 12:15:44,4,30000.0
T000048,S003,C066,P003,4,15000,2026-08-01 11:10:17,sales_2026_08_01.csv,2026-08-01 11:10:17,4,15000.0
T000049,S005,C043,P022,1,18000,2026-08-01 15:30:26,sales_2026_08_01.csv,2026-08-01 15:30:26,1,18000.0
T000050,S002,C087,P003,3,15000,2026-08-01 09:32:14,sales_2026_08_01.csv,2026-08-01 09:32:14,3,15000.0
T000051,S002,C026,P010,4,8000,2026-08-01 10:11:56,sales_2026_08_01.csv,2026-08-01 10:11:56,4,8000.0
T000052,S001,C006,P005,4,120000,2026-08-01 08:04:51,sales_2026_08_01.csv,2026-08-01 08:04:51,4,120000.0
T000053,S004,C079,P008,4,390000,2026-08-01 16:39:22,sales_2026_08_01.csv,2026-08-01 16:39:22,4,390000.0
T000054,S001,C059,P028,4,28000,2026-08-01 15:18:48,sales_2026_08_01.csv,2026-08-01 15:18:48,4,28000.0
T000055,S005,C025,P014,2,7000,2026-08-01 15:45:24,sales_2026_08_01.csv,2026-08-01 15:45:24,2,7000.0
T000056,S004,C064,P023,2,22000,2026-08-01 16:35:16,sales_2026_08_01.csv,2026-08-01 16:35:16,2,22000.0
T000057,S002,C019,P013,3,35000,2026-08-01 13:02:53,sales_2026_08_01.csv,2026-08-01 13:02:53,3,35000.0
T000058,S001,C097,P021,3,10000,2026-08-01 14:15:22,sales_2026_08_01.csv,2026-08-01 14:15:22,3,10000.0
T000059,S001,C100,P028,1,28000,2026-08-01 09:32:15,sales_2026_08_01.csv,2026-08-01 09:32:15,1,28000.0
T000060,S002,C023,P014,1,7000,2026-08-01 09:15:35,sales_2026_08_01.csv,2026-08-01 09:15:35,1,7000.0
T000061,S005,C060,P026,2,30000,2026-08-01 15:21:08,sales_2026_08_01.csv,2026-08-01 15:21:08,2,30000.0
T000062,S005,C032,P002,3,520000,2026-08-01 13:10:55,sales_2026_08_01.csv,2026-08-01 13:10:55,3,520000.0
T000063,S001,C059,P030,4,50000,2026-08-01 14:13:03,sales_2026_08_01.csv,2026-08-01 14:13:03,4,50000.0
T000064,S004,C086,P005,1,120000,2026-08-01 16:24:53,sales_2026_08_01.csv,2026-08-01 16:24:53,1,120000.0
T000065,S005,C077,P017,3,85000,2026-08-01 14:58:54,sales_2026_08_01.csv,2026-08-01 14:58:54,3,85000.0
T000066,S004,C079,P011,3,75000,2026-08-01 14:05:21,sales_2026_08_01.csv,2026-08-01 14:05:21,3,75000.0
T000067,S005,C055,P027,1,18000,2026-08-01 14:09:04,sales_2026_08_01.csv,2026-08-01 14:09:04,1,18000.0
T000068,S005,C058,P027,4,18000,2026-08-01 11:20:36,sales_2026_08_01.csv,2026-08-01 11:20:36,4,18000.0
T000069,S002,C096,P029,3,32000,2026-08-01 08:20:20,sales_2026_08_01.csv,2026-08-01 08:20:20,3,32000.0
T000070,S004,C058,P028,2,28000,2026-08-01 12:48:14,sales_2026_08_01.csv,2026-08-01 12:48:14,2,28000.0
T000071,S002,C082,P009,4,45000,2026-08-01 10:21:37,sales_2026_08_01.csv,2026-08-01 10:21:37,4,45000.0
T000072,S005,C063,P009,2,45000,2026-08-01 12:29:37,sales_2026_08_01.csv,2026-08-01 12:29:37,2,45000.0
T000073,S002,C036,P021,4,10000,2026-08-01 17:23:14,sales_2026_08_01.csv,2026-08-01 17:23:14,4,10000.0
T000074,S001,C092,P015,1,30000,2026-08-01 10:34:24,sales_2026_08_01.csv,2026-08-01 10:34:24,1,30000.0
T000075,S002,C035,P010,4,8000,2026-08-01 08:38:28,sales_2026_08_01.csv,2026-08-01 08:38:28,4,8000.0
T000076,S003,C070,P011,4,75000,2026-08-01 11:05:42,sales_2026_08_01.csv,2026-08-01 11:05:42,4,75000.0
T000077,S002,C020,P003,4,15000,2026-08-01 11:13:46,sales_2026_08_01.csv,2026-08-01 11:13:46,4,15000.0
T000078,S004,C089,P008,2,390000,2026-08-01 15:16:51,sales_2026_08_01.csv,2026-08-01 15:16:51,2,390000.0
T000079,S002,C009,P005,1,120000,2026-08-01 14:07:38,sales_2026_08_01.csv,2026-08-01 14:07:38,1,120000.0
T000080,S004,C043,P014,3,7000,2026-08-01 16:37:22,sales_2026_08_01.csv,2026-08-01 16:37:22,3,7000.0
T000081,S004,C054,P018,4,25000,2026-08-01 15:18:26,sales_2026_08_01.csv,2026-08-01 15:18:26,4,25000.0
T000082,S002,C054,P002,2,520000,2026-08-01 12:28:12,sales_2026_08_01.csv,2026-08-01 12:28:12,2,520000.0
T000083,S005,C090,P013,2,35000,2026-08-01 16:57:15,sales_2026_08_01.csv,2026-08-01 16:57:15,2,35000.0
T000084,S005,C049,P001,2,450000,2026-08-01 09:50:12,sales_2026_08_01.csv,2026-08-01 09:50:12,2,450000.0
T000085,S001,C046,P016,2,95000,2026-08-01 08:14:59,sales_2026_08_01.csv,2026-08-01 08:14:59,2,95000.0
T000086,S004,C054,P010,1,8000,2026-08-01 08:59:25,sales_2026_08_01.csv,2026-08-01 08:59:25,1,8000.0
T000087,S005,C078,P018,4,25000,2026-08-01 15:56:45,sales_2026_08_01.csv,2026-08-01 15:56:45,4,25000.0
T000088,S002,C063,P029,3,32000,2026-08-01 13:04:50,sales_2026_08_01.csv,2026-08-01 13:04:50,3,32000.0
T000089,S003,C056,P008,3,390000,2026-08-01 09:46:26,sales_2026_08_01.csv,2026-08-01 09:46:26,3,390000.0
T000090,S001,C050,P016,4,95000,2026-08-01 13:30:41,sales_2026_08_01.csv,2026-08-01 13:30:41,4,95000.0
T000091,S004,C093,P011,4,75000,2026-08-01 09:40:31,sales_2026_08_01.csv,2026-08-01 09:40:31,4,75000.0
T000092,S004,C017,P006,2,280000,2026-08-01 15:39:34,sales_2026_08_01.csv,2026-08-01 15:39:34,2,280000.0
T000093,S005,C004,P020,2,180000,2026-08-01 12:54:27,sales_2026_08_01.csv,2026-08-01 12:54:27,2,180000.0
T000094,S004,C076,P030,1,50000,2026-08-01 12:11:28,sales_2026_08_01.csv,2026-08-01 12:11:28,1,50000.0
T000095,S001,C011,P019,1,55000,2026-08-01 11:18:59,sales_2026_08_01.csv,2026-08-01 11:18:59,1,55000.0
T000096,S004,C018,P021,3,10000,2026-08-01 14:55:59,sales_2026_08_01.csv,2026-08-01 14:55:59,3,10000.0
T000097,S004,C024,P028,3,28000,2026-08-01 11:58:47,sales_2026_08_01.csv,2026-08-01 11:58:47,3,28000.0
T000098,S003,C049,P002,4,520000,2026-08-01 08:57:50,sales_2026_08_01.csv,2026-08-01 08:57:50,4,520000.0
T000099,S002,C059,P011,2,75000,2026-08-01 09:17:53,sales_2026_08_01.csv,2026-08-01 09:17:53,2,75000.0
T000100,S003,C098,P011,2,75000,2026-08-01 18:34:51,sales_2026_08_01.csv,2026-08-01 18:34:51,2,75000.0
T000101,S004,C036,P029,2,32000,2026-08-01 17:59:39,sales_2026_08_01.csv,2026-08-01 17:59:39,2,32000.0
T000102,S004,C033,P025,2,210000,2026-08-01 15:41:48,sales_2026_08_01.csv,2026-08-01 15:41:48,2,210000.0
T000103,S001,C061,P027,2,18000,2026-08-01 10:55:28,sales_2026_08_01.csv,2026-08-01 10:55:28,2,18000.0
T000104,S005,C007,P001,4,450000,2026-08-01 18:39:39,sales_2026_08_01.csv,2026-08-01 18:39:39,4,450000.0
T000105,S002,C084,P012,2,12000,2026-08-01 16:33:58,sales_2026_08_01.csv,2026-08-01 16:33:58,2,12000.0
T000106,S001,C097,P003,2,15000,2026-08-01 15:53:08,sales_2026_08_01.csv,2026-08-01 15:53:08,2,15000.0
T000107,S002,C026,P001,4,450000,2026-08-01 12:56:34,sales_2026_08_01.csv,2026-08-01 12:56:34,4,450000.0
T000108,S001,C080,P027,3,18000,2026-08-01 10:59:40,sales_2026_08_01.csv,2026-08-01 10:59:40,3,18000.0
T000109,S002,C017,P005,1,120000,2026-08-01 09:03:37,sales_2026_08_01.csv,2026-08-01 09:03:37,1,120000.0
T000110,S001,C073,P016,2,95000,2026-08-01 17:55:43,sales_2026_08_01.csv,2026-08-01 17:55:43,2,95000.0
T000111,S004,C090,P007,1,165000,2026-08-01 13:00:48,sales_2026_08_01.csv,2026-08-01 13:00:48,1,165000.0
T000112,S003,C022,P009,3,45000,2026-08-01 10:13:33,sales_2026_08_01.csv,2026-08-01 10:13:33,3,45000.0
T000113,S005,C096,P020,3,180000,2026-08-01 11:21:55,sales_2026_08_01.csv,2026-08-01 11:21:55,3,180000.0
T000114,S001,C100,P023,4,22000,2026-08-01 14:22:17,sales_2026_08_01.csv,2026-08-01 14:22:17,4,22000.0
T000115,S002,C040,P027,3,18000,2026-08-01 09:56:40,sales_2026_08_01.csv,2026-08-01 09:56:40,3,18000.0
T000116,S005,C004,P004,2,25000,2026-08-01 17:25:21,sales_2026_08_01.csv,2026-08-01 17:25:21,2,25000.0
T000117,S003,C074,P030,1,50000,2026-08-01 16:20:37,sales_2026_08_01.csv,2026-08-01 16:20:37,1,50000.0
T000118,S004,C051,P022,2,18000,2026-08-01 15:54:50,sales_2026_08_01.csv,2026-08-01 15:54:50,2,18000.0
T000119,S002,C010,P023,3,22000,2026-08-01 12:45:10,sales_2026_08_01.csv,2026-08-01 12:45:10,3,22000.0
T000120,S002,C014,P019,2,55000,2026-08-01 14:54:01,sales_2026_08_01.csv,2026-08-01 14:54:01,2,55000.0
T000121,S003,C088,P023,1,22000,2026-08-01 14:25:30,sales_2026_08_01.csv,2026-08-01 14:25:30,1,22000.0
T000122,S001,C073,P020,1,180000,2026-08-01 15:08:53,sales_2026_08_01.csv,2026-08-01 15:08:53,1,180000.0
T000123,S001,C045,P026,3,30000,2026-08-01 08:55:43,sales_2026_08_01.csv,2026-08-01 08:55:43,3,30000.0
T000124,S004,C085,P018,4,25000,2026-08-01 12:34:25,sales_2026_08_01.csv,2026-08-01 12:34:25,4,25000.0
T000125,S001,C065,P012,4,12000,2026-08-01 08:27:27,sales_2026_08_01.csv,2026-08-01 08:27:27,4,12000.0
T000126,S003,C002,P021,1,10000,2026-08-01 13:26:02,sales_2026_08_01.csv,2026-08-01 13:26:02,1,10000.0
T000127,S004,C063,P028,1,28000,2026-08-01 11:37:42,sales_2026_08_01.csv,2026-08-01 11:37:42,1,28000.0
T000128,S004,C047,P004,3,25000,2026-08-01 09:35:23,sales_2026_08_01.csv,2026-08-01 09:35:23,3,25000.0
T000129,S004,C091,P021,3,10000,2026-08-01 09:08:14,sales_2026_08_01.csv,2026-08-01 09:08:14,3,10000.0
T000130,S004,C023,P005,1,120000,2026-08-01 14:27:50,sales_2026_08_01.csv,2026-08-01 14:27:50,1,120000.0
T000131,S005,C084,P024,4,40000,2026-08-01 09:52:35,sales_2026_08_01.csv,2026-08-01 09:52:35,4,40000.0
T000132,S005,C069,P009,2,45000,2026-08-01 18:10:34,sales_2026_08_01.csv,2026-08-01 18:10:34,2,45000.0
T000133,S004,C060,P025,4,210000,2026-08-01 14:23:30,sales_2026_08_01.csv,2026-08-01 14:23:30,4,210000.0
T000134,S005,C035,P014,2,7000,2026-08-01 11:48:56,sales_2026_08_01.csv,2026-08-01 11:48:56,2,7000.0
T000135,S002,C012,P011,3,75000,2026-08-01 14:30:00,sales_2026_08_01.csv,2026-08-01 14:30:00,3,75000.0
T000136,S004,C032,P009,2,45000,2026-08-01 08:15:03,sales_2026_08_01.csv,2026-08-01 08:15:03,2,45000.0
T000137,S004,C073,P025,1,210000,2026-08-01 18:32:38,sales_2026_08_01.csv,2026-08-01 18:32:38,1,210000.0
T000138,S004,C044,P020,2,180000,2026-08-01 13:18:19,sales_2026_08_01.csv,2026-08-01 13:18:19,2,180000.0
T000139,S004,C042,P001,2,450000,2026-08-01 16:36:36,sales_2026_08_01.csv,2026-08-01 16:36:36,2,450000.0
T000140,S004,C028,P006,1,280000,2026-08-01 08:54:36,sales_2026_08_01.csv,2026-08-01 08:54:36,1,280000.0
T000141,S003,C044,P012,2,12000,2026-08-01 13:21:11,sales_2026_08_01.csv,2026-08-01 13:21:11,2,12000.0
T000142,S005,C090,P009,3,45000,2026-08-01 13:23:51,sales_2026_08_01.csv,2026-08-01 13:23:51,3,45000.0
T000143,S003,C072,P029,2,32000,2026-08-01 18:18:57,sales_2026_08_01.csv,2026-08-01 18:18:57,2,32000.0
T000144,S005,C025,P001,1,450000,2026-08-01 14:17:20,sales_2026_08_01.csv,2026-08-01 14:17:20,1,450000.0
T000145,S002,C093,P003,3,15000,2026-08-01 13:12:30,sales_2026_08_01.csv,2026-08-01 13:12:30,3,15000.0
T000146,S004,C072,P014,4,7000,2026-08-01 10:56:12,sales_2026_08_01.csv,2026-08-01 10:56:12,4,7000.0
T000147,S002,C089,P025,4,210000,2026-08-01 11:38:50,sales_2026_08_01.csv,2026-08-01 11:38:50,4,210000.0
T000148,S004,C058,P016,3,95000,2026-08-01 13:43:38,sales_2026_08_01.csv,2026-08-01 13:43:38,3,95000.0
T000149,S001,C012,P026,4,30000,2026-08-01 12:49:40,sales_2026_08_01.csv,2026-08-01 12:49:40,4,30000.0
T000150,S002,C052,P010,2,8000,2026-08-01 08:14:15,sales_2026_08_01.csv,2026-08-01 08:14:15,2,8000.0
T000151,S002,C040,P023,2,22000,2026-08-01 17:05:21,sales_2026_08_01.csv,2026-08-01 17:05:21,2,22000.0
T000152,S005,C048,P022,1,18000,2026-08-01 17:51:27,sales_2026_08_01.csv,2026-08-01 17:51:27,1,18000.0
T000153,S005,C068,P016,3,95000,2026-08-01 09:32:33,sales_2026_08_01.csv,2026-08-01 09:32:33,3,95000.0
T000154,S004,C096,P012,2,12000,2026-08-01 14:05:39,sales_2026_08_01.csv,2026-08-01 14:05:39,2,12000.0
T000155,S003,C046,P018,2,25000,2026-08-01 09:11:39,sales_2026_08_01.csv,2026-08-01 09:11:39,2,25000.0
T000156,S004,C035,P023,3,22000,2026-08-01 15:23:40,sales_2026_08_01.csv,2026-08-01 15:23:40,3,22000.0
T000157,S003,C030,P010,1,8000,2026-08-01 11:05:36,sales_2026_08_01.csv,2026-08-01 11:05:36,1,8000.0
T000158,S002,C041,P004,1,25000,2026-08-01 15:15:13,sales_2026_08_01.csv,2026-08-01 15:15:13,1,25000.0
T000159,S005,C098,P004,3,25000,2026-08-01 15:59:48,sales_2026_08_01.csv,2026-08-01 15:59:48,3,25000.0
T000160,S002,C025,P023,4,22000,2026-08-01 16:27:18,sales_2026_08_01.csv,2026-08-01 16:27:18,4,22000.0
T000161,S004,C036,P007,2,165000,2026-08-01 09:11:06,sales_2026_08_01.csv,2026-08-01 09:11:06,2,165000.0
T000162,S005,C098,P024,3,40000,2026-08-01 18:04:34,sales_2026_08_01.csv,2026-08-01 18:04:34,3,40000.0
T000163,S005,C037,P017,4,85000,2026-08-01 10:31:56,sales_2026_08_01.csv,2026-08-01 10:31:56,4,85000.0
T000164,S002,C038,P004,1,25000,2026-08-01 08:24:41,sales_2026_08_01.csv,2026-08-01 08:24:41,1,25000.0
T000165,S003,C023,P008,1,390000,2026-08-01 14:06:12,sales_2026_08_01.csv,2026-08-01 14:06:12,1,390000.0
T000166,S001,C091,P010,3,8000,2026-08-01 12:04:48,sales_2026_08_01.csv,2026-08-01 12:04:48,3,8000.0
T000167,S002,C036,P018,2,25000,2026-08-01 17:07:39,sales_2026_08_01.csv,2026-08-01 17:07:39,2,25000.0
T000168,S001,C071,P002,2,520000,2026-08-01 16:53:26,sales_2026_08_01.csv,2026-08-01 16:53:26,2,520000.0
T000169,S002,C082,P010,4,8000,2026-08-01 11:29:18,sales_2026_08_01.csv,2026-08-01 11:29:18,4,8000.0
T000170,S004,C014,P028,1,28000,2026-08-01 18:28:54,sales_2026_08_01.csv,2026-08-01 18:28:54,1,28000.0
T000171,S001,C074,P028,3,28000,2026-08-01 11:12:00,sales_2026_08_01.csv,2026-08-01 11:12:00,3,28000.0
T000172,S004,C062,P010,3,8000,2026-08-01 13:39:56,sales_2026_08_01.csv,2026-08-01 13:39:56,3,8000.0
T000173,S003,C024,P015,4,30000,2026-08-01 10:48:56,sales_2026_08_01.csv,2026-08-01 10:48:56,4,30000.0
T000174,S003,C062,P002,4,520000,2026-08-01 18:17:47,sales_2026_08_01.csv,2026-08-01 18:17:47,4,520000.0
T000175,S001,C052,P004,1,25000,2026-08-01 09:48:38,sales_2026_08_01.csv,2026-08-01 09:48:38,1,25000.0
T000176,S001,C074,P016,3,95000,2026-08-01 08:29:38,sales_2026_08_01.csv,2026-08-01 08:29:38,3,95000.0
T000177,S001,C020,P021,2,10000,2026-08-01 12:47:09,sales_2026_08_01.csv,2026-08-01 12:47:09,2,10000.0
T000178,S005,C039,P005,4,120000,2026-08-01 18:54:58,sales_2026_08_01.csv,2026-08-01 18:54:58,4,120000.0
T000179,S002,C016,P003,1,15000,2026-08-01 17:48:30,sales_2026_08_01.csv,2026-08-01 17:48:30,1,15000.0
T000180,S004,C078,P018,1,25000,2026-08-01 16:14:04,sales_2026_08_01.csv,2026-08-01 16:14:04,1,25000.0
T000181,S005,C029,P020,4,180000,2026-08-01 17:47:55,sales_2026_08_01.csv,2026-08-01 17:47:55,4,180000.0
T000182,S005,C049,P025,1,210000,2026-08-01 17:49:40,sales_2026_08_01.csv,2026-08-01 17:49:40,1,210000.0
T000183,S004,C039,P015,1,30000,2026-08-01 13:42:26,sales_2026_08_01.csv,2026-08-01 13:42:26,1,30000.0
T000184,S005,C055,P028,2,28000,2026-08-01 11:28:30,sales_2026_08_01.csv,2026-08-01 11:28:30,2,28000.0
T000185,S005,C080,P010,1,8000,2026-08-01 16:29:31,sales_2026_08_01.csv,2026-08-01 16:29:31,1,8000.0
T000186,S005,C095,P002,2,520000,2026-08-01 15:16:41,sales_2026_08_01.csv,2026-08-01 15:16:41,2,520000.0
T000187,S002,C081,P004,2,25000,2026-08-01 12:06:36,sales_2026_08_01.csv,2026-08-01 12:06:36,2,25000.0
T000188,S003,C085,P007,4,165000,2026-08-01 09:02:20,sales_2026_08_01.csv,2026-08-01 09:02:20,4,165000.0
T000189,S002,C031,P003,3,15000,2026-08-01 16:12:52,sales_2026_08_01.csv,2026-08-01 16:12:52,3,15000.0
T000190,S005,C010,P006,2,280000,2026-08-01 10:53:13,sales_2026_08_01.csv,2026-08-01 10:53:13,2,280000.0
T000191,S001,C053,P006,1,280000,2026-08-01 18:18:17,sales_2026_08_01.csv,2026-08-01 18:18:17,1,280000.0
T000192,S005,C061,P015,4,30000,2026-08-01 10:39:02,sales_2026_08_01.csv,2026-08-01 10:39:02,4,30000.0
T000193,S001,C030,P010,1,8000,2026-08-01 09:21:01,sales_2026_08_01.csv,2026-08-01 09:21:01,1,8000.0
T000194,S003,C090,P010,1,8000,2026-08-01 17:08:32,sales_2026_08_01.csv,2026-08-01 17:08:32,1,8000.0
T000195,S004,C010,P028,4,28000,2026-08-01 09:41:10,sales_2026_08_01.csv,2026-08-01 09:41:10,4,28000.0
T000196,S002,C034,P022,3,18000,2026-08-01 09:58:19,sales_2026_08_01.csv,2026-08-01 09:58:19,3,18000.0
T000197,S005,C085,P026,2,30000,2026-08-01 14:35:35,sales_2026_08_01.csv,2026-08-01 14:35:35,2,30000.0
T000198,S002,C055,P026,3,30000,2026-08-01 17:37:12,sales_2026_08_01.csv,2026-08-01 17:37:12,3,30000.0
T000199,S005,C029,P004,1,25000,2026-08-01 10:09:38,sales_2026_08_01.csv,2026-08-01 10:09:38,1,25000.0
T000200,S002,C035,P021,2,10000,2026-08-01 11:24:48,sales_2026_08_01.csv,2026-08-01 11:24:48,2,10000.0
T000201,S002,C010,P027,4,18000,2026-08-01 16:33:05,sales_2026_08_01.csv,2026-08-01 16:33:05,4,18000.0
T000202,S002,C040,P002,2,520000,2026-08-01 18:41:24,sales_2026_08_01.csv,2026-08-01 18:41:24,2,520000.0
T000203,S005,C037,P020,2,180000,2026-08-01 13:30:29,sales_2026_08_01.csv,2026-08-01 13:30:29,2,180000.0
T000204,S001,C060,P015,2,30000,2026-08-01 09:34:58,sales_2026_08_01.csv,2026-08-01 09:34:58,2,30000.0
T000205,S003,C090,P023,4,22000,2026-08-01 08:09:11,sales_2026_08_01.csv,2026-08-01 08:09:11,4,22000.0
T000206,S003,C065,P013,1,35000,2026-08-01 10:31:34,sales_2026_08_01.csv,2026-08-01 10:31:34,1,35000.0
T000207,S004,C057,P018,2,25000,2026-08-01 09:27:00,sales_2026_08_01.csv,2026-08-01 09:27:00,2,25000.0
T000208,S005,C006,P003,1,15000,2026-08-01 15:27:15,sales_2026_08_01.csv,2026-08-01 15:27:15,1,15000.0
T000209,S004,C095,P029,4,32000,2026-08-01 09:20:24,sales_2026_08_01.csv,2026-08-01 09:20:24,4,32000.0
T000210,S005,C033,P011,2,75000,2026-08-01 13:34:10,sales_2026_08_01.csv,2026-08-01 13:34:10,2,75000.0
T000211,S001,C030,P001,4,450000,2026-08-01 15:38:12,sales_2026_08_01.csv,2026-08-01 15:38:12,4,450000.0
T000212,S005,C076,P022,4,18000,2026-08-01 14:23:32,sales_2026_08_01.csv,2026-08-01 14:23:32,4,18000.0
T000213,S003,C074,P001,2,450000,2026-08-01 10:11:51,sales_2026_08_01.csv,2026-08-01 10:11:51,2,450000.0
T000214,S002,C061,P002,4,520000,2026-08-01 16:50:43,sales_2026_08_01.csv,2026-08-01 16:50:43,4,520000.0
T000215,S004,C036,P017,1,85000,2026-08-01 15:52:10,sales_2026_08_01.csv,2026-08-01 15:52:10,1,85000.0
T000216,S005,C056,P006,1,280000,2026-08-01 16:07:43,sales_2026_08_01.csv,2026-08-01 16:07:43,1,280000.0
T000217,S004,C012,P021,4,10000,2026-08-01 09:26:29,sales_2026_08_01.csv,2026-08-01 09:26:29,4,10000.0
T000218,S003,C053,P016,2,95000,2026-08-01 09:21:40,sales_2026_08_01.csv,2026-08-01 09:21:40,2,95000.0
T000219,S003,C086,P011,3,75000,2026-08-01 18:12:11,sales_2026_08_01.csv,2026-08-01 18:12:11,3,75000.0
T000220,S002,C043,P004,1,25000,2026-08-01 12:22:24,sales_2026_08_01.csv,2026-08-01 12:22:24,1,25000.0
T000221,S004,C037,P014,4,7000,2026-08-01 11:18:37,sales_2026_08_01.csv,2026-08-01 11:18:37,4,7000.0
T000222,S004,C098,P022,1,18000,2026-08-01 13:22:27,sales_2026_08_01.csv,2026-08-01 13:22:27,1,18000.0
T000223,S001,C059,P018,3,25000,2026-08-01 15:17:29,sales_2026_08_01.csv,2026-08-01 15:17:29,3,25000.0
T000224,S003,C033,P003,2,15000,2026-08-01 18:30:42,sales_2026_08_01.csv,2026-08-01 18:30:42,2,15000.0
T000225,S001,C099,P011,3,75000,2026-08-01 11:09:03,sales_2026_08_01.csv,2026-08-01 11:09:03,3,75000.0
T000226,S005,C001,P013,4,35000,2026-08-01 18:10:22,sales_2026_08_01.csv,2026-08-01 18:10:22,4,35000.0
T000227,S005,C060,P022,2,18000,2026-08-01 08:16:24,sales_2026_08_01.csv,2026-08-01 08:16:24,2,18000.0
T000228,S001,C025,P014,3,7000,2026-08-01 14:06:25,sales_2026_08_01.csv,2026-08-01 14:06:25,3,7000.0
T000229,S003,C080,P017,1,85000,2026-08-01 14:58:25,sales_2026_08_01.csv,2026-08-01 14:58:25,1,85000.0
T000230,S004,C081,P025,4,210000,2026-08-01 09:09:53,sales_2026_08_01.csv,2026-08-01 09:09:53,4,210000.0
T000231,S001,C027,P015,3,30000,2026-08-01 09:32:37,sales_2026_08_01.csv,2026-08-01 09:32:37,3,30000.0
T000232,S005,C017,P009,3,45000,2026-08-01 12:36:36,sales_2026_08_01.csv,2026-08-01 12:36:36,3,45000.0
T000233,S003,C057,P030,1,50000,2026-08-01 18:37:42,sales_2026_08_01.csv,2026-08-01 18:37:42,1,50000.0
T000234,S004,C016,P029,1,32000,2026-08-01 14:33:23,sales_2026_08_01.csv,2026-08-01 14:33:23,1,32000.0
T000235,S005,C031,P001,1,450000,2026-08-01 18:15:47,sales_2026_08_01.csv,2026-08-01 18:15:47,1,450000.0
T000236,S002,C040,P023,3,22000,2026-08-01 16:50:52,sales_2026_08_01.csv,2026-08-01 16:50:52,3,22000.0
T000237,S001,C071,P018,2,25000,2026-08-01 13:08:28,sales_2026_08_01.csv,2026-08-01 13:08:28,2,25000.0
T000238,S001,C029,P014,3,7000,2026-08-01 16:37:56,sales_2026_08_01.csv,2026-08-01 16:37:56,3,7000.0
T000239,S001,C060,P027,4,18000,2026-08-01 08:11:46,sales_2026_08_01.csv,2026-08-01 08:11:46,4,18000.0
T000240,S002,C064,P004,3,25000,2026-08-01 09:12:02,sales_2026_08_01.csv,2026-08-01 09:12:02,3,25000.0
T000241,S003,C066,P030,2,50000,2026-08-01 17:07:25,sales_2026_08_01.csv,2026-08-01 17:07:25,2,50000.0
T000242,S003,C054,P023,2,22000,2026-08-01 16:45:53,sales_2026_08_01.csv,2026-08-01 16:45:53,2,22000.0
T000243,S004,C061,P027,2,18000,2026-08-01 10:33:32,sales_2026_08_01.csv,2026-08-01 10:33:32,2,18000.0
T000244,S004,C071,P008,2,390000,2026-08-01 13:50:18,sales_2026_08_01.csv,2026-08-01 13:50:18,2,390000.0
T000245,S004,C025,P005,4,120000,2026-08-01 14:39:58,sales_2026_08_01.csv,2026-08-01 14:39:58,4,120000.0
T000246,S005,C066,P030,4,50000,2026-08-01 17:32:42,sales_2026_08_01.csv,2026-08-01 17:32:42,4,50000.0
T000247,S002,C009,P024,4,40000,2026-08-01 14:38:03,sales_2026_08_01.csv,2026-08-01 14:38:03,4,40000.0
T000248,S004,C044,P009,2,45000,2026-08-01 12:32:17,sales_2026_08_01.csv,2026-08-01 12:32:17,2,45000.0
T000249,S005,C035,P030,1,50000,2026-08-01 12:06:57,sales_2026_08_01.csv,2026-08-01 12:06:57,1,50000.0
T000250,S001,C037,P027,4,18000,2026-08-01 12:41:04,sales_2026_08_01.csv,2026-08-01 12:41:04,4,18000.0
T000251,S003,C076,P024,1,40000,2026-08-01 15:10:16,sales_2026_08_01.csv,2026-08-01 15:10:16,1,40000.0
T000252,S004,C020,P019,4,55000,2026-08-01 17:32:32,sales_2026_08_01.csv,2026-08-01 17:32:32,4,55000.0
T000253,S005,C062,P015,2,30000,2026-08-01 12:59:34,sales_2026_08_01.csv,2026-08-01 12:59:34,2,30000.0
T000254,S003,C071,P012,3,12000,2026-08-01 10:43:34,sales_2026_08_01.csv,2026-08-01 10:43:34,3,12000.0
T000255,S005,C049,P025,2,210000,2026-08-01 10:36:11,sales_2026_08_01.csv,2026-08-01 10:36:11,2,210000.0
T000256,S003,C025,P015,4,30000,2026-08-01 16:12:22,sales_2026_08_01.csv,2026-08-01 16:12:22,4,30000.0
T000257,S002,C074,P023,4,22000,2026-08-01 16:58:56,sales_2026_08_01.csv,2026-08-01 16:58:56,4,22000.0
T000258,S002,C100,P013,4,35000,2026-08-01 09:09:29,sales_2026_08_01.csv,2026-08-01 09:09:29,4,35000.0
T000259,S001,C041,P014,4,7000,2026-08-01 08:43:55,sales_2026_08_01.csv,2026-08-01 08:43:55,4,7000.0
T000260,S004,C091,P024,2,40000,2026-08-01 14:32:19,sales_2026_08_01.csv,2026-08-01 14:32:19,2,40000.0
T000261,S004,C050,P030,2,50000,2026-08-01 09:36:28,sales_2026_08_01.csv,2026-08-01 09:36:28,2,50000.0
T000262,S002,C064,P022,1,18000,2026-08-01 17:04:16,sales_2026_08_01.csv,2026-08-01 17:04:16,1,18000.0
T000263,S002,C065,P002,2,520000,2026-08-01 11:24:49,sales_2026_08_01.csv,2026-08-01 11:24:49,2,520000.0
T000264,S003,C013,P019,4,55000,2026-08-01 09:34:57,sales_2026_08_01.csv,2026-08-01 09:34:57,4,55000.0
T000265,S004,C013,P028,4,28000,2026-08-01 18:07:50,sales_2026_08_01.csv,2026-08-01 18:07:50,4,28000.0
T000266,S004,C002,P017,3,85000,2026-08-01 09:49:15,sales_2026_08_01.csv,2026-08-01 09:49:15,3,85000.0
T000267,S002,C053,P024,1,40000,2026-08-01 11:07:54,sales_2026_08_01.csv,2026-08-01 11:07:54,1,40000.0
T000268,S002,C010,P028,3,28000,2026-08-01 09:41:23,sales_2026_08_01.csv,2026-08-01 09:41:23,3,28000.0
T000269,S003,C044,P016,2,95000,2026-08-01 09:16:13,sales_2026_08_01.csv,2026-08-01 09:16:13,2,95000.0
T000270,S004,C084,P020,3,180000,2026-08-01 08:13:57,sales_2026_08_01.csv,2026-08-01 08:13:57,3,180000.0
T000271,S003,C087,P003,3,15000,2026-08-01 08:36:33,sales_2026_08_01.csv,2026-08-01 08:36:33,3,15000.0
T000272,S005,C049,P028,1,28000,2026-08-01 09:55:15,sales_2026_08_01.csv,2026-08-01 09:55:15,1,28000.0
T000273,S004,C070,P011,4,75000,2026-08-01 08:35:13,sales_2026_08_01.csv,2026-08-01 08:35:13,4,75000.0
T000274,S005,C009,P002,2,520000,2026-08-01 14:30:09,sales_2026_08_01.csv,2026-08-01 14:30:09,2,520000.0
T000275,S003,C030,P008,3,390000,2026-08-01 15:29:16,sales_2026_08_01.csv,2026-08-01 15:29:16,3,390000.0
T000276,S001,C056,P024,4,40000,2026-08-01 12:19:47,sales_2026_08_01.csv,2026-08-01 12:19:47,4,40000.0
T000277,S001,C057,P004,4,25000,2026-08-01 11:29:52,sales_2026_08_01.csv,2026-08-01 11:29:52,4,25000.0
T000278,S003,C004,P006,4,280000,2026-08-01 13:32:59,sales_2026_08_01.csv,2026-08-01 13:32:59,4,280000.0
T000279,S003,C008,P002,3,520000,2026-08-01 17:37:30,sales_2026_08_01.csv,2026-08-01 17:37:30,3,520000.0
T000280,S003,C048,P010,4,8000,2026-08-01 17:21:44,sales_2026_08_01.csv,2026-08-01 17:21:44,4,8000.0
T000281,S002,C032,P014,3,7000,2026-08-01 08:28:41,sales_2026_08_01.csv,2026-08-01 08:28:41,3,7000.0
T000282,S004,C073,P017,2,85000,2026-08-01 09:59:47,sales_2026_08_01.csv,2026-08-01 09:59:47,2,85000.0
T000283,S002,C022,P022,4,18000,2026-08-01 10:36:15,sales_2026_08_01.csv,2026-08-01 10:36:15,4,18000.0
T000284,S001,C079,P006,1,280000,2026-08-01 10:44:35,sales_2026_08_01.csv,2026-08-01 10:44:35,1,280000.0
T000285,S004,C080,P028,3,28000,2026-08-01 14:17:00,sales_2026_08_01.csv,2026-08-01 14:17:00,3,28000.0
T000286,S002,C064,P022,4,18000,2026-08-01 12:34:43,sales_2026_08_01.csv,2026-08-01 12:34:43,4,18000.0
T000287,S005,C019,P030,2,50000,2026-08-01 08:32:30,sales_2026_08_01.csv,2026-08-01 08:32:30,2,50000.0
T000288,S004,C082,P008,1,390000,2026-08-01 12:06:35,sales_2026_08_01.csv,2026-08-01 12:06:35,1,390000.0
T000289,S004,C033,P009,4,45000,2026-08-01 13:45:40,sales_2026_08_01.csv,2026-08-01 13:45:40,4,45000.0
T000290,S001,C060,P022,4,18000,2026-08-01 09:07:06,sales_2026_08_01.csv,2026-08-01 09:07:06,4,18000.0
T000291,S003,C087,P029,1,32000,2026-08-01 17:10:04,sales_2026_08_01.csv,2026-08-01 17:10:04,1,32000.0
T000292,S002,C010,P018,1,25000,2026-08-01 08:34:17,sales_2026_08_01.csv,2026-08-01 08:34:17,1,25000.0
T000293,S003,C076,P015,2,30000,2026-08-01 18:10:23,sales_2026_08_01.csv,2026-08-01 18:10:23,2,30000.0
T000294,S004,C089,P010,3,8000,2026-08-01 09:05:24,sales_2026_08_01.csv,2026-08-01 09:05:24,3,8000.0
T000295,S004,C039,P009,4,45000,2026-08-01 17:16:45,sales_2026_08_01.csv,2026-08-01 17:16:45,4,45000.0
T000296,S004,C062,P007,4,165000,2026-08-01 17:55:45,sales_2026_08_01.csv,2026-08-01 17:55:45,4,165000.0
T000297,S002,C049,P004,1,25000,2026-08-01 18:46:30,sales_2026_08_01.csv,2026-08-01 18:46:30,1,25000.0
T000298,S003,C074,P019,2,55000,2026-08-01 16:49:20,sales_2026_08_01.csv,2026-08-01 16:49:20,2,55000.0
T000299,S003,C003,P010,3,8000,2026-08-01 16:34:27,sales_2026_08_01.csv,2026-08-01 16:34:27,3,8000.0
T000300,S004,C036,P027,3,18000,2026-08-01 15:04:02,sales_2026_08_01.csv,2026-08-01 15:04:02,3,18000.0
T000301,S005,C088,P001,3,450000,2026-08-01 16:34:08,sales_2026_08_01.csv,2026-08-01 16:34:08,3,450000.0
T000302,S001,C078,P025,3,210000,2026-08-01 09:28:48,sales_2026_08_01.csv,2026-08-01 09:28:48,3,210000.0
T000303,S004,C037,P024,4,40000,2026-08-01 13:53:48,sales_2026_08_01.csv,2026-08-01 13:53:48,4,40000.0
T000304,S002,C078,P025,2,210000,2026-08-01 13:39:23,sales_2026_08_01.csv,2026-08-01 13:39:23,2,210000.0
T000305,S003,C029,P026,4,30000,2026-08-01 17:25:59,sales_2026_08_01.csv,2026-08-01 17:25:59,4,30000.0
T000306,S002,C080,P021,4,10000,2026-08-01 13:05:26,sales_2026_08_01.csv,2026-08-01 13:05:26,4,10000.0
T000307,S002,C081,P009,4,45000,2026-08-01 12:14:09,sales_2026_08_01.csv,2026-08-01 12:14:09,4,45000.0
T000308,S001,C040,P004,3,25000,2026-08-01 15:02:06,sales_2026_08_01.csv,2026-08-01 15:02:06,3,25000.0
T000309,S004,C005,P026,1,30000,2026-08-01 10:55:51,sales_2026_08_01.csv,2026-08-01 10:55:51,1,30000.0
T000310,S003,C094,P019,1,55000,2026-08-01 09:32:14,sales_2026_08_01.csv,2026-08-01 09:32:14,1,55000.0
T000311,S001,C038,P005,2,120000,2026-08-01 13:15:23,sales_2026_08_01.csv,2026-08-01 13:15:23,2,120000.0
T000312,S004,C023,P011,1,75000,2026-08-01 12:35:08,sales_2026_08_01.csv,2026-08-01 12:35:08,1,75000.0
T000313,S002,C070,P007,3,165000,2026-08-01 10:33:29,sales_2026_08_01.csv,2026-08-01 10:33:29,3,165000.0
T000314,S003,C068,P029,2,32000,2026-08-01 12:02:33,sales_2026_08_01.csv,2026-08-01 12:02:33,2,32000.0
T000315,S003,C022,P017,3,85000,2026-08-01 12:01:49,sales_2026_08_01.csv,2026-08-01 12:01:49,3,85000.0
T000316,S004,C038,P009,3,45000,2026-08-01 11:36:08,sales_2026_08_01.csv,2026-08-01 11:36:08,3,45000.0
T000317,S003,C015,P024,2,40000,2026-08-01 12:10:26,sales_2026_08_01.csv,2026-08-01 12:10:26,2,40000.0
T000318,S001,C019,P015,1,30000,2026-08-01 15:32:35,sales_2026_08_01.csv,2026-08-01 15:32:35,1,30000.0
T000319,S002,C087,P025,1,210000,2026-08-01 11:15:56,sales_2026_08_01.csv,2026-08-01 11:15:56,1,210000.0
T000320,S004,C072,P024,4,40000,2026-08-01 18:26:14,sales_2026_08_01.csv,2026-08-01 18:26:14,4,40000.0
T000321,S001,C051,P012,3,12000,2026-08-01 18:04:47,sales_2026_08_01.csv,2026-08-01 18:04:47,3,12000.0
T000322,S003,C069,P001,4,450000,2026-08-01 13:17:24,sales_2026_08_01.csv,2026-08-01 13:17:24,4,450000.0
T000323,S004,C048,P004,4,25000,2026-08-01 11:36:43,sales_2026_08_01.csv,2026-08-01 11:36:43,4,25000.0
T000324,S003,C075,P022,2,18000,2026-08-01 13:53:23,sales_2026_08_01.csv,2026-08-01 13:53:23,2,18000.0
T000325,S003,C014,P013,4,35000,2026-08-01 17:20:02,sales_2026_08_01.csv,2026-08-01 17:20:02,4,35000.0
T000326,S002,C061,P022,2,18000,2026-08-01 15:10:42,sales_2026_08_01.csv,2026-08-01 15:10:42,2,18000.0
T000327,S005,C072,P001,1,450000,2026-08-01 16:50:53,sales_2026_08_01.csv,2026-08-01 16:50:53,1,450000.0
T000328,S005,C029,P011,3,75000,2026-08-01 13:51:35,sales_2026_08_01.csv,2026-08-01 13:51:35,3,75000.0
T000329,S001,C082,P021,4,10000,2026-08-01 14:57:43,sales_2026_08_01.csv,2026-08-01 14:57:43,4,10000.0
T000330,S004,C090,P027,1,18000,2026-08-01 11:10:10,sales_2026_08_01.csv,2026-08-01 11:10:10,1,18000.0
T000331,S004,C015,P010,1,8000,2026-08-01 16:05:01,sales_2026_08_01.csv,2026-08-01 16:05:01,1,8000.0
T000332,S001,C005,P005,1,120000,2026-08-01 10:13:35,sales_2026_08_01.csv,2026-08-01 10:13:35,1,120000.0
T000333,S004,C015,P010,3,8000,2026-08-01 15:38:34,sales_2026_08_01.csv,2026-08-01 15:38:34,3,8000.0
T000334,S002,C069,P004,3,25000,2026-08-01 17:28:04,sales_2026_08_01.csv,2026-08-01 17:28:04,3,25000.0
T000335,S004,C059,P005,4,120000,2026-08-01 09:27:11,sales_2026_08_01.csv,2026-08-01 09:27:11,4,120000.0
T000336,S005,C054,P012,4,12000,2026-08-01 14:45:29,sales_2026_08_01.csv,2026-08-01 14:45:29,4,12000.0
T000337,S002,C054,P019,3,55000,2026-08-01 09:02:45,sales_2026_08_01.csv,2026-08-01 09:02:45,3,55000.0
T000338,S001,C063,P021,3,10000,2026-08-01 15:58:58,sales_2026_08_01.csv,2026-08-01 15:58:58,3,10000.0
T000339,S004,C036,P020,3,180000,2026-08-01 08:55:45,sales_2026_08_01.csv,2026-08-01 08:55:45,3,180000.0
T000340,S003,C028,P002,3,520000,2026-08-01 18:17:43,sales_2026_08_01.csv,2026-08-01 18:17:43,3,520000.0
T000341,S004,C031,P015,3,30000,2026-08-01 09:30:41,sales_2026_08_01.csv,2026-08-01 09:30:41,3,30000.0
T000342,S003,C013,P028,4,28000,2026-08-01 18:32:51,sales_2026_08_01.csv,2026-08-01 18:32:51,4,28000.0
T000343,S003,C070,P022,1,18000,2026-08-01 16:48:35,sales_2026_08_01.csv,2026-08-01 16:48:35,1,18000.0
T000344,S003,C008,P029,2,32000,2026-08-01 14:31:49,sales_2026_08_01.csv,2026-08-01 14:31:49,2,32000.0
T000345,S003,C025,P013,2,35000,2026-08-01 16:36:31,sales_2026_08_01.csv,2026-08-01 16:36:31,2,35000.0
T000346,S004,C012,P004,4,25000,2026-08-01 16:44:46,sales_2026_08_01.csv,2026-08-01 16:44:46,4,25000.0
T000347,S002,C083,P022,4,18000,2026-08-01 18:24:22,sales_2026_08_01.csv,2026-08-01 18:24:22,4,18000.0
T000348,S005,C003,P021,1,10000,2026-08-01 10:47:13,sales_2026_08_01.csv,2026-08-01 10:47:13,1,10000.0
T000349,S003,C032,P002,3,520000,2026-08-01 14:29:27,sales_2026_08_01.csv,2026-08-01 14:29:27,3,520000.0
T000350,S005,C027,P005,1,120000,2026-08-01 09:02:43,sales_2026_08_01.csv,2026-08-01 09:02:43,1,120000.0
T000351,S005,C027,P003,3,15000,2026-08-01 14:46:40,sales_2026_08_01.csv,2026-08-01 14:46:40,3,15000.0
T000352,S002,C030,P019,1,55000,2026-08-01 09:53:03,sales_2026_08_01.csv,2026-08-01 09:53:03,1,55000.0
T000353,S002,C077,P011,1,75000,2026-08-01 14:12:52,sales_2026_08_01.csv,2026-08-01 14:12:52,1,75000.0
T000354,S003,C019,P001,1,450000,2026-08-01 14:17:48,sales_2026_08_01.csv,2026-08-01 14:17:48,1,450000.0
T000355,S005,C033,P005,2,120000,2026-08-01 13:07:33,sales_2026_08_01.csv,2026-08-01 13:07:33,2,120000.0
T000356,S002,C015,P026,3,30000,2026-08-01 13:44:56,sales_2026_08_01.csv,2026-08-01 13:44:56,3,30000.0
T000357,S001,C017,P022,3,18000,2026-08-01 16:24:11,sales_2026_08_01.csv,2026-08-01 16:24:11,3,18000.0
T000358,S003,C031,P001,4,450000,2026-08-01 16:47:30,sales_2026_08_01.csv,2026-08-01 16:47:30,4,450000.0
T000359,S003,C003,P019,3,55000,2026-08-01 13:24:49,sales_2026_08_01.csv,2026-08-01 13:24:49,3,55000.0
T000360,S003,C007,P006,1,280000,2026-08-01 14:35:43,sales_2026_08_01.csv,2026-08-01 14:35:43,1,280000.0
T000361,S004,C068,P005,1,120000,2026-08-01 18:14:36,sales_2026_08_01.csv,2026-08-01 18:14:36,1,120000.0
T000362,S001,C061,P004,4,25000,2026-08-01 09:19:01,sales_2026_08_01.csv,2026-08-01 09:19:01,4,25000.0
T000363,S003,C066,P015,4,30000,2026-08-01 09:17:17,sales_2026_08_01.csv,2026-08-01 09:17:17,4,30000.0
T000364,S001,C058,P019,3,55000,2026-08-01 08:57:53,sales_2026_08_01.csv,2026-08-01 08:57:53,3,55000.0
T000365,S002,C079,P017,2,85000,2026-08-01 15:14:11,sales_2026_08_01.csv,2026-08-01 15:14:11,2,85000.0
T000366,S005,C039,P002,3,520000,2026-08-01 12:36:16,sales_2026_08_01.csv,2026-08-01 12:36:16,3,520000.0
T000367,S001,C008,P015,4,30000,2026-08-01 16:31:03,sales_2026_08_01.csv,2026-08-01 16:31:03,4,30000.0
T000368,S004,C055,P016,1,95000,2026-08-01 15:23:00,sales_2026_08_01.csv,2026-08-01 15:23:00,1,95000.0
T000369,S001,C063,P022,3,18000,2026-08-01 11:40:12,sales_2026_08_01.csv,2026-08-01 11:40:12,3,18000.0
T000370,S004,C010,P023,3,22000,2026-08-01 17:52:55,sales_2026_08_01.csv,2026-08-01 17:52:55,3,22000.0
T000371,S001,C042,P029,4,32000,2026-08-01 16:23:16,sales_2026_08_01.csv,2026-08-01 16:23:16,4,32000.0
T000372,S002,C009,P020,3,180000,2026-08-01 10:58:33,sales_2026_08_01.csv,2026-08-01 10:58:33,3,180000.0
T000373,S003,C080,P005,4,120000,2026-08-01 12:00:22,sales_2026_08_01.csv,2026-08-01 12:00:22,4,120000.0
T000374,S005,C071,P021,3,10000,2026-08-01 11:27:31,sales_2026_08_01.csv,2026-08-01 11:27:31,3,10000.0
T000375,S003,C049,P023,2,22000,2026-08-01 09:44:01,sales_2026_08_01.csv,2026-08-01 09:44:01,2,22000.0
T000376,S005,C038,P020,4,180000,2026-08-01 09:37:32,sales_2026_08_01.csv,2026-08-01 09:37:32,4,180000.0
T000377,S005,C078,P015,1,30000,2026-08-01 18:17:50,sales_2026_08_01.csv,2026-08-01 18:17:50,1,30000.0
T000378,S001,C090,P014,3,7000,2026-08-01 12:49:00,sales_2026_08_01.csv,2026-08-01 12:49:00,3,7000.0
T000379,S005,C093,P004,3,25000,2026-08-01 12:12:59,sales_2026_08_01.csv,2026-08-01 12:12:59,3,25000.0
T000380,S002,C056,P028,1,28000,2026-08-01 16:01:35,sales_2026_08_01.csv,2026-08-01 16:01:35,1,28000.0
T000381,S002,C053,P015,1,30000,2026-08-01 14:04:58,sales_2026_08_01.csv,2026-08-01 14:04:58,1,30000.0
T000382,S004,C052,P011,4,75000,2026-08-01 18:17:51,sales_2026_08_01.csv,2026-08-01 18:17:51,4,75000.0
T000383,S001,C041,P014,2,7000,2026-08-01 16:34:59,sales_2026_08_01.csv,2026-08-01 16:34:59,2,7000.0
T000384,S003,C086,P014,3,7000,2026-08-01 13:16:23,sales_2026_08_01.csv,2026-08-01 13:16:23,3,7000.0
T000385,S003,C020,P009,1,45000,2026-08-01 12:08:23,sales_2026_08_01.csv,2026-08-01 12:08:23,1,45000.0
T000386,S004,C009,P022,3,18000,2026-08-01 18:51:10,sales_2026_08_01.csv,2026-08-01 18:51:10,3,18000.0
T000387,S001,C012,P003,1,15000,2026-08-01 15:53:43,sales_2026_08_01.csv,2026-08-01 15:53:43,1,15000.0
T000388,S001,C096,P014,4,7000,2026-08-01 18:27:47,sales_2026_08_01.csv,2026-08-01 18:27:47,4,7000.0
T000389,S003,C017,P024,2,40000,2026-08-01 09:18:11,sales_2026_08_01.csv,2026-08-01 09:18:11,2,40000.0
T000390,S001,C076,P018,2,25000,2026-08-01 17:21:21,sales_2026_08_01.csv,2026-08-01 17:21:21,2,25000.0
T000391,S005,C043,P018,4,25000,2026-08-01 15:00:28,sales_2026_08_01.csv,2026-08-01 15:00:28,4,25000.0
T000392,S001,C053,P022,1,18000,2026-08-01 09:20:28,sales_2026_08_01.csv,2026-08-01 09:20:28,1,18000.0
T000393,S004,C093,P012,2,12000,2026-08-01 14:28:15,sales_2026_08_01.csv,2026-08-01 14:28:15,2,12000.0
T000394,S003,C077,P002,1,520000,2026-08-01 15:32:49,sales_2026_08_01.csv,2026-08-01 15:32:49,1,520000.0
T000395,S003,C014,P010,3,8000,2026-08-01 08:08:07,sales_2026_08_01.csv,2026-08-01 08:08:07,3,8000.0
T000396,S005,C028,P019,1,55000,2026-08-01 12:59:50,sales_2026_08_01.csv,2026-08-01 12:59:50,1,55000.0
T000397,S004,C029,P005,3,120000,2026-08-01 17:04:45,sales_2026_08_01.csv,2026-08-01 17:04:45,3,120000.0
T000398,S001,C045,P028,2,28000,2026-08-01 11:14:56,sales_2026_08_01.csv,2026-08-01 11:14:56,2,28000.0
T000399,S005,C048,P028,4,28000,2026-08-01 13:02:38,sales_2026_08_01.csv,2026-08-01 13:02:38,4,28000.0
T000400,S003,C074,P004,2,25000,2026-08-01 12:51:55,sales_2026_08_01.csv,2026-08-01 12:51:55,2,25000.0
T000401,S004,C072,P008,1,390000,2026-08-01 11:19:16,sales_2026_08_01.csv,2026-08-01 11:19:16,1,390000.0
T000402,S005,C079,P025,3,210000,2026-08-01 18:06:10,sales_2026_08_01.csv,2026-08-01 18:06:10,3,210000.0
T000403,S005,C004,P022,3,18000,2026-08-01 16:35:39,sales_2026_08_01.csv,2026-08-01 16:35:39,3,18000.0
T000404,S003,C004,P020,3,180000,2026-08-01 09:12:59,sales_2026_08_01.csv,2026-08-01 09:12:59,3,180000.0
T000405,S003,C090,P006,2,280000,2026-08-01 18:58:02,sales_2026_08_01.csv,2026-08-01 18:58:02,2,280000.0
T000406,S003,C044,P025,1,210000,2026-08-01 17:40:16,sales_2026_08_01.csv,2026-08-01 17:40:16,1,210000.0
T000407,S001,C024,P012,3,12000,2026-08-01 11:07:22,sales_2026_08_01.csv,2026-08-01 11:07:22,3,12000.0
T000408,S002,C073,P028,4,28000,2026-08-01 17:12:21,sales_2026_08_01.csv,2026-08-01 17:12:21,4,28000.0
T000409,S004,C009,P022,1,18000,2026-08-01 09:10:14,sales_2026_08_01.csv,2026-08-01 09:10:14,1,18000.0
T000410,S001,C012,P005,3,120000,2026-08-01 18:59:24,sales_2026_08_01.csv,2026-08-01 18:59:24,3,120000.0
T000411,S005,C028,P024,1,40000,2026-08-01 15:19:21,sales_2026_08_01.csv,2026-08-01 15:19:21,1,40000.0
T000412,S004,C059,P013,1,35000,2026-08-01 15:09:04,sales_2026_08_01.csv,2026-08-01 15:09:04,1,35000.0
T000413,S002,C048,P011,3,75000,2026-08-01 08:59:41,sales_2026_08_01.csv,2026-08-01 08:59:41,3,75000.0
T000414,S003,C100,P010,3,8000,2026-08-01 17:52:02,sales_2026_08_01.csv,2026-08-01 17:52:02,3,8000.0
T000415,S005,C011,P019,4,55000,2026-08-01 08:19:08,sales_2026_08_01.csv,2026-08-01 08:19:08,4,55000.0
T000416,S001,C020,P029,1,32000,2026-08-01 10:38:56,sales_2026_08_01.csv,2026-08-01 10:38:56,1,32000.0
T000417,S005,C007,P006,2,280000,2026-08-01 09:34:23,sales_2026_08_01.csv,2026-08-01 09:34:23,2,280000.0
T000418,S001,C035,P022,4,18000,2026-08-01 16:32:40,sales_2026_08_01.csv,2026-08-01 16:32:40,4,18000.0
T000419,S004,C063,P015,4,30000,2026-08-01 10:10:48,sales_2026_08_01.csv,2026-08-01 10:10:48,4,30000.0
T000420,S004,C054,P020,1,180000,2026-08-01 18:01:01,sales_2026_08_01.csv,2026-08-01 18:01:01,1,180000.0
T000421,S002,C097,P009,2,45000,2026-08-01 15:13:08,sales_2026_08_01.csv,2026-08-01 15:13:08,2,45000.0
T000422,S001,C045,P017,4,85000,2026-08-01 08:23:52,sales_2026_08_01.csv,2026-08-01 08:23:52,4,85000.0
T000423,S001,C037,P014,1,7000,2026-08-01 08:03:35,sales_2026_08_01.csv,2026-08-01 08:03:35,1,7000.0
T000424,S005,C063,P022,1,18000,2026-08-01 08:34:05,sales_2026_08_01.csv,2026-08-01 08:34:05,1,18000.0
T000425,S003,C006,P017,4,85000,2026-08-01 14:39:54,sales_2026_08_01.csv,2026-08-01 14:39:54,4,85000.0
T000426,S004,C077,P008,4,390000,2026-08-01 16:48:58,sales_2026_08_01.csv,2026-08-01 16:48:58,4,390000.0
T000427,S001,C027,P002,4,520000,2026-08-01 10:37:26,sales_2026_08_01.csv,2026-08-01 10:37:26,4,520000.0
T000428,S002,C099,P010,2,8000,2026-08-01 17:20:36,sales_2026_08_01.csv,2026-08-01 17:20:36,2,8000.0
T000429,S003,C038,P005,1,120000,2026-08-01 08:37:46,sales_2026_08_01.csv,2026-08-01 08:37:46,1,120000.0
T000430,S001,C001,P011,3,75000,2026-08-01 16:48:38,sales_2026_08_01.csv,2026-08-01 16:48:38,3,75000.0
T000431,S004,C023,P016,4,95000,2026-08-01 18:12:20,sales_2026_08_01.csv,2026-08-01 18:12:20,4,95000.0
T000432,S004,C069,P005,1,120000,2026-08-01 16:29:35,sales_2026_08_01.csv,2026-08-01 16:29:35,1,120000.0
T000433,S002,C065,P023,4,22000,2026-08-01 15:40:45,sales_2026_08_01.csv,2026-08-01 15:40:45,4,22000.0
T000434,S003,C010,P018,4,25000,2026-08-01 17:13:04,sales_2026_08_01.csv,2026-08-01 17:13:04,4,25000.0
T000435,S001,C056,P013,2,35000,2026-08-01 08:26:29,sales_2026_08_01.csv,2026-08-01 08:26:29,2,35000.0
T000436,S004,C010,P001,2,450000,2026-08-01 10:13:10,sales_2026_08_01.csv,2026-08-01 10:13:10,2,450000.0
T000437,S003,C074,P028,1,28000,2026-08-01 09:22:26,sales_2026_08_01.csv,2026-08-01 09:22:26,1,28000.0
T000438,S005,C052,P014,3,7000,2026-08-01 13:32:59,sales_2026_08_01.csv,2026-08-01 13:32:59,3,7000.0
T000439,S004,C038,P023,3,22000,2026-08-01 16:11:49,sales_2026_08_01.csv,2026-08-01 16:11:49,3,22000.0
T000440,S004,C003,P004,3,25000,2026-08-01 14:55:48,sales_2026_08_01.csv,2026-08-01 14:55:48,3,25000.0
T000441,S002,C080,P011,1,75000,2026-08-01 17:21:44,sales_2026_08_01.csv,2026-08-01 17:21:44,1,75000.0
T000442,S003,C012,P015,2,30000,2026-08-01 09:42:26,sales_2026_08_01.csv,2026-08-01 09:42:26,2,30000.0
T000443,S001,C032,P014,4,7000,2026-08-01 16:04:50,sales_2026_08_01.csv,2026-08-01 16:04:50,4,7000.0
T000444,S005,C052,P014,1,7000,2026-08-01 10:07:24,sales_2026_08_01.csv,2026-08-01 10:07:24,1,7000.0
T000445,S001,C051,P017,1,85000,2026-08-01 10:58:42,sales_2026_08_01.csv,2026-08-01 10:58:42,1,85000.0
T000446,S003,C096,P028,1,28000,2026-08-01 15:48:32,sales_2026_08_01.csv,2026-08-01 15:48:32,1,28000.0
T000447,S002,C043,P011,3,75000,2026-08-01 18:46:56,sales_2026_08_01.csv,2026-08-01 18:46:56,3,75000.0
T000448,S002,C010,P025,3,210000,2026-08-01 14:43:37,sales_2026_08_01.csv,2026-08-01 14:43:37,3,210000.0
T000449,S001,C068,P017,3,85000,2026-08-01 08:35:58,sales_2026_08_01.csv,2026-08-01 08:35:58,3,85000.0
T000450,S002,C100,P017,1,85000,2026-08-01 14:46:45,sales_2026_08_01.csv,2026-08-01 14:46:45,1,85000.0
T000451,S003,C094,P012,1,12000,2026-08-01 08:27:57,sales_2026_08_01.csv,2026-08-01 08:27:57,1,12000.0
T000452,S002,C031,P027,1,18000,2026-08-01 17:43:32,sales_2026_08_01.csv,2026-08-01 17:43:32,1,18000.0
T000453,S002,C033,P004,2,25000,2026-08-01 15:48:19,sales_2026_08_01.csv,2026-08-01 15:48:19,2,25000.0
T000454,S002,C078,P007,2,165000,2026-08-01 09:54:15,sales_2026_08_01.csv,2026-08-01 09:54:15,2,165000.0
T000455,S001,C023,P005,2,120000,2026-08-01 09:00:32,sales_2026_08_01.csv,2026-08-01 09:00:32,2,120000.0
T000456,S004,C060,P025,4,210000,2026-08-01 10:01:07,sales_2026_08_01.csv,2026-08-01 10:01:07,4,210000.0
T000457,S005,C098,P025,2,210000,2026-08-01 18:46:49,sales_2026_08_01.csv,2026-08-01 18:46:49,2,210000.0
T000458,S004,C088,P019,3,55000,2026-08-01 13:02:39,sales_2026_08_01.csv,2026-08-01 13:02:39,3,55000.0
T000459,S005,C083,P030,3,50000,2026-08-01 16:37:29,sales_2026_08_01.csv,2026-08-01 16:37:29,3,50000.0
T000460,S005,C042,P021,2,10000,2026-08-01 15:00:01,sales_2026_08_01.csv,2026-08-01 15:00:01,2,10000.0
T000461,S003,C020,P028,4,28000,2026-08-01 14:17:47,sales_2026_08_01.csv,2026-08-01 14:17:47,4,28000.0
T000462,S001,C061,P015,2,30000,2026-08-01 09:35:47,sales_2026_08_01.csv,2026-08-01 09:35:47,2,30000.0
T000463,S003,C036,P015,1,30000,2026-08-01 18:24:22,sales_2026_08_01.csv,2026-08-01 18:24:22,1,30000.0
T000464,S001,C046,P019,3,55000,2026-08-01 11:18:53,sales_2026_08_01.csv,2026-08-01 11:18:53,3,55000.0
T000465,S001,C040,P017,2,85000,2026-08-01 14:21:29,sales_2026_08_01.csv,2026-08-01 14:21:29,2,85000.0
T000466,S004,C005,P015,3,30000,2026-08-01 15:41:51,sales_2026_08_01.csv,2026-08-01 15:41:51,3,30000.0
T000467,S003,C037,P002,2,520000,2026-08-01 15:08:29,sales_2026_08_01.csv,2026-08-01 15:08:29,2,520000.0
T000468,S001,C079,P003,2,15000,2026-08-01 18:20:47,sales_2026_08_01.csv,2026-08-01 18:20:47,2,15000.0
T000469,S005,C050,P020,1,180000,2026-08-01 09:37:58,sales_2026_08_01.csv,2026-08-01 09:37:58,1,180000.0
T000470,S005,C071,P015,2,30000,2026-08-01 13:35:30,sales_2026_08_01.csv,2026-08-01 13:35:30,2,30000.0
T000471,S001,C058,P026,3,30000,2026-08-01 12:26:39,sales_2026_08_01.csv,2026-08-01 12:26:39,3,30000.0
T000472,S005,C084,P030,4,50000,2026-08-01 13:12:57,sales_2026_08_01.csv,2026-08-01 13:12:57,4,50000.0
T000473,S003,C078,P007,1,165000,2026-08-01 09:18:41,sales_2026_08_01.csv,2026-08-01 09:18:41,1,165000.0
T000474,S005,C020,P016,4,95000,2026-08-01 09:28:30,sales_2026_08_01.csv,2026-08-01 09:28:30,4,95000.0
T000475,S004,C014,P002,4,520000,2026-08-01 11:03:31,sales_2026_08_01.csv,2026-08-01 11:03:31,4,520000.0
T000476,S003,C092,P026,1,30000,2026-08-01 11:21:06,sales_2026_08_01.csv,2026-08-01 11:21:06,1,30000.0
T000477,S005,C083,P003,3,15000,2026-08-01 12:42:24,sales_2026_08_01.csv,2026-08-01 12:42:24,3,15000.0
T000478,S001,C032,P006,4,280000,2026-08-01 14:43:15,sales_2026_08_01.csv,2026-08-01 14:43:15,4,280000.0
T000479,S004,C057,P023,2,22000,2026-08-01 14:58:51,sales_2026_08_01.csv,2026-08-01 14:58:51,2,22000.0
T000480,S005,C079,P017,4,85000,2026-08-01 12:31:47,sales_2026_08_01.csv,2026-08-01 12:31:47,4,85000.0
T000481,S003,C048,P006,1,280000,2026-08-01 12:29:47,sales_2026_08_01.csv,2026-08-01 12:29:47,1,280000.0
T000482,S003,C050,P030,4,50000,2026-08-01 10:23:38,sales_2026_08_01.csv,2026-08-01 10:23:38,4,50000.0
T000483,S003,C087,P014,4,7000,2026-08-01 14:28:16,sales_2026_08_01.csv,2026-08-01 14:28:16,4,7000.0
T000484,S001,C081,P020,3,180000,2026-08-01 11:29:14,sales_2026_08_01.csv,2026-08-01 11:29:14,3,180000.0
T000485,S003,C009,P021,4,10000,2026-08-01 08:23:47,sales_2026_08_01.csv,2026-08-01 08:23:47,4,10000.0
T000486,S001,C072,P011,2,75000,2026-08-01 12:36:08,sales_2026_08_01.csv,2026-08-01 12:36:08,2,75000.0
T000487,S004,C037,P022,2,18000,2026-08-01 13:12:55,sales_2026_08_01.csv,2026-08-01 13:12:55,2,18000.0
T000488,S005,C020,P009,1,45000,2026-08-01 10:28:53,sales_2026_08_01.csv,2026-08-01 10:28:53,1,45000.0
T000489,S001,C075,P011,1,75000,2026-08-01 14:17:49,sales_2026_08_01.csv,2026-08-01 14:17:49,1,75000.0
T000490,S002,C045,P022,2,18000,2026-08-01 14:13:24,sales_2026_08_01.csv,2026-08-01 14:13:24,2,18000.0
T000491,S004,C017,P010,3,8000,2026-08-01 15:43:19,sales_2026_08_01.csv,2026-08-01 15:43:19,3,8000.0
T000492,S001,C040,P020,3,180000,2026-08-01 15:07:38,sales_2026_08_01.csv,2026-08-01 15:07:38,3,180000.0
T000493,S004,C083,P018,3,25000,2026-08-01 15:10:36,sales_2026_08_01.csv,2026-08-01 15:10:36,3,25000.0
T000494,S003,C017,P026,3,30000,2026-08-01 11:28:42,sales_2026_08_01.csv,2026-08-01 11:28:42,3,30000.0
T000495,S005,C012,P022,1,18000,2026-08-01 16:39:42,sales_2026_08_01.csv,2026-08-01 16:39:42,1,18000.0
T000496,S004,C066,P021,2,10000,2026-08-01 14:02:26,sales_2026_08_01.csv,2026-08-01 14:02:26,2,10000.0
T000497,S001,C047,P012,1,12000,2026-08-01 12:44:44,sales_2026_08_01.csv,2026-08-01 12:44:44,1,12000.0
T000498,S002,C028,P010,3,8000,2026-08-01 14:53:10,sales_2026_08_01.csv,2026-08-01 14:53:10,3,8000.0
T000499,S004,C025,P011,3,75000,2026-08-01 11:58:02,sales_2026_08_01.csv,2026-08-01 11:58:02,3,75000.0
T000500,S002,C020,P008,4,390000,2026-08-01 13:38:24,sales_2026_08_01.csv,2026-08-01 13:38:24,4,390000.0
T000501,S003,C013,P003,4,15000,2026-08-01 16:06:13,sales_2026_08_01.csv,2026-08-01 16:06:13,4,15000.0
T000502,S005,C095,P017,3,85000,2026-08-01 17:45:01,sales_2026_08_01.csv,2026-08-01 17:45:01,3,85000.0
T000503,S005,C005,P029,1,32000,2026-08-01 18:07:53,sales_2026_08_01.csv,2026-08-01 18:07:53,1,32000.0
T000504,S003,C099,P022,4,18000,2026-08-01 13:32:23,sales_2026_08_01.csv,2026-08-01 13:32:23,4,18000.0
T000505,S002,C077,P020,3,180000,2026-08-01 13:43:22,sales_2026_08_01.csv,2026-08-01 13:43:22,3,180000.0
T000506,S002,C021,P013,2,35000,2026-08-01 16:47:54,sales_2026_08_01.csv,2026-08-01 16:47:54,2,35000.0
T000507,S005,C022,P006,1,280000,2026-08-01 11:27:32,sales_2026_08_01.csv,2026-08-01 11:27:32,1,280000.0
T000508,S004,C006,P024,3,40000,2026-08-01 17:12:40,sales_2026_08_01.csv,2026-08-01 17:12:40,3,40000.0
T000509,S003,C087,P014,2,7000,2026-08-01 13:26:08,sales_2026_08_01.csv,2026-08-01 13:26:08,2,7000.0
T000510,S002,C057,P024,1,40000,2026-08-01 09:16:27,sales_2026_08_01.csv,2026-08-01 09:16:27,1,40000.0
T000511,S003,C097,P020,1,180000,2026-08-01 08:47:33,sales_2026_08_01.csv,2026-08-01 08:47:33,1,180000.0
T000512,S004,C030,P024,4,40000,2026-08-01 17:15:42,sales_2026_08_01.csv,2026-08-01 17:15:42,4,40000.0
T000513,S002,C040,P018,4,25000,2026-08-01 08:36:40,sales_2026_08_01.csv,2026-08-01 08:36:40,4,25000.0
T000514,S004,C025,P026,1,30000,2026-08-01 11:05:12,sales_2026_08_01.csv,2026-08-01 11:05:12,1,30000.0
T000515,S005,C057,P012,3,12000,2026-08-01 11:40:31,sales_2026_08_01.csv,2026-08-01 11:40:31,3,12000.0
T000516,S003,C100,P015,2,30000,2026-08-01 09:54:10,sales_2026_08_01.csv,2026-08-01 09:54:10,2,30000.0
T000517,S005,C068,P013,3,35000,2026-08-01 11:27:10,sales_2026_08_01.csv,2026-08-01 11:27:10,3,35000.0
T000518,S002,C026,P014,1,7000,2026-08-01 16:10:10,sales_2026_08_01.csv,2026-08-01 16:10:10,1,7000.0
T000519,S005,C018,P026,4,30000,2026-08-01 08:09:41,sales_2026_08_01.csv,2026-08-01 08:09:41,4,30000.0
T000520,S003,C007,P028,2,28000,2026-08-01 17:05:56,sales_2026_08_01.csv,2026-08-01 17:05:56,2,28000.0
T000521,S004,C048,P021,3,10000,2026-08-01 17:25:19,sales_2026_08_01.csv,2026-08-01 17:25:19,3,10000.0
T000522,S001,C092,P018,2,25000,2026-08-01 12:05:41,sales_2026_08_01.csv,2026-08-01 12:05:41,2,25000.0
T000523,S005,C016,P028,3,28000,2026-08-01 09:41:23,sales_2026_08_01.csv,2026-08-01 09:41:23,3,28000.0
T000524,S001,C098,P010,1,8000,2026-08-01 14:36:33,sales_2026_08_01.csv,2026-08-01 14:36:33,1,8000.0
T000525,S003,C058,P006,3,280000,2026-08-01 09:18:59,sales_2026_08_01.csv,2026-08-01 09:18:59,3,280000.0
T000526,S005,C019,P029,3,32000,2026-08-01 12:00:50,sales_2026_08_01.csv,2026-08-01 12:00:50,3,32000.0
T000527,S004,C012,P027,3,18000,2026-08-01 18:32:33,sales_2026_08_01.csv,2026-08-01 18:32:33,3,18000.0
T000528,S002,C058,P030,1,50000,2026-08-01 18:57:00,sales_2026_08_01.csv,2026-08-01 18:57:00,1,50000.0
T000529,S003,C004,P029,2,32000,2026-08-01 16:29:35,sales_2026_08_01.csv,2026-08-01 16:29:35,2,32000.0
T000530,S001,C051,P014,2,7000,2026-08-01 11:25:14,sales_2026_08_01.csv,2026-08-01 11:25:14,2,7000.0
T000531,S003,C031,P017,4,85000,2026-08-01 15:33:51,sales_2026_08_01.csv,2026-08-01 15:33:51,4,85000.0
T000532,S001,C048,P013,1,35000,2026-08-01 15:45:34,sales_2026_08_01.csv,2026-08-01 15:45:34,1,35000.0
T000533,S001,C041,P008,4,390000,2026-08-01 12:15:58,sales_2026_08_01.csv,2026-08-01 12:15:58,4,390000.0
T000534,S001,C092,P030,4,50000,2026-08-01 15:02:59,sales_2026_08_01.csv,2026-08-01 15:02:59,4,50000.0
T000535,S003,C019,P021,2,10000,2026-08-01 08:07:04,sales_2026_08_01.csv,2026-08-01 08:07:04,2,10000.0
T000536,S001,C037,P005,3,120000,2026-08-01 10:17:58,sales_2026_08_01.csv,2026-08-01 10:17:58,3,120000.0
T000537,S004,C090,P030,4,50000,2026-08-01 13:46:33,sales_2026_08_01.csv,2026-08-01 13:46:33,4,50000.0
T000538,S002,C098,P027,2,18000,2026-08-01 09:48:04,sales_2026_08_01.csv,2026-08-01 09:48:04,2,18000.0
T000539,S004,C058,P023,3,22000,2026-08-01 09:49:29,sales_2026_08_01.csv,2026-08-01 09:49:29,3,22000.0
T000540,S001,C011,P020,2,180000,2026-08-01 17:11:57,sales_2026_08_01.csv,2026-08-01 17:11:57,2,180000.0
T000541,S003,C028,P001,4,450000,2026-08-01 18:52:49,sales_2026_08_01.csv,2026-08-01 18:52:49,4,450000.0
T000542,S002,C071,P027,4,18000,2026-08-01 14:06:56,sales_2026_08_01.csv,2026-08-01 14:06:56,4,18000.0
T000543,S005,C068,P024,1,40000,2026-08-01 17:13:47,sales_2026_08_01.csv,2026-08-01 17:13:47,1,40000.0
T000544,S001,C100,P014,4,7000,2026-08-01 18:53:36,sales_2026_08_01.csv,2026-08-01 18:53:36,4,7000.0
T000545,S002,C039,P010,3,8000,2026-08-01 09:33:27,sales_2026_08_01.csv,2026-08-01 09:33:27,3,8000.0
T000546,S001,C031,P004,3,25000,2026-08-01 12:55:50,sales_2026_08_01.csv,2026-08-01 12:55:50,3,25000.0
T000547,S005,C059,P014,4,7000,2026-08-01 12:19:05,sales_2026_08_01.csv,2026-08-01 12:19:05,4,7000.0
T000548,S001,C064,P003,2,15000,2026-08-01 08:52:49,sales_2026_08_01.csv,2026-08-01 08:52:49,2,15000.0
T000549,S005,C003,P020,4,180000,2026-08-01 16:18:31,sales_2026_08_01.csv,2026-08-01 16:18:31,4,180000.0
T000550,S005,C074,P021,1,10000,2026-08-01 12:46:17,sales_2026_08_01.csv,2026-08-01 12:46:17,1,10000.0
T000551,S002,C038,P008,2,390000,2026-08-01 13:09:45,sales_2026_08_01.csv,2026-08-01 13:09:45,2,390000.0
T000552,S001,C079,P014,4,7000,2026-08-01 09:39:26,sales_2026_08_01.csv,2026-08-01 09:39:26,4,7000.0
T000553,S002,C074,P012,2,12000,2026-08-01 09:59:24,sales_2026_08_01.csv,2026-08-01 09:59:24,2,12000.0
T000554,S002,C086,P014,1,7000,2026-08-01 17:58:41,sales_2026_08_01.csv,2026-08-01 17:58:41,1,7000.0
T000555,S001,C068,P022,4,18000,2026-08-01 08:29:28,sales_2026_08_01.csv,2026-08-01 08:29:28,4,18000.0
T000556,S001,C068,P012,3,12000,2026-08-01 10:33:40,sales_2026_08_01.csv,2026-08-01 10:33:40,3,12000.0
T000557,S005,C065,P018,1,25000,2026-08-01 11:12:45,sales_2026_08_01.csv,2026-08-01 11:12:45,1,25000.0
T000558,S001,C050,P018,1,25000,2026-08-01 13:23:31,sales_2026_08_01.csv,2026-08-01 13:23:31,1,25000.0
T000559,S004,C006,P028,4,28000,2026-08-01 14:27:03,sales_2026_08_01.csv,2026-08-01 14:27:03,4,28000.0
T000560,S004,C048,P021,3,10000,2026-08-01 13:25:34,sales_2026_08_01.csv,2026-08-01 13:25:34,3,10000.0
T000561,S001,C046,P009,1,45000,2026-08-01 08:55:30,sales_2026_08_01.csv,2026-08-01 08:55:30,1,45000.0
T000562,S001,C045,P026,2,30000,2026-08-01 10:40:49,sales_2026_08_01.csv,2026-08-01 10:40:49,2,30000.0
T000563,S001,C099,P008,4,390000,2026-08-01 17:16:46,sales_2026_08_01.csv,2026-08-01 17:16:46,4,390000.0
T000564,S003,C018,P019,4,55000,2026-08-01 15:00:48,sales_2026_08_01.csv,2026-08-01 15:00:48,4,55000.0
T000565,S003,C070,P002,3,520000,2026-08-01 15:08:26,sales_2026_08_01.csv,2026-08-01 15:08:26,3,520000.0
T000566,S002,C100,P011,2,75000,2026-08-01 15:22:20,sales_2026_08_01.csv,2026-08-01 15:22:20,2,75000.0
T000567,S004,C090,P022,4,18000,2026-08-01 16:23:30,sales_2026_08_01.csv,2026-08-01 16:23:30,4,18000.0
T000568,S002,C018,P016,3,95000,2026-08-01 08:38:21,sales_2026_08_01.csv,2026-08-01 08:38:21,3,95000.0
T000569,S004,C005,P003,3,15000,2026-08-01 12:01:57,sales_2026_08_01.csv,2026-08-01 12:01:57,3,15000.0
T000570,S002,C006,P010,3,8000,2026-08-01 13:56:05,sales_2026_08_01.csv,2026-08-01 13:56:05,3,8000.0
T000571,S002,C006,P026,4,30000,2026-08-01 11:43:22,sales_2026_08_01.csv,2026-08-01 11:43:22,4,30000.0
T000572,S003,C066,P011,4,75000,2026-08-01 17:17:21,sales_2026_08_01.csv,2026-08-01 17:17:21,4,75000.0
T000573,S005,C061,P013,2,35000,2026-08-01 13:18:29,sales_2026_08_01.csv,2026-08-01 13:18:29,2,35000.0
T000574,S001,C097,P009,3,45000,2026-08-01 16:27:17,sales_2026_08_01.csv,2026-08-01 16:27:17,3,45000.0
T000575,S002,C037,P021,3,10000,2026-08-01 17:22:19,sales_2026_08_01.csv,2026-08-01 17:22:19,3,10000.0
T000576,S001,C084,P012,2,12000,2026-08-01 13:33:09,sales_2026_08_01.csv,2026-08-01 13:33:09,2,12000.0
T000577,S003,C016,P011,2,75000,2026-08-01 18:00:18,sales_2026_08_01.csv,2026-08-01 18:00:18,2,75000.0
T000578,S003,C056,P026,2,30000,2026-08-01 14:27:30,sales_2026_08_01.csv,2026-08-01 14:27:30,2,30000.0
T000579,S004,C096,P029,1,32000,2026-08-01 17:21:10,sales_2026_08_01.csv,2026-08-01 17:21:10,1,32000.0
T000580,S004,C044,P015,2,30000,2026-08-01 11:44:47,sales_2026_08_01.csv,2026-08-01 11:44:47,2,30000.0
T000581,S004,C089,P006,3,280000,2026-08-01 13:29:13,sales_2026_08_01.csv,2026-08-01 13:29:13,3,280000.0
T000582,S003,C067,P016,4,95000,2026-08-01 13:50:43,sales_2026_08_01.csv,2026-08-01 13:50:43,4,95000.0
T000583,S001,C094,P009,3,45000,2026-08-01 09:09:17,sales_2026_08_01.csv,2026-08-01 09:09:17,3,45000.0
T000584,S001,C056,P014,1,7000,2026-08-01 12:23:02,sales_2026_08_01.csv,2026-08-01 12:23:02,1,7000.0
T000585,S002,C070,P020,4,180000,2026-08-01 18:05:26,sales_2026_08_01.csv,2026-08-01 18:05:26,4,180000.0
T000586,S003,C014,P010,3,8000,2026-08-01 14:56:20,sales_2026_08_01.csv,2026-08-01 14:56:20,3,8000.0
T000587,S003,C085,P003,2,15000,2026-08-01 09:57:09,sales_2026_08_01.csv,2026-08-01 09:57:09,2,15000.0
T000588,S003,C058,P010,1,8000,2026-08-01 11:43:38,sales_2026_08_01.csv,2026-08-01 11:43:38,1,8000.0
T000589,S004,C022,P020,2,180000,2026-08-01 10:06:27,sales_2026_08_01.csv,2026-08-01 10:06:27,2,180000.0
T000590,S004,C045,P023,2,22000,2026-08-01 08:16:22,sales_2026_08_01.csv,2026-08-01 08:16:22,2,22000.0
T000591,S001,C094,P015,3,30000,2026-08-01 18:12:07,sales_2026_08_01.csv,2026-08-01 18:12:07,3,30000.0
T000592,S003,C079,P028,3,28000,2026-08-01 12:55:49,sales_2026_08_01.csv,2026-08-01 12:55:49,3,28000.0
T000593,S003,C082,P014,2,7000,2026-08-01 11:22:58,sales_2026_08_01.csv,2026-08-01 11:22:58,2,7000.0
T000594,S001,C010,P026,1,30000,2026-08-01 14:34:59,sales_2026_08_01.csv,2026-08-01 14:34:59,1,30000.0
T000595,S004,C047,P022,3,18000,2026-08-01 08:04:49,sales_2026_08_01.csv,2026-08-01 08:04:49,3,18000.0
T000596,S002,C004,P017,2,85000,2026-08-01 11:03:29,sales_2026_08_01.csv,2026-08-01 11:03:29,2,85000.0
T000597,S005,C087,P005,1,120000,2026-08-01 15:44:00,sales_2026_08_01.csv,2026-08-01 15:44:00,1,120000.0
T000598,S004,C005,P026,3,30000,2026-08-01 14:58:17,sales_2026_08_01.csv,2026-08-01 14:58:17,3,30000.0
T000599,S001,C031,P005,3,120000,2026-08-01 18:47:59,sales_2026_08_01.csv,2026-08-01 18:47:59,3,120000.0
T000600,S003,C047,P025,4,210000,2026-08-01 14:49:26,sales_2026_08_01.csv,2026-08-01 14:49:26,4,210000.0
T000601,S005,C005,P013,4,35000,2026-08-01 13:15:09,sales_2026_08_01.csv,2026-08-01 13:15:09,4,35000.0
T000602,S002,C087,P020,4,180000,2026-08-01 16:22:32,sales_2026_08_01.csv,2026-08-01 16:22:32,4,180000.0
T000603,S003,C048,P015,3,30000,2026-08-01 17:56:11,sales_2026_08_01.csv,2026-08-01 17:56:11,3,30000.0
T000604,S001,C074,P015,3,30000,2026-08-01 15:55:39,sales_2026_08_01.csv,2026-08-01 15:55:39,3,30000.0
T000605,S005,C047,P005,2,120000,2026-08-01 18:35:43,sales_2026_08_01.csv,2026-08-01 18:35:43,2,120000.0
T000606,S003,C084,P013,3,35000,2026-08-01 16:36:07,sales_2026_08_01.csv,2026-08-01 16:36:07,3,35000.0
T000607,S002,C015,P009,2,45000,2026-08-01 17:32:05,sales_2026_08_01.csv,2026-08-01 17:32:05,2,45000.0
T000608,S002,C064,P001,1,450000,2026-08-01 09:15:18,sales_2026_08_01.csv,2026-08-01 09:15:18,1,450000.0
T000609,S004,C072,P017,3,85000,2026-08-01 16:03:23,sales_2026_08_01.csv,2026-08-01 16:03:23,3,85000.0
T000610,S003,C100,P004,4,25000,2026-08-01 12:50:27,sales_2026_08_01.csv,2026-08-01 12:50:27,4,25000.0
T000611,S004,C028,P009,3,45000,2026-08-01 14:05:02,sales_2026_08_01.csv,2026-08-01 14:05:02,3,45000.0
T000612,S003,C089,P020,4,180000,2026-08-01 15:11:42,sales_2026_08_01.csv,2026-08-01 15:11:42,4,180000.0
T000613,S004,C026,P030,2,50000,2026-08-01 18:40:04,sales_2026_08_01.csv,2026-08-01 18:40:04,2,50000.0
T000614,S002,C010,P004,1,25000,2026-08-01 18:49:49,sales_2026_08_01.csv,2026-08-01 18:49:49,1,25000.0
T000615,S002,C092,P015,1,30000,2026-08-01 11:10:13,sales_2026_08_01.csv,2026-08-01 11:10:13,1,30000.0
T000616,S001,C088,P015,4,30000,2026-08-01 16:04:16,sales_2026_08_01.csv,2026-08-01 16:04:16,4,30000.0
T000617,S003,C086,P028,4,28000,2026-08-01 16:14:59,sales_2026_08_01.csv,2026-08-01 16:14:59,4,28000.0
T000618,S001,C071,P012,3,12000,2026-08-01 11:48:41,sales_2026_08_01.csv,2026-08-01 11:48:41,3,12000.0
T000619,S003,C039,P018,1,25000,2026-08-01 09:21:45,sales_2026_08_01.csv,2026-08-01 09:21:45,1,25000.0
T000620,S002,C092,P028,2,28000,2026-08-01 08:27:01,sales_2026_08_01.csv,2026-08-01 08:27:01,2,28000.0
T000621,S002,C047,P023,3,22000,2026-08-01 16:33:02,sales_2026_08_01.csv,2026-08-01 16:33:02,3,22000.0
T000622,S002,C016,P017,4,85000,2026-08-01 13:23:12,sales_2026_08_01.csv,2026-08-01 13:23:12,4,85000.0
T000623,S002,C031,P007,4,165000,2026-08-01 18:50:27,sales_2026_08_01.csv,2026-08-01 18:50:27,4,165000.0
T000624,S004,C004,P026,4,30000,2026-08-01 13:06:52,sales_2026_08_01.csv,2026-08-01 13:06:52,4,30000.0
T000625,S005,C074,P012,2,12000,2026-08-01 18:45:25,sales_2026_08_01.csv,2026-08-01 18:45:25,2,12000.0
T000626,S004,C071,P012,1,12000,2026-08-01 12:31:38,sales_2026_08_01.csv,2026-08-01 12:31:38,1,12000.0
T000627,S005,C012,P005,1,120000,2026-08-01 16:43:49,sales_2026_08_01.csv,2026-08-01 16:43:49,1,120000.0
T000628,S003,C051,P003,3,15000,2026-08-01 08:55:58,sales_2026_08_01.csv,2026-08-01 08:55:58,3,15000.0
T000629,S004,C068,P023,1,22000,2026-08-01 14:06:36,sales_2026_08_01.csv,2026-08-01 14:06:36,1,22000.0
T000630,S004,C074,P014,3,7000,2026-08-01 16:49:21,sales_2026_08_01.csv,2026-08-01 16:49:21,3,7000.0
T000631,S002,C041,P003,2,15000,2026-08-01 18:10:18,sales_2026_08_01.csv,2026-08-01 18:10:18,2,15000.0
T000632,S001,C058,P021,2,10000,2026-08-01 17:02:54,sales_2026_08_01.csv,2026-08-01 17:02:54,2,10000.0
T000633,S005,C045,P015,1,30000,2026-08-01 08:24:24,sales_2026_08_01.csv,2026-08-01 08:24:24,1,30000.0
T000634,S005,C082,P005,1,120000,2026-08-01 12:05:59,sales_2026_08_01.csv,2026-08-01 12:05:59,1,120000.0
T000635,S002,C099,P019,4,55000,2026-08-01 08:32:08,sales_2026_08_01.csv,2026-08-01 08:32:08,4,55000.0
T000636,S004,C065,P005,2,120000,2026-08-01 09:12:07,sales_2026_08_01.csv,2026-08-01 09:12:07,2,120000.0
T000637,S001,C016,P030,4,50000,2026-08-01 15:25:42,sales_2026_08_01.csv,2026-08-01 15:25:42,4,50000.0
T000638,S002,C039,P017,4,85000,2026-08-01 15:50:45,sales_2026_08_01.csv,2026-08-01 15:50:45,4,85000.0
T000639,S002,C042,P006,3,280000,2026-08-01 16:30:39,sales_2026_08_01.csv,2026-08-01 16:30:39,3,280000.0
T000640,S002,C045,P030,1,50000,2026-08-01 17:31:12,sales_2026_08_01.csv,2026-08-01 17:31:12,1,50000.0
T000641,S003,C011,P017,3,85000,2026-08-01 16:08:01,sales_2026_08_01.csv,2026-08-01 16:08:01,3,85000.0
T000642,S002,C082,P009,2,45000,2026-08-01 16:48:34,sales_2026_08_01.csv,2026-08-01 16:48:34,2,45000.0
T000643,S003,C017,P018,2,25000,2026-08-01 08:32:18,sales_2026_08_01.csv,2026-08-01 08:32:18,2,25000.0
T000644,S003,C079,P021,4,10000,2026-08-01 10:34:47,sales_2026_08_01.csv,2026-08-01 10:34:47,4,10000.0
T000645,S001,C065,P018,1,25000,2026-08-01 14:50:27,sales_2026_08_01.csv,2026-08-01 14:50:27,1,25000.0
T000646,S002,C076,P021,1,10000,2026-08-01 17:26:21,sales_2026_08_01.csv,2026-08-01 17:26:21,1,10000.0
T000647,S002,C022,P019,2,55000,2026-08-01 08:02:58,sales_2026_08_01.csv,2026-08-01 08:02:58,2,55000.0
T000648,S005,C093,P022,4,18000,2026-08-01 13:39:39,sales_2026_08_01.csv,2026-08-01 13:39:39,4,18000.0
T000649,S005,C044,P029,2,32000,2026-08-01 15:27:00,sales_2026_08_01.csv,2026-08-01 15:27:00,2,32000.0
T000650,S005,C006,P027,3,18000,2026-08-01 08:19:32,sales_2026_08_01.csv,2026-08-01 08:19:32,3,18000.0
T000651,S001,C011,P027,4,18000,2026-08-01 12:24:53,sales_2026_08_01.csv,2026-08-01 12:24:53,4,18000.0
T000652,S005,C034,P002,3,520000,2026-08-01 17:51:07,sales_2026_08_01.csv,2026-08-01 17:51:07,3,520000.0
T000653,S002,C099,P021,3,10000,2026-08-01 15:23:15,sales_2026_08_01.csv,2026-08-01 15:23:15,3,10000.0
T000654,S004,C080,P019,2,55000,2026-08-01 10:36:51,sales_2026_08_01.csv,2026-08-01 10:36:51,2,55000.0
T000655,S001,C064,P021,2,10000,2026-08-01 17:22:50,sales_2026_08_01.csv,2026-08-01 17:22:50,2,10000.0
T000656,S005,C038,P029,3,32000,2026-08-01 11:49:42,sales_2026_08_01.csv,2026-08-01 11:49:42,3,32000.0
T000657,S003,C062,P021,4,10000,2026-08-01 17:23:12,sales_2026_08_01.csv,2026-08-01 17:23:12,4,10000.0
T000658,S004,C039,P008,4,390000,2026-08-01 11:17:18,sales_2026_08_01.csv,2026-08-01 11:17:18,4,390000.0
T000659,S001,C089,P015,3,30000,2026-08-01 14:29:36,sales_2026_08_01.csv,2026-08-01 14:29:36,3,30000.0
T000660,S002,C057,P002,2,520000,2026-08-01 12:21:58,sales_2026_08_01.csv,2026-08-01 12:21:58,2,520000.0
T000661,S004,C060,P014,1,7000,2026-08-01 11:01:23,sales_2026_08_01.csv,2026-08-01 11:01:23,1,7000.0
T000662,S003,C078,P007,3,165000,2026-08-01 17:45:07,sales_2026_08_01.csv,2026-08-01 17:45:07,3,165000.0
T000663,S003,C092,P005,4,120000,2026-08-01 10:03:48,sales_2026_08_01.csv,2026-08-01 10:03:48,4,120000.0
T000664,S003,C052,P011,3,75000,2026-08-01 08:55:58,sales_2026_08_01.csv,2026-08-01 08:55:58,3,75000.0
T000665,S003,C066,P005,3,120000,2026-08-01 11:45:40,sales_2026_08_01.csv,2026-08-01 11:45:40,3,120000.0
T000666,S001,C041,P018,2,25000,2026-08-01 15:53:38,sales_2026_08_01.csv,2026-08-01 15:53:38,2,25000.0
T000667,S004,C016,P008,2,390000,2026-08-01 16:52:54,sales_2026_08_01.csv,2026-08-01 16:52:54,2,390000.0
T000668,S004,C032,P009,3,45000,2026-08-01 18:59:10,sales_2026_08_01.csv,2026-08-01 18:59:10,3,45000.0
T000669,S001,C007,P005,3,120000,2026-08-01 11:15:35,sales_2026_08_01.csv,2026-08-01 11:15:35,3,120000.0
T000670,S004,C079,P010,4,8000,2026-08-01 12:29:14,sales_2026_08_01.csv,2026-08-01 12:29:14,4,8000.0
T000671,S002,C021,P014,3,7000,2026-08-01 09:30:18,sales_2026_08_01.csv,2026-08-01 09:30:18,3,7000.0
T000672,S003,C074,P027,1,18000,2026-08-01 14:19:24,sales_2026_08_01.csv,2026-08-01 14:19:24,1,18000.0
T000673,S003,C025,P024,1,40000,2026-08-01 18:58:24,sales_2026_08_01.csv,2026-08-01 18:58:24,1,40000.0
T000674,S002,C064,P025,4,210000,2026-08-01 15:42:34,sales_2026_08_01.csv,2026-08-01 15:42:34,4,210000.0
T000675,S004,C064,P017,3,85000,2026-08-01 14:32:50,sales_2026_08_01.csv,2026-08-01 14:32:50,3,85000.0
T000676,S003,C064,P029,1,32000,2026-08-01 12:18:57,sales_2026_08_01.csv,2026-08-01 12:18:57,1,32000.0
T000677,S001,C051,P001,2,450000,2026-08-01 18:04:05,sales_2026_08_01.csv,2026-08-01 18:04:05,2,450000.0
T000678,S004,C031,P017,1,85000,2026-08-01 13:27:57,sales_2026_08_01.csv,2026-08-01 13:27:57,1,85000.0
T000679,S005,C046,P007,2,165000,2026-08-01 09:28:40,sales_2026_08_01.csv,2026-08-01 09:28:40,2,165000.0
T000680,S001,C037,P002,1,520000,2026-08-01 12:01:08,sales_2026_08_01.csv,2026-08-01 12:01:08,1,520000.0
T000681,S005,C084,P016,1,95000,2026-08-01 08:44:19,sales_2026_08_01.csv,2026-08-01 08:44:19,1,95000.0
T000682,S004,C037,P022,2,18000,2026-08-01 10:13:18,sales_2026_08_01.csv,2026-08-01 10:13:18,2,18000.0
T000683,S001,C014,P018,3,25000,2026-08-01 08:11:39,sales_2026_08_01.csv,2026-08-01 08:11:39,3,25000.0
T000684,S002,C034,P014,2,7000,2026-08-01 12:59:09,sales_2026_08_01.csv,2026-08-01 12:59:09,2,7000.0
T000685,S003,C098,P024,4,40000,2026-08-01 14:58:47,sales_2026_08_01.csv,2026-08-01 14:58:47,4,40000.0
T000686,S003,C006,P013,4,35000,2026-08-01 11:46:34,sales_2026_08_01.csv,2026-08-01 11:46:34,4,35000.0
T000687,S001,C073,P013,2,35000,2026-08-01 12:37:27,sales_2026_08_01.csv,2026-08-01 12:37:27,2,35000.0
T000688,S002,C047,P018,4,25000,2026-08-01 18:33:04,sales_2026_08_01.csv,2026-08-01 18:33:04,4,25000.0
T000689,S003,C010,P018,4,25000,2026-08-01 16:16:17,sales_2026_08_01.csv,2026-08-01 16:16:17,4,25000.0
T000690,S005,C058,P013,3,35000,2026-08-01 13:56:57,sales_2026_08_01.csv,2026-08-01 13:56:57,3,35000.0
T000691,S005,C036,P025,4,210000,2026-08-01 11:07:47,sales_2026_08_01.csv,2026-08-01 11:07:47,4,210000.0
T000692,S005,C088,P027,2,18000,2026-08-01 17:52:01,sales_2026_08_01.csv,2026-08-01 17:52:01,2,18000.0
T000693,S001,C017,P020,2,180000,2026-08-01 10:35:09,sales_2026_08_01.csv,2026-08-01 10:35:09,2,180000.0
T000694,S004,C048,P004,3,25000,2026-08-01 11:34:43,sales_2026_08_01.csv,2026-08-01 11:34:43,3,25000.0
T000695,S003,C072,P026,4,30000,2026-08-01 17:59:58,sales_2026_08_01.csv,2026-08-01 17:59:58,4,30000.0
T000696,S002,C026,P012,2,12000,2026-08-01 13:49:29,sales_2026_08_01.csv,2026-08-01 13:49:29,2,12000.0
T000697,S005,C052,P020,4,180000,2026-08-01 16:09:55,sales_2026_08_01.csv,2026-08-01 16:09:55,4,180000.0
T000698,S001,C006,P017,1,85000,2026-08-01 14:29:53,sales_2026_08_01.csv,2026-08-01 14:29:53,1,85000.0
T000699,S002,C092,P002,3,520000,2026-08-01 15:11:16,sales_2026_08_01.csv,2026-08-01 15:11:16,3,520000.0
T000700,S004,C067,P011,1,75000,2026-08-01 11:17:35,sales_2026_08_01.csv,2026-08-01 11:17:35,1,75000.0
T000701,S002,C078,P015,4,30000,2026-08-01 10:39:18,sales_2026_08_01.csv,2026-08-01 10:39:18,4,30000.0
T000702,S005,C018,P029,2,32000,2026-08-01 11:32:50,sales_2026_08_01.csv,2026-08-01 11:32:50,2,32000.0
T000703,S005,C041,P011,1,75000,2026-08-01 09:42:35,sales_2026_08_01.csv,2026-08-01 09:42:35,1,75000.0
T000704,S004,C079,P006,2,280000,2026-08-01 17:37:02,sales_2026_08_01.csv,2026-08-01 17:37:02,2,280000.0
T000705,S003,C076,P024,1,40000,2026-08-01 11:06:56,sales_2026_08_01.csv,2026-08-01 11:06:56,1,40000.0
T000706,S005,C066,P011,1,75000,2026-08-01 14:10:34,sales_2026_08_01.csv,2026-08-01 14:10:34,1,75000.0
T000707,S004,C091,P018,2,25000,2026-08-01 16:42:42,sales_2026_08_01.csv,2026-08-01 16:42:42,2,25000.0
T000708,S003,C061,P019,3,55000,2026-08-01 16:37:19,sales_2026_08_01.csv,2026-08-01 16:37:19,3,55000.0
T000709,S001,C048,P027,3,18000,2026-08-01 12:49:20,sales_2026_08_01.csv,2026-08-01 12:49:20,3,18000.0
T000710,S001,C054,P011,4,75000,2026-08-01 13:14:19,sales_2026_08_01.csv,2026-08-01 13:14:19,4,75000.0
T000711,S003,C093,P019,4,55000,2026-08-01 18:56:30,sales_2026_08_01.csv,2026-08-01 18:56:30,4,55000.0
T000712,S001,C077,P028,3,28000,2026-08-01 15:25:14,sales_2026_08_01.csv,2026-08-01 15:25:14,3,28000.0
T000713,S003,C084,P016,2,95000,2026-08-01 16:57:39,sales_2026_08_01.csv,2026-08-01 16:57:39,2,95000.0
T000714,S005,C074,P026,3,30000,2026-08-01 17:55:41,sales_2026_08_01.csv,2026-08-01 17:55:41,3,30000.0
T000715,S001,C075,P008,2,390000,2026-08-01 16:39:48,sales_2026_08_01.csv,2026-08-01 16:39:48,2,390000.0
T000716,S002,C068,P016,2,95000,2026-08-01 10:02:13,sales_2026_08_01.csv,2026-08-01 10:02:13,2,95000.0
T000717,S005,C100,P021,1,10000,2026-08-01 14:11:01,sales_2026_08_01.csv,2026-08-01 14:11:01,1,10000.0
T000718,S004,C019,P027,2,18000,2026-08-01 09:07:15,sales_2026_08_01.csv,2026-08-01 09:07:15,2,18000.0
T000719,S002,C005,P027,2,18000,2026-08-01 15:10:55,sales_2026_08_01.csv,2026-08-01 15:10:55,2,18000.0
T000720,S001,C025,P019,2,55000,2026-08-01 18:30:31,sales_2026_08_01.csv,2026-08-01 18:30:31,2,55000.0
T000721,S004,C041,P001,4,450000,2026-08-01 13:38:24,sales_2026_08_01.csv,2026-08-01 13:38:24,4,450000.0
T000722,S002,C053,P014,4,7000,2026-08-01 12:45:45,sales_2026_08_01.csv,2026-08-01 12:45:45,4,7000.0
T000723,S002,C053,P023,1,22000,2026-08-01 08:23:39,sales_2026_08_01.csv,2026-08-01 08:23:39,1,22000.0
T000724,S005,C061,P017,4,85000,2026-08-01 18:33:27,sales_2026_08_01.csv,2026-08-01 18:33:27,4,85000.0
T000725,S001,C091,P028,3,28000,2026-08-01 09:07:58,sales_2026_08_01.csv,2026-08-01 09:07:58,3,28000.0
T000726,S005,C027,P005,2,120000,2026-08-01 08:27:06,sales_2026_08_01.csv,2026-08-01 08:27:06,2,120000.0
T000727,S003,C085,P018,1,25000,2026-08-01 10:42:24,sales_2026_08_01.csv,2026-08-01 10:42:24,1,25000.0
T000728,S005,C049,P016,3,95000,2026-08-01 08:43:15,sales_2026_08_01.csv,2026-08-01 08:43:15,3,95000.0
T000729,S002,C059,P011,4,75000,2026-08-01 13:00:22,sales_2026_08_01.csv,2026-08-01 13:00:22,4,75000.0
T000730,S005,C044,P030,2,50000,2026-08-01 13:40:37,sales_2026_08_01.csv,2026-08-01 13:40:37,2,50000.0
T000731,S003,C087,P018,4,25000,2026-08-01 11:26:17,sales_2026_08_01.csv,2026-08-01 11:26:17,4,25000.0
T000732,S003,C079,P025,1,210000,2026-08-01 08:33:38,sales_2026_08_01.csv,2026-08-01 08:33:38,1,210000.0
T000733,S002,C032,P016,4,95000,2026-08-01 09:13:39,sales_2026_08_01.csv,2026-08-01 09:13:39,4,95000.0
T000734,S005,C039,P009,3,45000,2026-08-01 12:13:46,sales_2026_08_01.csv,2026-08-01 12:13:46,3,45000.0
T000735,S003,C099,P008,4,390000,2026-08-01 08:39:56,sales_2026_08_01.csv,2026-08-01 08:39:56,4,390000.0
T000736,S002,C089,P010,4,8000,2026-08-01 15:40:48,sales_2026_08_01.csv,2026-08-01 15:40:48,4,8000.0
T000737,S004,C041,P023,2,22000,2026-08-01 10:16:38,sales_2026_08_01.csv,2026-08-01 10:16:38,2,22000.0
T000738,S003,C072,P016,4,95000,2026-08-01 11:19:22,sales_2026_08_01.csv,2026-08-01 11:19:22,4,95000.0
T000739,S003,C037,P030,2,50000,2026-08-01 12:20:07,sales_2026_08_01.csv,2026-08-01 12:20:07,2,50000.0
T000740,S005,C087,P004,1,25000,2026-08-01 12:34:57,sales_2026_08_01.csv,2026-08-01 12:34:57,1,25000.0
T000741,S004,C051,P018,1,25000,2026-08-01 08:01:05,sales_2026_08_01.csv,2026-08-01 08:01:05,1,25000.0
T000742,S003,C099,P027,2,18000,2026-08-01 09:13:57,sales_2026_08_01.csv,2026-08-01 09:13:57,2,18000.0
T000743,S002,C038,P026,2,30000,2026-08-01 17:29:25,sales_2026_08_01.csv,2026-08-01 17:29:25,2,30000.0
T000744,S003,C092,P002,1,520000,2026-08-01 08:00:48,sales_2026_08_01.csv,2026-08-01 08:00:48,1,520000.0
T000745,S003,C057,P003,1,15000,2026-08-01 13:35:23,sales_2026_08_01.csv,2026-08-01 13:35:23,1,15000.0
T000746,S003,C096,P021,2,10000,2026-08-01 13:23:04,sales_2026_08_01.csv,2026-08-01 13:23:04,2,10000.0
T000747,S002,C026,P016,1,95000,2026-08-01 11:39:50,sales_2026_08_01.csv,2026-08-01 11:39:50,1,95000.0
T000748,S005,C035,P027,2,18000,2026-08-01 12:44:40,sales_2026_08_01.csv,2026-08-01 12:44:40,2,18000.0
T000749,S005,C090,P030,3,50000,2026-08-01 16:35:11,sales_2026_08_01.csv,2026-08-01 16:35:11,3,50000.0
T000750,S002,C014,P009,2,45000,2026-08-01 17:15:11,sales_2026_08_01.csv,2026-08-01 17:15:11,2,45000.0
T000751,S005,C031,P020,3,180000,2026-08-01 10:51:49,sales_2026_08_01.csv,2026-08-01 10:51:49,3,180000.0
T000752,S001,C086,P008,1,390000,2026-08-01 11:32:50,sales_2026_08_01.csv,2026-08-01 11:32:50,1,390000.0
T000753,S005,C029,P029,3,32000,2026-08-01 10:40:02,sales_2026_08_01.csv,2026-08-01 10:40:02,3,32000.0
T000754,S002,C007,P021,4,10000,2026-08-01 13:16:42,sales_2026_08_01.csv,2026-08-01 13:16:42,4,10000.0
T000755,S004,C043,P004,4,25000,2026-08-01 15:30:57,sales_2026_08_01.csv,2026-08-01 15:30:57,4,25000.0
T000756,S004,C013,P023,2,22000,2026-08-01 10:30:38,sales_2026_08_01.csv,2026-08-01 10:30:38,2,22000.0
T000757,S002,C001,P022,3,18000,2026-08-01 11:38:17,sales_2026_08_01.csv,2026-08-01 11:38:17,3,18000.0
T000758,S002,C053,P018,1,25000,2026-08-01 18:14:03,sales_2026_08_01.csv,2026-08-01 18:14:03,1,25000.0
T000759,S004,C062,P021,2,10000,2026-08-01 08:32:03,sales_2026_08_01.csv,2026-08-01 08:32:03,2,10000.0
T000760,S002,C097,P021,2,10000,2026-08-01 13:04:06,sales_2026_08_01.csv,2026-08-01 13:04:06,2,10000.0
T000761,S003,C037,P010,4,8000,2026-08-01 15:49:37,sales_2026_08_01.csv,2026-08-01 15:49:37,4,8000.0
T000762,S001,C099,P021,1,10000,2026-08-01 09:39:17,sales_2026_08_01.csv,2026-08-01 09:39:17,1,10000.0
T000763,S005,C030,P003,3,15000,2026-08-01 08:31:16,sales_2026_08_01.csv,2026-08-01 08:31:16,3,15000.0
T000764,S001,C023,P018,2,25000,2026-08-01 09:31:12,sales_2026_08_01.csv,2026-08-01 09:31:12,2,25000.0
T000765,S002,C005,P014,1,7000,2026-08-01 18:06:25,sales_2026_08_01.csv,2026-08-01 18:06:25,1,7000.0
T000766,S004,C064,P027,1,18000,2026-08-01 08:06:06,sales_2026_08_01.csv,2026-08-01 08:06:06,1,18000.0
T000767,S003,C005,P006,4,280000,2026-08-01 10:04:17,sales_2026_08_01.csv,2026-08-01 10:04:17,4,280000.0
T000768,S003,C073,P001,4,450000,2026-08-01 08:20:38,sales_2026_08_01.csv,2026-08-01 08:20:38,4,450000.0
T000769,S001,C043,P020,1,180000,2026-08-01 09:13:00,sales_2026_08_01.csv,2026-08-01 09:13:00,1,180000.0
T000770,S004,C083,P010,3,8000,2026-08-01 14:49:17,sales_2026_08_01.csv,2026-08-01 14:49:17,3,8000.0
T000771,S005,C064,P018,2,25000,2026-08-01 10:39:28,sales_2026_08_01.csv,2026-08-01 10:39:28,2,25000.0
T000772,S002,C065,P029,1,32000,2026-08-01 14:15:40,sales_2026_08_01.csv,2026-08-01 14:15:40,1,32000.0
T000773,S003,C025,P015,1,30000,2026-08-01 14:29:31,sales_2026_08_01.csv,2026-08-01 14:29:31,1,30000.0
T000774,S001,C043,P026,3,30000,2026-08-01 17:20:37,sales_2026_08_01.csv,2026-08-01 17:20:37,3,30000.0
T000775,S004,C083,P006,2,280000,2026-08-01 08:03:07,sales_2026_08_01.csv,2026-08-01 08:03:07,2,280000.0
T000776,S002,C002,P009,2,45000,2026-08-01 17:23:13,sales_2026_08_01.csv,2026-08-01 17:23:13,2,45000.0
T000777,S003,C038,P024,3,40000,2026-08-01 14:48:37,sales_2026_08_01.csv,2026-08-01 14:48:37,3,40000.0
T000778,S002,C023,P019,2,55000,2026-08-01 09:47:24,sales_2026_08_01.csv,2026-08-01 09:47:24,2,55000.0
T000779,S004,C055,P020,4,180000,2026-08-01 16:30:08,sales_2026_08_01.csv,2026-08-01 16:30:08,4,180000.0
T000780,S003,C012,P017,4,85000,2026-08-01 17:24:37,sales_2026_08_01.csv,2026-08-01 17:24:37,4,85000.0
T000781,S001,C024,P013,2,35000,2026-08-01 10:47:48,sales_2026_08_01.csv,2026-08-01 10:47:48,2,35000.0
T000782,S004,C042,P005,1,120000,2026-08-01 18:06:24,sales_2026_08_01.csv,2026-08-01 18:06:24,1,120000.0
T000783,S002,C001,P030,3,50000,2026-08-01 12:59:56,sales_2026_08_01.csv,2026-08-01 12:59:56,3,50000.0
T000784,S004,C031,P009,4,45000,2026-08-01 14:38:15,sales_2026_08_01.csv,2026-08-01 14:38:15,4,45000.0
T000785,S003,C043,P015,4,30000,2026-08-01 18:49:52,sales_2026_08_01.csv,2026-08-01 18:49:52,4,30000.0
T000786,S005,C093,P010,1,8000,2026-08-01 11:58:36,sales_2026_08_01.csv,2026-08-01 11:58:36,1,8000.0
T000787,S001,C034,P019,3,55000,2026-08-01 16:56:41,sales_2026_08_01.csv,2026-08-01 16:56:41,3,55000.0
T000788,S003,C089,P021,1,10000,2026-08-01 11:30:08,sales_2026_08_01.csv,2026-08-01 11:30:08,1,10000.0
T000789,S001,C086,P008,3,390000,2026-08-01 16:47:28,sales_2026_08_01.csv,2026-08-01 16:47:28,3,390000.0
T000790,S004,C040,P004,1,25000,2026-08-01 14:36:29,sales_2026_08_01.csv,2026-08-01 14:36:29,1,25000.0
T000791,S004,C088,P006,2,280000,2026-08-01 10:22:47,sales_2026_08_01.csv,2026-08-01 10:22:47,2,280000.0
T000792,S003,C089,P017,3,85000,2026-08-01 12:33:15,sales_2026_08_01.csv,2026-08-01 12:33:15,3,85000.0
T000793,S003,C048,P004,3,25000,2026-08-01 11:29:38,sales_2026_08_01.csv,2026-08-01 11:29:38,3,25000.0
T000794,S002,C029,P020,4,180000,2026-08-01 08:51:33,sales_2026_08_01.csv,2026-08-01 08:51:33,4,180000.0
T000795,S004,C020,P005,4,120000,2026-08-01 08:19:41,sales_2026_08_01.csv,2026-08-01 08:19:41,4,120000.0
T000796,S005,C048,P015,3,30000,2026-08-01 11:48:40,sales_2026_08_01.csv,2026-08-01 11:48:40,3,30000.0
T000797,S005,C061,P014,2,7000,2026-08-01 08:12:33,sales_2026_08_01.csv,2026-08-01 08:12:33,2,7000.0
T000798,S005,C086,P025,3,210000,2026-08-01 09:49:13,sales_2026_08_01.csv,2026-08-01 09:49:13,3,210000.0
T000799,S002,C098,P027,3,18000,2026-08-01 15:58:37,sales_2026_08_01.csv,2026-08-01 15:58:37,3,18000.0
T000800,S005,C011,P008,4,390000,2026-08-01 15:47:20,sales_2026_08_01.csv,2026-08-01 15:47:20,4,390000.0
T000801,S004,C068,P017,2,85000,2026-08-01 16:07:27,sales_2026_08_01.csv,2026-08-01 16:07:27,2,85000.0
T000802,S003,C010,P023,4,22000,2026-08-01 11:29:19,sales_2026_08_01.csv,2026-08-01 11:29:19,4,22000.0
T000803,S005,C015,P030,1,50000,2026-08-01 17:47:24,sales_2026_08_01.csv,2026-08-01 17:47:24,1,50000.0
T000804,S005,C065,P002,1,520000,2026-08-01 14:31:55,sales_2026_08_01.csv,2026-08-01 14:31:55,1,520000.0
T000805,S005,C069,P007,1,165000,2026-08-01 09:23:10,sales_2026_08_01.csv,2026-08-01 09:23:10,1,165000.0
T000806,S002,C042,P005,4,120000,2026-08-01 09:34:51,sales_2026_08_01.csv,2026-08-01 09:34:51,4,120000.0
T000807,S005,C057,P028,3,28000,2026-08-01 15:37:26,sales_2026_08_01.csv,2026-08-01 15:37:26,3,28000.0
T000808,S002,C092,P004,1,25000,2026-08-01 09:54:08,sales_2026_08_01.csv,2026-08-01 09:54:08,1,25000.0
T000809,S004,C012,P019,4,55000,2026-08-01 13:34:48,sales_2026_08_01.csv,2026-08-01 13:34:48,4,55000.0
T000810,S005,C058,P029,1,32000,2026-08-01 18:54:34,sales_2026_08_01.csv,2026-08-01 18:54:34,1,32000.0
T000811,S001,C059,P026,2,30000,2026-08-01 08:02:38,sales_2026_08_01.csv,2026-08-01 08:02:38,2,30000.0
T000812,S005,C054,P005,4,120000,2026-08-01 08:10:56,sales_2026_08_01.csv,2026-08-01 08:10:56,4,120000.0
T000813,S005,C008,P015,3,30000,2026-08-01 18:55:26,sales_2026_08_01.csv,2026-08-01 18:55:26,3,30000.0
T000814,S004,C087,P018,3,25000,2026-08-01 14:25:51,sales_2026_08_01.csv,2026-08-01 14:25:51,3,25000.0
T000815,S003,C093,P026,2,30000,2026-08-01 09:23:45,sales_2026_08_01.csv,2026-08-01 09:23:45,2,30000.0
T000816,S004,C033,P001,3,450000,2026-08-01 17:52:13,sales_2026_08_01.csv,2026-08-01 17:52:13,3,450000.0
T000817,S001,C096,P027,1,18000,2026-08-01 17:41:03,sales_2026_08_01.csv,2026-08-01 17:41:03,1,18000.0
T000818,S005,C010,P007,2,165000,2026-08-01 13:53:53,sales_2026_08_01.csv,2026-08-01 13:53:53,2,165000.0
T000819,S004,C045,P002,1,520000,2026-08-01 14:50:22,sales_2026_08_01.csv,2026-08-01 14:50:22,1,520000.0
T000820,S001,C070,P023,1,22000,2026-08-01 11:00:18,sales_2026_08_01.csv,2026-08-01 11:00:18,1,22000.0
T000821,S001,C061,P002,3,520000,2026-08-01 08:33:20,sales_2026_08_01.csv,2026-08-01 08:33:20,3,520000.0
T000822,S003,C053,P002,2,520000,2026-08-01 14:32:24,sales_2026_08_01.csv,2026-08-01 14:32:24,2,520000.0
T000823,S002,C099,P006,1,280000,2026-08-01 11:14:32,sales_2026_08_01.csv,2026-08-01 11:14:32,1,280000.0
T000824,S004,C048,P021,2,10000,2026-08-01 15:17:59,sales_2026_08_01.csv,2026-08-01 15:17:59,2,10000.0
T000825,S004,C058,P029,4,32000,2026-08-01 17:11:55,sales_2026_08_01.csv,2026-08-01 17:11:55,4,32000.0
T000826,S004,C049,P028,1,28000,2026-08-01 08:11:59,sales_2026_08_01.csv,2026-08-01 08:11:59,1,28000.0
T000827,S005,C018,P003,1,15000,2026-08-01 14:33:10,sales_2026_08_01.csv,2026-08-01 14:33:10,1,15000.0
T000828,S003,C016,P021,1,10000,2026-08-01 10:32:38,sales_2026_08_01.csv,2026-08-01 10:32:38,1,10000.0
T000829,S005,C051,P006,4,280000,2026-08-01 17:36:45,sales_2026_08_01.csv,2026-08-01 17:36:45,4,280000.0
T000830,S002,C094,P017,4,85000,2026-08-01 10:47:25,sales_2026_08_01.csv,2026-08-01 10:47:25,4,85000.0
T000831,S001,C097,P008,3,390000,2026-08-01 14:43:06,sales_2026_08_01.csv,2026-08-01 14:43:06,3,390000.0
T000832,S003,C060,P001,1,450000,2026-08-01 14:05:20,sales_2026_08_01.csv,2026-08-01 14:05:20,1,450000.0
T000833,S005,C055,P022,3,18000,2026-08-01 12:21:28,sales_2026_08_01.csv,2026-08-01 12:21:28,3,18000.0
T000834,S004,C030,P018,4,25000,2026-08-01 15:27:13,sales_2026_08_01.csv,2026-08-01 15:27:13,4,25000.0
T000835,S004,C045,P008,3,390000,2026-08-01 15:59:00,sales_2026_08_01.csv,2026-08-01 15:59:00,3,390000.0
T000836,S003,C025,P005,4,120000,2026-08-01 14:14:10,sales_2026_08_01.csv,2026-08-01 14:14:10,4,120000.0
T000837,S001,C005,P030,2,50000,2026-08-01 16:20:33,sales_2026_08_01.csv,2026-08-01 16:20:33,2,50000.0
T000838,S004,C079,P026,3,30000,2026-08-01 18:49:03,sales_2026_08_01.csv,2026-08-01 18:49:03,3,30000.0
T000839,S001,C031,P025,1,210000,2026-08-01 12:36:43,sales_2026_08_01.csv,2026-08-01 12:36:43,1,210000.0
T000840,S001,C013,P007,4,165000,2026-08-01 13:39:37,sales_2026_08_01.csv,2026-08-01 13:39:37,4,165000.0
T000841,S001,C058,P020,4,180000,2026-08-01 08:08:13,sales_2026_08_01.csv,2026-08-01 08:08:13,4,180000.0
T000842,S001,C032,P020,1,180000,2026-08-01 16:45:22,sales_2026_08_01.csv,2026-08-01 16:45:22,1,180000.0
T000843,S001,C052,P024,2,40000,2026-08-01 13:43:21,sales_2026_08_01.csv,2026-08-01 13:43:21,2,40000.0
T000844,S002,C070,P015,2,30000,2026-08-01 12:29:15,sales_2026_08_01.csv,2026-08-01 12:29:15,2,30000.0
T000845,S001,C018,P007,4,165000,2026-08-01 09:02:05,sales_2026_08_01.csv,2026-08-01 09:02:05,4,165000.0
T000846,S003,C030,P017,4,85000,2026-08-01 17:47:10,sales_2026_08_01.csv,2026-08-01 17:47:10,4,85000.0
T000847,S005,C041,P027,3,18000,2026-08-01 12:20:42,sales_2026_08_01.csv,2026-08-01 12:20:42,3,18000.0
T000848,S005,C099,P019,1,55000,2026-08-01 15:30:30,sales_2026_08_01.csv,2026-08-01 15:30:30,1,55000.0
T000849,S003,C031,P022,2,18000,2026-08-01 09:38:35,sales_2026_08_01.csv,2026-08-01 09:38:35,2,18000.0
T000850,S002,C085,P010,2,8000,2026-08-01 18:34:37,sales_2026_08_01.csv,2026-08-01 18:34:37,2,8000.0
T000851,S002,C053,P017,2,85000,2026-08-01 09:57:46,sales_2026_08_01.csv,2026-08-01 09:57:46,2,85000.0
T000852,S003,C008,P010,3,8000,2026-08-01 10:11:41,sales_2026_08_01.csv,2026-08-01 10:11:41,3,8000.0
T000853,S005,C095,P018,4,25000,2026-08-01 17:26:55,sales_2026_08_01.csv,2026-08-01 17:26:55,4,25000.0
T000854,S002,C081,P030,4,50000,2026-08-01 18:02:18,sales_2026_08_01.csv,2026-08-01 18:02:18,4,50000.0
T000855,S004,C072,P022,1,18000,2026-08-01 10:20:01,sales_2026_08_01.csv,2026-08-01 10:20:01,1,18000.0
T000856,S001,C045,P016,2,95000,2026-08-01 13:10:04,sales_2026_08_01.csv,2026-08-01 13:10:04,2,95000.0
T000857,S004,C068,P021,4,10000,2026-08-01 16:04:06,sales_2026_08_01.csv,2026-08-01 16:04:06,4,10000.0
T000858,S004,C053,P011,3,75000,2026-08-01 17:39:43,sales_2026_08_01.csv,2026-08-01 17:39:43,3,75000.0
T000859,S003,C049,P005,3,120000,2026-08-01 12:10:10,sales_2026_08_01.csv,2026-08-01 12:10:10,3,120000.0
T000860,S005,C061,P006,2,280000,2026-08-01 13:41:13,sales_2026_08_01.csv,2026-08-01 13:41:13,2,280000.0
T000861,S002,C039,P008,1,390000,2026-08-01 16:09:31,sales_2026_08_01.csv,2026-08-01 16:09:31,1,390000.0
T000862,S002,C060,P028,3,28000,2026-08-01 16:02:32,sales_2026_08_01.csv,2026-08-01 16:02:32,3,28000.0
T000863,S001,C072,P030,3,50000,2026-08-01 16:36:45,sales_2026_08_01.csv,2026-08-01 16:36:45,3,50000.0
T000864,S004,C072,P014,4,7000,2026-08-01 14:16:09,sales_2026_08_01.csv,2026-08-01 14:16:09,4,7000.0
T000865,S002,C050,P017,2,85000,2026-08-01 09:09:02,sales_2026_08_01.csv,2026-08-01 09:09:02,2,85000.0
T000866,S003,C027,P008,4,390000,2026-08-01 17:56:37,sales_2026_08_01.csv,2026-08-01 17:56:37,4,390000.0
T000867,S001,C058,P011,3,75000,2026-08-01 17:31:16,sales_2026_08_01.csv,2026-08-01 17:31:16,3,75000.0
T000868,S003,C012,P028,4,28000,2026-08-01 16:46:44,sales_2026_08_01.csv,2026-08-01 16:46:44,4,28000.0
T000869,S002,C007,P018,3,25000,2026-08-01 09:05:54,sales_2026_08_01.csv,2026-08-01 09:05:54,3,25000.0
T000870,S004,C087,P009,1,45000,2026-08-01 10:14:54,sales_2026_08_01.csv,2026-08-01 10:14:54,1,45000.0
T000871,S005,C006,P020,2,180000,2026-08-01 16:10:46,sales_2026_08_01.csv,2026-08-01 16:10:46,2,180000.0
T000872,S001,C025,P028,2,28000,2026-08-01 08:15:16,sales_2026_08_01.csv,2026-08-01 08:15:16,2,28000.0
T000873,S005,C093,P026,1,30000,2026-08-01 18:46:17,sales_2026_08_01.csv,2026-08-01 18:46:17,1,30000.0
T000874,S005,C028,P022,4,18000,2026-08-01 12:08:54,sales_2026_08_01.csv,2026-08-01 12:08:54,4,18000.0
T000875,S002,C043,P016,4,95000,2026-08-01 15:54:44,sales_2026_08_01.csv,2026-08-01 15:54:44,4,95000.0
T000876,S001,C028,P010,4,8000,2026-08-01 17:45:47,sales_2026_08_01.csv,2026-08-01 17:45:47,4,8000.0
T000877,S002,C095,P030,3,50000,2026-08-01 12:20:27,sales_2026_08_01.csv,2026-08-01 12:20:27,3,50000.0
T000878,S004,C032,P004,3,25000,2026-08-01 11:30:37,sales_2026_08_01.csv,2026-08-01 11:30:37,3,25000.0
T000879,S005,C091,P023,2,22000,2026-08-01 14:41:46,sales_2026_08_01.csv,2026-08-01 14:41:46,2,22000.0
T000880,S004,C031,P007,3,165000,2026-08-01 14:23:27,sales_2026_08_01.csv,2026-08-01 14:23:27,3,165000.0
T000881,S003,C100,P018,2,25000,2026-08-01 12:30:01,sales_2026_08_01.csv,2026-08-01 12:30:01,2,25000.0
T000882,S004,C060,P010,1,8000,2026-08-01 14:37:10,sales_2026_08_01.csv,2026-08-01 14:37:10,1,8000.0
T000883,S003,C040,P018,3,25000,2026-08-01 18:17:21,sales_2026_08_01.csv,2026-08-01 18:17:21,3,25000.0
T000884,S003,C066,P009,3,45000,2026-08-01 13:08:38,sales_2026_08_01.csv,2026-08-01 13:08:38,3,45000.0
T000885,S004,C060,P029,1,32000,2026-08-01 10:09:50,sales_2026_08_01.csv,2026-08-01 10:09:50,1,32000.0
T000886,S004,C098,P004,2,25000,2026-08-01 12:08:57,sales_2026_08_01.csv,2026-08-01 12:08:57,2,25000.0
T000887,S003,C027,P027,2,18000,2026-08-01 12:20:06,sales_2026_08_01.csv,2026-08-01 12:20:06,2,18000.0
T000888,S003,C053,P012,4,12000,2026-08-01 09:26:31,sales_2026_08_01.csv,2026-08-01 09:26:31,4,12000.0
T000889,S005,C029,P002,2,520000,2026-08-01 09:47:29,sales_2026_08_01.csv,2026-08-01 09:47:29,2,520000.0
T000890,S002,C003,P024,2,40000,2026-08-01 15:31:48,sales_2026_08_01.csv,2026-08-01 15:31:48,2,40000.0
T000891,S005,C075,P009,1,45000,2026-08-01 11:44:03,sales_2026_08_01.csv,2026-08-01 11:44:03,1,45000.0
T000892,S004,C038,P019,1,55000,2026-08-01 18:30:13,sales_2026_08_01.csv,2026-08-01 18:30:13,1,55000.0
T000893,S002,C043,P005,3,120000,2026-08-01 10:40:46,sales_2026_08_01.csv,2026-08-01 10:40:46,3,120000.0
T000894,S004,C073,P008,1,390000,2026-08-01 09:05:17,sales_2026_08_01.csv,2026-08-01 09:05:17,1,390000.0
T000895,S002,C064,P027,2,18000,2026-08-01 16:17:18,sales_2026_08_01.csv,2026-08-01 16:17:18,2,18000.0
T000896,S003,C033,P018,3,25000,2026-08-01 17:41:29,sales_2026_08_01.csv,2026-08-01 17:41:29,3,25000.0
T000897,S004,C093,P025,2,210000,2026-08-01 11:03:33,sales_2026_08_01.csv,2026-08-01 11:03:33,2,210000.0
T000898,S004,C059,P021,2,10000,2026-08-01 10:13:22,sales_2026_08_01.csv,2026-08-01 10:13:22,2,10000.0
T000899,S003,C022,P006,4,280000,2026-08-01 10:02:36,sales_2026_08_01.csv,2026-08-01 10:02:36,4,280000.0
T000900,S005,C063,P005,2,120000,2026-08-01 13:44:31,sales_2026_08_01.csv,2026-08-01 13:44:31,2,120000.0
T000901,S005,C083,P006,1,280000,2026-08-02 13:09:09,sales_2026_08_02.csv,2026-08-02 13:09:09,1,280000.0
T000902,S005,C005,P002,2,520000,2026-08-02 10:51:13,sales_2026_08_02.csv,2026-08-02 10:51:13,2,520000.0
T000903,S001,C086,P027,1,18000,2026-08-02 08:29:48,sales_2026_08_02.csv,2026-08-02 08:29:48,1,18000.0
T000904,S001,C053,P002,1,520000,2026-08-02 13:17:47,sales_2026_08_02.csv,2026-08-02 13:17:47,1,520000.0
T000905,S002,C009,P005,1,120000,2026-08-02 18:33:09,sales_2026_08_02.csv,2026-08-02 18:33:09,1,120000.0
T000906,S002,C002,P023,1,22000,2026-08-02 15:10:39,sales_2026_08_02.csv,2026-08-02 15:10:39,1,22000.0
T000907,S005,C059,P007,3,165000,2026-08-02 13:27:02,sales_2026_08_02.csv,2026-08-02 13:27:02,3,165000.0
T000908,S001,C080,P012,4,12000,2026-08-02 09:13:03,sales_2026_08_02.csv,2026-08-02 09:13:03,4,12000.0
T000909,S005,C062,P021,1,10000,2026-08-02 10:46:36,sales_2026_08_02.csv,2026-08-02 10:46:36,1,10000.0
T000910,S004,C003,P022,1,18000,2026-08-02 11:14:33,sales_2026_08_02.csv,2026-08-02 11:14:33,1,18000.0
T000911,S005,C071,P001,2,450000,2026-08-02 16:24:46,sales_2026_08_02.csv,2026-08-02 16:24:46,2,450000.0
T000912,S001,C003,P014,2,7000,2026-08-02 17:38:37,sales_2026_08_02.csv,2026-08-02 17:38:37,2,7000.0
T000913,S003,C069,P017,4,85000,2026-08-02 17:55:05,sales_2026_08_02.csv,2026-08-02 17:55:05,4,85000.0
T000914,S001,C065,P010,1,8000,2026-08-02 18:49:48,sales_2026_08_02.csv,2026-08-02 18:49:48,1,8000.0
T000915,S004,C023,P027,3,18000,2026-08-02 18:48:21,sales_2026_08_02.csv,2026-08-02 18:48:21,3,18000.0
T000916,S001,C068,P004,2,25000,2026-08-02 18:28:58,sales_2026_08_02.csv,2026-08-02 18:28:58,2,25000.0
T000917,S002,C025,P005,3,120000,2026-08-02 08:47:24,sales_2026_08_02.csv,2026-08-02 08:47:24,3,120000.0
T000918,S005,C033,P020,2,180000,2026-08-02 09:30:56,sales_2026_08_02.csv,2026-08-02 09:30:56,2,180000.0
T000919,S003,C035,P027,4,18000,2026-08-02 11:20:56,sales_2026_08_02.csv,2026-08-02 11:20:56,4,18000.0
T000920,S004,C011,P026,1,30000,2026-08-02 14:04:54,sales_2026_08_02.csv,2026-08-02 14:04:54,1,30000.0
T000921,S004,C059,P012,2,12000,2026-08-02 09:04:00,sales_2026_08_02.csv,2026-08-02 09:04:00,2,12000.0
T000922,S002,C090,P019,4,55000,2026-08-02 17:18:13,sales_2026_08_02.csv,2026-08-02 17:18:13,4,55000.0
T000923,S003,C088,P008,3,390000,2026-08-02 14:47:03,sales_2026_08_02.csv,2026-08-02 14:47:03,3,390000.0
T000924,S001,C084,P027,2,18000,2026-08-02 13:57:57,sales_2026_08_02.csv,2026-08-02 13:57:57,2,18000.0
T000925,S001,C012,P028,3,28000,2026-08-02 09:49:06,sales_2026_08_02.csv,2026-08-02 09:49:06,3,28000.0
T000926,S004,C049,P013,1,35000,2026-08-02 10:47:08,sales_2026_08_02.csv,2026-08-02 10:47:08,1,35000.0
T000927,S004,C008,P018,2,25000,2026-08-02 09:45:48,sales_2026_08_02.csv,2026-08-02 09:45:48,2,25000.0
T000928,S001,C090,P021,1,10000,2026-08-02 17:22:16,sales_2026_08_02.csv,2026-08-02 17:22:16,1,10000.0
T000929,S001,C064,P006,2,280000,2026-08-02 14:25:35,sales_2026_08_02.csv,2026-08-02 14:25:35,2,280000.0
T000930,S004,C083,P028,3,28000,2026-08-02 16:05:11,sales_2026_08_02.csv,2026-08-02 16:05:11,3,28000.0
T000931,S003,C073,P026,3,30000,2026-08-02 11:15:22,sales_2026_08_02.csv,2026-08-02 11:15:22,3,30000.0
T000932,S001,C068,P028,4,28000,2026-08-02 12:05:01,sales_2026_08_02.csv,2026-08-02 12:05:01,4,28000.0
T000933,S001,C030,P030,4,50000,2026-08-02 12:27:12,sales_2026_08_02.csv,2026-08-02 12:27:12,4,50000.0
T000934,S005,C061,P007,1,165000,2026-08-02 16:21:36,sales_2026_08_02.csv,2026-08-02 16:21:36,1,165000.0
T000935,S001,C010,P009,1,45000,2026-08-02 16:29:45,sales_2026_08_02.csv,2026-08-02 16:29:45,1,45000.0
T000936,S003,C070,P022,1,18000,2026-08-02 10:16:29,sales_2026_08_02.csv,2026-08-02 10:16:29,1,18000.0
T000937,S001,C023,P019,3,55000,2026-08-02 18:21:24,sales_2026_08_02.csv,2026-08-02 18:21:24,3,55000.0
T000938,S003,C003,P030,2,50000,2026-08-02 09:19:37,sales_2026_08_02.csv,2026-08-02 09:19:37,2,50000.0
T000939,S005,C019,P007,1,165000,2026-08-02 17:51:26,sales_2026_08_02.csv,2026-08-02 17:51:26,1,165000.0
T000940,S004,C010,P025,3,210000,2026-08-02 09:06:15,sales_2026_08_02.csv,2026-08-02 09:06:15,3,210000.0
T000941,S002,C073,P010,2,8000,2026-08-02 10:54:35,sales_2026_08_02.csv,2026-08-02 10:54:35,2,8000.0
T000942,S005,C050,P008,1,390000,2026-08-02 17:18:40,sales_2026_08_02.csv,2026-08-02 17:18:40,1,390000.0
T000943,S005,C043,P022,3,18000,2026-08-02 09:58:27,sales_2026_08_02.csv,2026-08-02 09:58:27,3,18000.0
T000944,S002,C089,P013,3,35000,2026-08-02 12:32:57,sales_2026_08_02.csv,2026-08-02 12:32:57,3,35000.0
T000945,S001,C065,P024,1,40000,2026-08-02 12:56:54,sales_2026_08_02.csv,2026-08-02 12:56:54,1,40000.0
T000946,S003,C007,P024,1,40000,2026-08-02 10:41:52,sales_2026_08_02.csv,2026-08-02 10:41:52,1,40000.0
T000947,S004,C030,P004,4,25000,2026-08-02 15:48:45,sales_2026_08_02.csv,2026-08-02 15:48:45,4,25000.0
T000948,S001,C044,P027,1,18000,2026-08-02 17:21:52,sales_2026_08_02.csv,2026-08-02 17:21:52,1,18000.0
T000949,S005,C077,P020,3,180000,2026-08-02 17:37:13,sales_2026_08_02.csv,2026-08-02 17:37:13,3,180000.0
T000950,S003,C004,P013,3,35000,2026-08-02 11:43:57,sales_2026_08_02.csv,2026-08-02 11:43:57,3,35000.0
T000951,S003,C058,P021,3,10000,2026-08-02 13:50:21,sales_2026_08_02.csv,2026-08-02 13:50:21,3,10000.0
T000952,S002,C046,P016,3,95000,2026-08-02 10:43:56,sales_2026_08_02.csv,2026-08-02 10:43:56,3,95000.0
T000953,S004,C056,P018,2,25000,2026-08-02 10:41:33,sales_2026_08_02.csv,2026-08-02 10:41:33,2,25000.0
T000954,S005,C085,P006,2,280000,2026-08-02 09:46:25,sales_2026_08_02.csv,2026-08-02 09:46:25,2,280000.0
T000955,S001,C099,P013,1,35000,2026-08-02 18:20:24,sales_2026_08_02.csv,2026-08-02 18:20:24,1,35000.0
T000956,S003,C032,P020,1,180000,2026-08-02 17:46:04,sales_2026_08_02.csv,2026-08-02 17:46:04,1,180000.0
T000957,S001,C011,P023,1,22000,2026-08-02 16:33:03,sales_2026_08_02.csv,2026-08-02 16:33:03,1,22000.0
T000958,S002,C049,P009,2,45000,2026-08-02 13:41:39,sales_2026_08_02.csv,2026-08-02 13:41:39,2,45000.0
T000959,S002,C095,P023,2,22000,2026-08-02 13:23:48,sales_2026_08_02.csv,2026-08-02 13:23:48,2,22000.0
T000960,S003,C047,P013,2,35000,2026-08-02 13:49:37,sales_2026_08_02.csv,2026-08-02 13:49:37,2,35000.0
T000961,S001,C001,P004,2,25000,2026-08-02 13:54:08,sales_2026_08_02.csv,2026-08-02 13:54:08,2,25000.0
T000962,S004,C047,P010,4,8000,2026-08-02 12:46:48,sales_2026_08_02.csv,2026-08-02 12:46:48,4,8000.0
T000963,S003,C014,P025,2,210000,2026-08-02 09:26:57,sales_2026_08_02.csv,2026-08-02 09:26:57,2,210000.0
T000964,S001,C024,P005,2,120000,2026-08-02 09:22:56,sales_2026_08_02.csv,2026-08-02 09:22:56,2,120000.0
T000965,S004,C072,P014,1,7000,2026-08-02 18:28:29,sales_2026_08_02.csv,2026-08-02 18:28:29,1,7000.0
T000966,S005,C053,P018,1,25000,2026-08-02 13:18:08,sales_2026_08_02.csv,2026-08-02 13:18:08,1,25000.0
T000967,S001,C012,P004,4,25000,2026-08-02 18:29:06,sales_2026_08_02.csv,2026-08-02 18:29:06,4,25000.0
T000968,S005,C012,P012,1,12000,2026-08-02 09:47:57,sales_2026_08_02.csv,2026-08-02 09:47:57,1,12000.0
T000969,S005,C042,P020,2,180000,2026-08-02 14:05:54,sales_2026_08_02.csv,2026-08-02 14:05:54,2,180000.0
T000970,S004,C002,P028,4,28000,2026-08-02 10:17:05,sales_2026_08_02.csv,2026-08-02 10:17:05,4,28000.0
T000971,S004,C050,P010,1,8000,2026-08-02 10:47:06,sales_2026_08_02.csv,2026-08-02 10:47:06,1,8000.0
T000972,S001,C093,P025,4,210000,2026-08-02 08:19:50,sales_2026_08_02.csv,2026-08-02 08:19:50,4,210000.0
T000973,S005,C032,P029,2,32000,2026-08-02 09:18:30,sales_2026_08_02.csv,2026-08-02 09:18:30,2,32000.0
T000974,S005,C022,P019,1,55000,2026-08-02 18:05:07,sales_2026_08_02.csv,2026-08-02 18:05:07,1,55000.0
T000975,S004,C022,P022,1,18000,2026-08-02 11:32:12,sales_2026_08_02.csv,2026-08-02 11:32:12,1,18000.0
T000976,S003,C039,P005,4,120000,2026-08-02 14:41:21,sales_2026_08_02.csv,2026-08-02 14:41:21,4,120000.0
T000977,S004,C019,P009,1,45000,2026-08-02 13:06:54,sales_2026_08_02.csv,2026-08-02 13:06:54,1,45000.0
T000978,S002,C056,P003,4,15000,2026-08-02 12:24:17,sales_2026_08_02.csv,2026-08-02 12:24:17,4,15000.0
T000979,S004,C039,P009,3,45000,2026-08-02 13:51:02,sales_2026_08_02.csv,2026-08-02 13:51:02,3,45000.0
T000980,S001,C047,P016,3,95000,2026-08-02 10:03:34,sales_2026_08_02.csv,2026-08-02 10:03:34,3,95000.0
T000981,S002,C093,P009,4,45000,2026-08-02 18:52:28,sales_2026_08_02.csv,2026-08-02 18:52:28,4,45000.0
T000982,S004,C077,P021,1,10000,2026-08-02 17:00:04,sales_2026_08_02.csv,2026-08-02 17:00:04,1,10000.0
T000983,S002,C059,P020,4,180000,2026-08-02 16:09:27,sales_2026_08_02.csv,2026-08-02 16:09:27,4,180000.0
T000984,S002,C039,P004,2,25000,2026-08-02 13:09:22,sales_2026_08_02.csv,2026-08-02 13:09:22,2,25000.0
T000985,S004,C043,P001,4,450000,2026-08-02 09:40:53,sales_2026_08_02.csv,2026-08-02 09:40:53,4,450000.0
T000986,S005,C049,P027,4,18000,2026-08-02 18:07:38,sales_2026_08_02.csv,2026-08-02 18:07:38,4,18000.0
T000987,S003,C057,P026,3,30000,2026-08-02 11:45:18,sales_2026_08_02.csv,2026-08-02 11:45:18,3,30000.0
T000988,S004,C084,P011,3,75000,2026-08-02 08:33:04,sales_2026_08_02.csv,2026-08-02 08:33:04,3,75000.0
T000989,S002,C039,P020,4,180000,2026-08-02 11:45:59,sales_2026_08_02.csv,2026-08-02 11:45:59,4,180000.0
T000990,S005,C089,P011,1,75000,2026-08-02 16:44:20,sales_2026_08_02.csv,2026-08-02 16:44:20,1,75000.0
T000991,S004,C041,P007,3,165000,2026-08-02 14:50:59,sales_2026_08_02.csv,2026-08-02 14:50:59,3,165000.0
T000992,S004,C041,P006,1,280000,2026-08-02 16:15:33,sales_2026_08_02.csv,2026-08-02 16:15:33,1,280000.0
T000993,S004,C074,P010,3,8000,2026-08-02 16:43:47,sales_2026_08_02.csv,2026-08-02 16:43:47,3,8000.0
T000994,S002,C042,P026,4,30000,2026-08-02 10:19:53,sales_2026_08_02.csv,2026-08-02 10:19:53,4,30000.0
T000995,S003,C051,P013,1,35000,2026-08-02 18:09:41,sales_2026_08_02.csv,2026-08-02 18:09:41,1,35000.0
T000996,S001,C073,P012,3,12000,2026-08-02 12:49:04,sales_2026_08_02.csv,2026-08-02 12:49:04,3,12000.0
T000997,S005,C070,P007,2,165000,2026-08-02 15:01:44,sales_2026_08_02.csv,2026-08-02 15:01:44,2,165000.0
T000998,S005,C004,P006,4,280000,2026-08-02 08:01:31,sales_2026_08_02.csv,2026-08-02 08:01:31,4,280000.0
T000999,S004,C091,P024,3,40000,2026-08-02 18:55:37,sales_2026_08_02.csv,2026-08-02 18:55:37,3,40000.0
T001000,S004,C038,P007,2,165000,2026-08-02 11:05:23,sales_2026_08_02.csv,2026-08-02 11:05:23,2,165000.0
T001001,S001,C053,P027,4,18000,2026-08-02 08:40:57,sales_2026_08_02.csv,2026-08-02 08:40:57,4,18000.0
T001002,S004,C018,P022,2,18000,2026-08-02 13:02:27,sales_2026_08_02.csv,2026-08-02 13:02:27,2,18000.0
T001003,S003,C031,P021,4,10000,2026-08-02 09:25:09,sales_2026_08_02.csv,2026-08-02 09:25:09,4,10000.0
T001004,S002,C092,P009,2,45000,2026-08-02 09:40:32,sales_2026_08_02.csv,2026-08-02 09:40:32,2,45000.0
T001005,S004,C010,P014,4,7000,2026-08-02 14:57:18,sales_2026_08_02.csv,2026-08-02 14:57:18,4,7000.0
T001006,S005,C062,P015,2,30000,2026-08-02 12:19:19,sales_2026_08_02.csv,2026-08-02 12:19:19,2,30000.0
T001007,S004,C069,P019,1,55000,2026-08-02 18:08:25,sales_2026_08_02.csv,2026-08-02 18:08:25,1,55000.0
T001008,S004,C070,P017,3,85000,2026-08-02 11:30:38,sales_2026_08_02.csv,2026-08-02 11:30:38,3,85000.0
T001009,S003,C090,P002,2,520000,2026-08-02 15:59:16,sales_2026_08_02.csv,2026-08-02 15:59:16,2,520000.0
T001010,S005,C077,P029,3,32000,2026-08-02 13:04:19,sales_2026_08_02.csv,2026-08-02 13:04:19,3,32000.0
T001011,S001,C014,P021,2,10000,2026-08-02 15:15:34,sales_2026_08_02.csv,2026-08-02 15:15:34,2,10000.0
T001012,S002,C085,P025,3,210000,2026-08-02 14:35:47,sales_2026_08_02.csv,2026-08-02 14:35:47,3,210000.0
T001013,S003,C022,P022,1,18000,2026-08-02 13:12:02,sales_2026_08_02.csv,2026-08-02 13:12:02,1,18000.0
T001014,S005,C006,P021,3,10000,2026-08-02 18:27:02,sales_2026_08_02.csv,2026-08-02 18:27:02,3,10000.0
T001015,S004,C097,P019,3,55000,2026-08-02 11:46:11,sales_2026_08_02.csv,2026-08-02 11:46:11,3,55000.0
T001016,S004,C014,P011,3,75000,2026-08-02 09:56:58,sales_2026_08_02.csv,2026-08-02 09:56:58,3,75000.0
T001017,S001,C034,P001,1,450000,2026-08-02 15:27:32,sales_2026_08_02.csv,2026-08-02 15:27:32,1,450000.0
T001018,S005,C096,P008,4,390000,2026-08-02 17:18:21,sales_2026_08_02.csv,2026-08-02 17:18:21,4,390000.0
T001019,S005,C075,P017,3,85000,2026-08-02 08:26:34,sales_2026_08_02.csv,2026-08-02 08:26:34,3,85000.0
T001020,S005,C029,P023,4,22000,2026-08-02 12:56:45,sales_2026_08_02.csv,2026-08-02 12:56:45,4,22000.0
T001021,S003,C051,P015,2,30000,2026-08-02 17:49:02,sales_2026_08_02.csv,2026-08-02 17:49:02,2,30000.0
T001022,S005,C089,P015,3,30000,2026-08-02 16:14:44,sales_2026_08_02.csv,2026-08-02 16:14:44,3,30000.0
T001023,S002,C045,P017,2,85000,2026-08-02 18:54:35,sales_2026_08_02.csv,2026-08-02 18:54:35,2,85000.0
T001024,S004,C014,P001,2,450000,2026-08-02 13:50:43,sales_2026_08_02.csv,2026-08-02 13:50:43,2,450000.0
T001025,S004,C011,P010,4,8000,2026-08-02 15:15:35,sales_2026_08_02.csv,2026-08-02 15:15:35,4,8000.0
T001026,S002,C045,P004,1,25000,2026-08-02 11:19:38,sales_2026_08_02.csv,2026-08-02 11:19:38,1,25000.0
T001027,S003,C059,P010,2,8000,2026-08-02 18:25:22,sales_2026_08_02.csv,2026-08-02 18:25:22,2,8000.0
T001028,S002,C067,P026,3,30000,2026-08-02 12:01:46,sales_2026_08_02.csv,2026-08-02 12:01:46,3,30000.0
T001029,S003,C061,P016,3,95000,2026-08-02 16:07:25,sales_2026_08_02.csv,2026-08-02 16:07:25,3,95000.0
T001030,S004,C093,P004,2,25000,2026-08-02 12:26:04,sales_2026_08_02.csv,2026-08-02 12:26:04,2,25000.0
T001031,S004,C041,P023,4,22000,2026-08-02 14:10:48,sales_2026_08_02.csv,2026-08-02 14:10:48,4,22000.0
T001032,S003,C006,P003,1,15000,2026-08-02 15:55:03,sales_2026_08_02.csv,2026-08-02 15:55:03,1,15000.0
T001033,S001,C003,P026,3,30000,2026-08-02 13:35:53,sales_2026_08_02.csv,2026-08-02 13:35:53,3,30000.0
T001034,S003,C083,P028,3,28000,2026-08-02 17:58:40,sales_2026_08_02.csv,2026-08-02 17:58:40,3,28000.0
T001035,S002,C095,P004,2,25000,2026-08-02 12:36:44,sales_2026_08_02.csv,2026-08-02 12:36:44,2,25000.0
T001036,S005,C023,P008,1,390000,2026-08-02 15:07:04,sales_2026_08_02.csv,2026-08-02 15:07:04,1,390000.0
T001037,S002,C043,P018,2,25000,2026-08-02 11:45:57,sales_2026_08_02.csv,2026-08-02 11:45:57,2,25000.0
T001038,S004,C060,P018,3,25000,2026-08-02 12:29:23,sales_2026_08_02.csv,2026-08-02 12:29:23,3,25000.0
T001039,S004,C081,P008,2,390000,2026-08-02 12:50:25,sales_2026_08_02.csv,2026-08-02 12:50:25,2,390000.0
T001040,S002,C082,P006,2,280000,2026-08-02 09:23:01,sales_2026_08_02.csv,2026-08-02 09:23:01,2,280000.0
T001041,S004,C051,P022,4,18000,2026-08-02 09:00:32,sales_2026_08_02.csv,2026-08-02 09:00:32,4,18000.0
T001042,S005,C026,P001,2,450000,2026-08-02 15:20:32,sales_2026_08_02.csv,2026-08-02 15:20:32,2,450000.0
T001043,S005,C055,P015,1,30000,2026-08-02 15:12:38,sales_2026_08_02.csv,2026-08-02 15:12:38,1,30000.0
T001044,S001,C091,P013,3,35000,2026-08-02 15:17:31,sales_2026_08_02.csv,2026-08-02 15:17:31,3,35000.0
T001045,S002,C036,P007,2,165000,2026-08-02 08:13:02,sales_2026_08_02.csv,2026-08-02 08:13:02,2,165000.0
T001046,S001,C074,P025,4,210000,2026-08-02 11:35:31,sales_2026_08_02.csv,2026-08-02 11:35:31,4,210000.0
T001047,S005,C024,P004,4,25000,2026-08-02 10:10:33,sales_2026_08_02.csv,2026-08-02 10:10:33,4,25000.0
T001048,S003,C026,P012,1,12000,2026-08-02 16:33:34,sales_2026_08_02.csv,2026-08-02 16:33:34,1,12000.0
T001049,S001,C034,P015,4,30000,2026-08-02 17:28:00,sales_2026_08_02.csv,2026-08-02 17:28:00,4,30000.0
T001050,S004,C068,P022,4,18000,2026-08-02 10:42:48,sales_2026_08_02.csv,2026-08-02 10:42:48,4,18000.0
T001051,S003,C077,P021,4,10000,2026-08-02 15:20:46,sales_2026_08_02.csv,2026-08-02 15:20:46,4,10000.0
T001052,S005,C051,P013,1,35000,2026-08-02 09:25:22,sales_2026_08_02.csv,2026-08-02 09:25:22,1,35000.0
T001053,S001,C045,P019,4,55000,2026-08-02 11:01:36,sales_2026_08_02.csv,2026-08-02 11:01:36,4,55000.0
T001054,S004,C080,P012,4,12000,2026-08-02 09:31:30,sales_2026_08_02.csv,2026-08-02 09:31:30,4,12000.0
T001055,S003,C079,P006,2,280000,2026-08-02 11:07:07,sales_2026_08_02.csv,2026-08-02 11:07:07,2,280000.0
T001056,S001,C087,P019,2,55000,2026-08-02 15:25:19,sales_2026_08_02.csv,2026-08-02 15:25:19,2,55000.0
T001057,S003,C016,P005,4,120000,2026-08-02 18:00:48,sales_2026_08_02.csv,2026-08-02 18:00:48,4,120000.0
T001058,S003,C015,P008,3,390000,2026-08-02 10:13:39,sales_2026_08_02.csv,2026-08-02 10:13:39,3,390000.0
T001059,S003,C089,P006,4,280000,2026-08-02 13:57:46,sales_2026_08_02.csv,2026-08-02 13:57:46,4,280000.0
T001060,S005,C050,P005,3,120000,2026-08-02 15:42:55,sales_2026_08_02.csv,2026-08-02 15:42:55,3,120000.0
T001061,S005,C018,P014,4,7000,2026-08-02 18:28:55,sales_2026_08_02.csv,2026-08-02 18:28:55,4,7000.0
T001062,S004,C055,P019,3,55000,2026-08-02 14:42:38,sales_2026_08_02.csv,2026-08-02 14:42:38,3,55000.0
T001063,S004,C082,P006,3,280000,2026-08-02 10:48:22,sales_2026_08_02.csv,2026-08-02 10:48:22,3,280000.0
T001064,S002,C072,P018,2,25000,2026-08-02 14:52:48,sales_2026_08_02.csv,2026-08-02 14:52:48,2,25000.0
T001065,S004,C037,P006,1,280000,2026-08-02 11:31:31,sales_2026_08_02.csv,2026-08-02 11:31:31,1,280000.0
T001066,S002,C041,P005,3,120000,2026-08-02 18:44:14,sales_2026_08_02.csv,2026-08-02 18:44:14,3,120000.0
T001067,S004,C080,P027,3,18000,2026-08-02 12:23:47,sales_2026_08_02.csv,2026-08-02 12:23:47,3,18000.0
T001068,S003,C002,P002,2,520000,2026-08-02 15:32:22,sales_2026_08_02.csv,2026-08-02 15:32:22,2,520000.0
T001069,S002,C025,P016,3,95000,2026-08-02 08:15:19,sales_2026_08_02.csv,2026-08-02 08:15:19,3,95000.0
T001070,S004,C072,P027,3,18000,2026-08-02 12:24:02,sales_2026_08_02.csv,2026-08-02 12:24:02,3,18000.0
T001071,S004,C053,P017,3,85000,2026-08-02 17:37:34,sales_2026_08_02.csv,2026-08-02 17:37:34,3,85000.0
T001072,S004,C054,P022,4,18000,2026-08-02 14:42:45,sales_2026_08_02.csv,2026-08-02 14:42:45,4,18000.0
T001073,S004,C063,P023,2,22000,2026-08-02 12:53:00,sales_2026_08_02.csv,2026-08-02 12:53:00,2,22000.0
T001074,S001,C073,P006,1,280000,2026-08-02 18:17:43,sales_2026_08_02.csv,2026-08-02 18:17:43,1,280000.0
T001075,S002,C038,P001,4,450000,2026-08-02 17:23:37,sales_2026_08_02.csv,2026-08-02 17:23:37,4,450000.0
T001076,S003,C029,P002,2,520000,2026-08-02 11:32:39,sales_2026_08_02.csv,2026-08-02 11:32:39,2,520000.0
T001077,S003,C022,P018,4,25000,2026-08-02 13:59:24,sales_2026_08_02.csv,2026-08-02 13:59:24,4,25000.0
T001078,S004,C073,P025,3,210000,2026-08-02 13:23:17,sales_2026_08_02.csv,2026-08-02 13:23:17,3,210000.0
T001079,S004,C071,P024,2,40000,2026-08-02 14:57:15,sales_2026_08_02.csv,2026-08-02 14:57:15,2,40000.0
T001080,S001,C074,P017,4,85000,2026-08-02 11:40:30,sales_2026_08_02.csv,2026-08-02 11:40:30,4,85000.0
T001081,S003,C100,P004,4,25000,2026-08-02 10:41:10,sales_2026_08_02.csv,2026-08-02 10:41:10,4,25000.0
T001082,S003,C070,P018,2,25000,2026-08-02 18:02:21,sales_2026_08_02.csv,2026-08-02 18:02:21,2,25000.0
T001083,S001,C098,P027,4,18000,2026-08-02 18:09:45,sales_2026_08_02.csv,2026-08-02 18:09:45,4,18000.0
T001084,S004,C070,P024,2,40000,2026-08-02 17:16:35,sales_2026_08_02.csv,2026-08-02 17:16:35,2,40000.0
T001085,S004,C014,P007,4,165000,2026-08-02 18:45:36,sales_2026_08_02.csv,2026-08-02 18:45:36,4,165000.0
T001086,S002,C039,P024,1,40000,2026-08-02 16:11:41,sales_2026_08_02.csv,2026-08-02 16:11:41,1,40000.0
T001087,S001,C058,P028,4,28000,2026-08-02 16:24:40,sales_2026_08_02.csv,2026-08-02 16:24:40,4,28000.0
T001088,S003,C012,P009,1,45000,2026-08-02 16:23:18,sales_2026_08_02.csv,2026-08-02 16:23:18,1,45000.0
T001089,S001,C100,P015,1,30000,2026-08-02 13:17:12,sales_2026_08_02.csv,2026-08-02 13:17:12,1,30000.0
T001090,S002,C027,P026,3,30000,2026-08-02 13:01:15,sales_2026_08_02.csv,2026-08-02 13:01:15,3,30000.0
T001091,S005,C089,P026,3,30000,2026-08-02 10:38:32,sales_2026_08_02.csv,2026-08-02 10:38:32,3,30000.0
T001092,S005,C081,P012,3,12000,2026-08-02 15:05:34,sales_2026_08_02.csv,2026-08-02 15:05:34,3,12000.0
T001093,S002,C079,P014,3,7000,2026-08-02 11:10:57,sales_2026_08_02.csv,2026-08-02 11:10:57,3,7000.0
T001094,S002,C027,P005,2,120000,2026-08-02 10:50:09,sales_2026_08_02.csv,2026-08-02 10:50:09,2,120000.0
T001095,S001,C073,P026,2,30000,2026-08-02 14:26:44,sales_2026_08_02.csv,2026-08-02 14:26:44,2,30000.0
T001096,S005,C036,P012,2,12000,2026-08-02 12:30:35,sales_2026_08_02.csv,2026-08-02 12:30:35,2,12000.0
T001097,S005,C022,P020,2,180000,2026-08-02 10:24:26,sales_2026_08_02.csv,2026-08-02 10:24:26,2,180000.0
T001098,S003,C038,P011,3,75000,2026-08-02 16:58:35,sales_2026_08_02.csv,2026-08-02 16:58:35,3,75000.0
T001099,S003,C066,P019,2,55000,2026-08-02 17:27:58,sales_2026_08_02.csv,2026-08-02 17:27:58,2,55000.0
T001100,S001,C018,P029,3,32000,2026-08-02 09:50:40,sales_2026_08_02.csv,2026-08-02 09:50:40,3,32000.0
T001101,S004,C008,P025,2,210000,2026-08-02 08:04:57,sales_2026_08_02.csv,2026-08-02 08:04:57,2,210000.0
T001102,S002,C090,P009,1,45000,2026-08-02 11:41:50,sales_2026_08_02.csv,2026-08-02 11:41:50,1,45000.0
T001103,S002,C032,P028,2,28000,2026-08-02 16:46:21,sales_2026_08_02.csv,2026-08-02 16:46:21,2,28000.0
T001104,S003,C032,P005,1,120000,2026-08-02 17:13:51,sales_2026_08_02.csv,2026-08-02 17:13:51,1,120000.0
T001105,S004,C063,P025,1,210000,2026-08-02 09:31:17,sales_2026_08_02.csv,2026-08-02 09:31:17,1,210000.0
T001106,S005,C081,P005,3,120000,2026-08-02 16:31:03,sales_2026_08_02.csv,2026-08-02 16:31:03,3,120000.0
T001107,S004,C049,P009,3,45000,2026-08-02 09:16:21,sales_2026_08_02.csv,2026-08-02 09:16:21,3,45000.0
T001108,S001,C082,P015,1,30000,2026-08-02 12:17:26,sales_2026_08_02.csv,2026-08-02 12:17:26,1,30000.0
T001109,S001,C052,P026,2,30000,2026-08-02 18:59:04,sales_2026_08_02.csv,2026-08-02 18:59:04,2,30000.0
T001110,S003,C089,P017,2,85000,2026-08-02 10:07:06,sales_2026_08_02.csv,2026-08-02 10:07:06,2,85000.0
T001111,S003,C059,P030,4,50000,2026-08-02 09:41:36,sales_2026_08_02.csv,2026-08-02 09:41:36,4,50000.0
T001112,S003,C075,P016,1,95000,2026-08-02 12:39:02,sales_2026_08_02.csv,2026-08-02 12:39:02,1,95000.0
T001113,S001,C094,P001,2,450000,2026-08-02 14:48:58,sales_2026_08_02.csv,2026-08-02 14:48:58,2,450000.0
T001114,S003,C009,P015,4,30000,2026-08-02 18:15:42,sales_2026_08_02.csv,2026-08-02 18:15:42,4,30000.0
T001115,S005,C051,P026,2,30000,2026-08-02 18:47:20,sales_2026_08_02.csv,2026-08-02 18:47:20,2,30000.0
T001116,S004,C028,P007,3,165000,2026-08-02 08:45:57,sales_2026_08_02.csv,2026-08-02 08:45:57,3,165000.0
T001117,S003,C042,P016,4,95000,2026-08-02 09:31:04,sales_2026_08_02.csv,2026-08-02 09:31:04,4,95000.0
T001118,S003,C044,P027,3,18000,2026-08-02 16:41:53,sales_2026_08_02.csv,2026-08-02 16:41:53,3,18000.0
T001119,S005,C017,P018,1,25000,2026-08-02 10:58:37,sales_2026_08_02.csv,2026-08-02 10:58:37,1,25000.0
T001120,S004,C044,P019,2,55000,2026-08-02 17:44:00,sales_2026_08_02.csv,2026-08-02 17:44:00,2,55000.0
T001121,S001,C006,P029,1,32000,2026-08-02 15:17:52,sales_2026_08_02.csv,2026-08-02 15:17:52,1,32000.0
T001122,S004,C003,P004,2,25000,2026-08-02 09:13:49,sales_2026_08_02.csv,2026-08-02 09:13:49,2,25000.0
T001123,S002,C057,P004,3,25000,2026-08-02 17:09:28,sales_2026_08_02.csv,2026-08-02 17:09:28,3,25000.0
T001124,S001,C055,P015,3,30000,2026-08-02 09:56:23,sales_2026_08_02.csv,2026-08-02 09:56:23,3,30000.0
T001125,S002,C084,P007,1,165000,2026-08-02 12:39:30,sales_2026_08_02.csv,2026-08-02 12:39:30,1,165000.0
T001126,S002,C036,P010,3,8000,2026-08-02 14:04:26,sales_2026_08_02.csv,2026-08-02 14:04:26,3,8000.0
T001127,S003,C033,P003,1,15000,2026-08-02 13:30:30,sales_2026_08_02.csv,2026-08-02 13:30:30,1,15000.0
T001128,S003,C086,P003,2,15000,2026-08-02 15:32:52,sales_2026_08_02.csv,2026-08-02 15:32:52,2,15000.0
T001129,S002,C007,P029,4,32000,2026-08-02 15:10:46,sales_2026_08_02.csv,2026-08-02 15:10:46,4,32000.0
T001130,S003,C093,P013,1,35000,2026-08-02 18:54:44,sales_2026_08_02.csv,2026-08-02 18:54:44,1,35000.0
T001131,S002,C055,P023,1,22000,2026-08-02 18:59:37,sales_2026_08_02.csv,2026-08-02 18:59:37,1,22000.0
T001132,S001,C091,P021,1,10000,2026-08-02 13:40:51,sales_2026_08_02.csv,2026-08-02 13:40:51,1,10000.0
T001133,S001,C028,P004,1,25000,2026-08-02 09:02:49,sales_2026_08_02.csv,2026-08-02 09:02:49,1,25000.0
T001134,S001,C017,P016,3,95000,2026-08-02 16:00:22,sales_2026_08_02.csv,2026-08-02 16:00:22,3,95000.0
T001135,S002,C067,P019,1,55000,2026-08-02 18:44:35,sales_2026_08_02.csv,2026-08-02 18:44:35,1,55000.0
T001136,S004,C002,P022,2,18000,2026-08-02 11:30:05,sales_2026_08_02.csv,2026-08-02 11:30:05,2,18000.0
T001137,S003,C016,P001,2,450000,2026-08-02 13:04:23,sales_2026_08_02.csv,2026-08-02 13:04:23,2,450000.0
T001138,S004,C089,P028,1,28000,2026-08-02 12:40:21,sales_2026_08_02.csv,2026-08-02 12:40:21,1,28000.0
T001139,S004,C010,P005,1,120000,2026-08-02 08:33:56,sales_2026_08_02.csv,2026-08-02 08:33:56,1,120000.0
T001140,S004,C012,P008,2,390000,2026-08-02 15:23:41,sales_2026_08_02.csv,2026-08-02 15:23:41,2,390000.0
T001141,S001,C014,P024,4,40000,2026-08-02 11:53:12,sales_2026_08_02.csv,2026-08-02 11:53:12,4,40000.0
T001142,S003,C039,P011,2,75000,2026-08-02 16:39:43,sales_2026_08_02.csv,2026-08-02 16:39:43,2,75000.0
T001143,S004,C100,P005,3,120000,2026-08-02 17:09:11,sales_2026_08_02.csv,2026-08-02 17:09:11,3,120000.0
T001144,S002,C083,P027,4,18000,2026-08-02 17:02:00,sales_2026_08_02.csv,2026-08-02 17:02:00,4,18000.0
T001145,S002,C009,P022,4,18000,2026-08-02 12:34:59,sales_2026_08_02.csv,2026-08-02 12:34:59,4,18000.0
T001146,S005,C002,P017,2,85000,2026-08-02 11:32:13,sales_2026_08_02.csv,2026-08-02 11:32:13,2,85000.0
T001147,S002,C057,P020,1,180000,2026-08-02 16:14:13,sales_2026_08_02.csv,2026-08-02 16:14:13,1,180000.0
T001148,S002,C081,P012,3,12000,2026-08-02 16:48:55,sales_2026_08_02.csv,2026-08-02 16:48:55,3,12000.0
T001149,S002,C053,P024,1,40000,2026-08-02 13:24:13,sales_2026_08_02.csv,2026-08-02 13:24:13,1,40000.0
T001150,S004,C028,P020,1,180000,2026-08-02 17:49:24,sales_2026_08_02.csv,2026-08-02 17:49:24,1,180000.0
T001151,S001,C018,P003,2,15000,2026-08-02 09:34:58,sales_2026_08_02.csv,2026-08-02 09:34:58,2,15000.0
T001152,S001,C076,P025,3,210000,2026-08-02 17:40:11,sales_2026_08_02.csv,2026-08-02 17:40:11,3,210000.0
T001153,S004,C045,P024,4,40000,2026-08-02 09:03:25,sales_2026_08_02.csv,2026-08-02 09:03:25,4,40000.0
T001154,S003,C018,P014,2,7000,2026-08-02 09:41:19,sales_2026_08_02.csv,2026-08-02 09:41:19,2,7000.0
T001155,S003,C083,P008,2,390000,2026-08-02 13:52:20,sales_2026_08_02.csv,2026-08-02 13:52:20,2,390000.0
T001156,S002,C071,P003,2,15000,2026-08-02 08:44:33,sales_2026_08_02.csv,2026-08-02 08:44:33,2,15000.0
T001157,S005,C093,P020,3,180000,2026-08-02 08:34:51,sales_2026_08_02.csv,2026-08-02 08:34:51,3,180000.0
T001158,S003,C100,P020,1,180000,2026-08-02 08:00:20,sales_2026_08_02.csv,2026-08-02 08:00:20,1,180000.0
T001159,S001,C085,P023,1,22000,2026-08-02 12:47:58,sales_2026_08_02.csv,2026-08-02 12:47:58,1,22000.0
T001160,S003,C027,P029,4,32000,2026-08-02 16:31:15,sales_2026_08_02.csv,2026-08-02 16:31:15,4,32000.0
T001161,S005,C066,P017,1,85000,2026-08-02 08:22:59,sales_2026_08_02.csv,2026-08-02 08:22:59,1,85000.0
T001162,S004,C038,P007,2,165000,2026-08-02 15:10:29,sales_2026_08_02.csv,2026-08-02 15:10:29,2,165000.0
T001163,S001,C031,P021,3,10000,2026-08-02 17:03:15,sales_2026_08_02.csv,2026-08-02 17:03:15,3,10000.0
T001164,S004,C015,P016,2,95000,2026-08-02 09:50:52,sales_2026_08_02.csv,2026-08-02 09:50:52,2,95000.0
T001165,S004,C082,P008,1,390000,2026-08-02 09:36:55,sales_2026_08_02.csv,2026-08-02 09:36:55,1,390000.0
T001166,S001,C068,P020,1,180000,2026-08-02 17:28:07,sales_2026_08_02.csv,2026-08-02 17:28:07,1,180000.0
T001167,S001,C047,P029,2,32000,2026-08-02 17:03:15,sales_2026_08_02.csv,2026-08-02 17:03:15,2,32000.0
T001168,S003,C017,P030,3,50000,2026-08-02 13:55:42,sales_2026_08_02.csv,2026-08-02 13:55:42,3,50000.0
T001169,S005,C054,P013,2,35000,2026-08-02 17:00:40,sales_2026_08_02.csv,2026-08-02 17:00:40,2,35000.0
T001170,S005,C088,P012,1,12000,2026-08-02 09:01:13,sales_2026_08_02.csv,2026-08-02 09:01:13,1,12000.0
T001171,S004,C099,P006,2,280000,2026-08-02 12:20:21,sales_2026_08_02.csv,2026-08-02 12:20:21,2,280000.0
T001172,S001,C076,P003,3,15000,2026-08-02 16:06:56,sales_2026_08_02.csv,2026-08-02 16:06:56,3,15000.0
T001173,S001,C034,P003,3,15000,2026-08-02 10:49:55,sales_2026_08_02.csv,2026-08-02 10:49:55,3,15000.0
T001174,S001,C008,P007,2,165000,2026-08-02 16:16:32,sales_2026_08_02.csv,2026-08-02 16:16:32,2,165000.0
T001175,S004,C065,P026,1,30000,2026-08-02 13:32:45,sales_2026_08_02.csv,2026-08-02 13:32:45,1,30000.0
T001176,S005,C099,P010,3,8000,2026-08-02 16:15:10,sales_2026_08_02.csv,2026-08-02 16:15:10,3,8000.0
T001177,S004,C090,P014,3,7000,2026-08-02 13:06:41,sales_2026_08_02.csv,2026-08-02 13:06:41,3,7000.0
T001178,S001,C082,P013,2,35000,2026-08-02 12:02:49,sales_2026_08_02.csv,2026-08-02 12:02:49,2,35000.0
T001179,S005,C079,P018,2,25000,2026-08-02 10:24:39,sales_2026_08_02.csv,2026-08-02 10:24:39,2,25000.0
T001180,S003,C011,P005,3,120000,2026-08-02 10:17:31,sales_2026_08_02.csv,2026-08-02 10:17:31,3,120000.0
T001181,S001,C066,P010,3,8000,2026-08-02 16:15:59,sales_2026_08_02.csv,2026-08-02 16:15:59,3,8000.0
T001182,S002,C020,P030,4,50000,2026-08-02 09:18:28,sales_2026_08_02.csv,2026-08-02 09:18:28,4,50000.0
T001183,S003,C051,P018,4,25000,2026-08-02 08:56:44,sales_2026_08_02.csv,2026-08-02 08:56:44,4,25000.0
T001184,S001,C040,P019,2,55000,2026-08-02 09:56:21,sales_2026_08_02.csv,2026-08-02 09:56:21,2,55000.0
T001185,S004,C094,P023,1,22000,2026-08-02 09:55:43,sales_2026_08_02.csv,2026-08-02 09:55:43,1,22000.0
T001186,S002,C008,P028,1,28000,2026-08-02 17:03:15,sales_2026_08_02.csv,2026-08-02 17:03:15,1,28000.0
T001187,S001,C056,P008,1,390000,2026-08-02 12:23:00,sales_2026_08_02.csv,2026-08-02 12:23:00,1,390000.0
T001188,S004,C079,P004,3,25000,2026-08-02 18:53:39,sales_2026_08_02.csv,2026-08-02 18:53:39,3,25000.0
T001189,S001,C040,P020,4,180000,2026-08-02 09:30:33,sales_2026_08_02.csv,2026-08-02 09:30:33,4,180000.0
T001190,S002,C016,P022,4,18000,2026-08-02 15:11:20,sales_2026_08_02.csv,2026-08-02 15:11:20,4,18000.0
T001191,S002,C090,P001,1,450000,2026-08-02 12:56:09,sales_2026_08_02.csv,2026-08-02 12:56:09,1,450000.0
T001192,S002,C064,P001,4,450000,2026-08-02 12:19:19,sales_2026_08_02.csv,2026-08-02 12:19:19,4,450000.0
T001193,S005,C067,P012,1,12000,2026-08-02 17:37:33,sales_2026_08_02.csv,2026-08-02 17:37:33,1,12000.0
T001194,S003,C022,P026,4,30000,2026-08-02 18:43:53,sales_2026_08_02.csv,2026-08-02 18:43:53,4,30000.0
T001195,S002,C096,P012,4,12000,2026-08-02 17:36:05,sales_2026_08_02.csv,2026-08-02 17:36:05,4,12000.0
T001196,S003,C094,P025,2,210000,2026-08-02 10:06:55,sales_2026_08_02.csv,2026-08-02 10:06:55,2,210000.0
T001197,S001,C099,P029,3,32000,2026-08-02 10:25:43,sales_2026_08_02.csv,2026-08-02 10:25:43,3,32000.0
T001198,S001,C043,P029,2,32000,2026-08-02 15:13:00,sales_2026_08_02.csv,2026-08-02 15:13:00,2,32000.0
T001199,S004,C035,P026,4,30000,2026-08-02 11:10:47,sales_2026_08_02.csv,2026-08-02 11:10:47,4,30000.0
T001200,S001,C034,P017,2,85000,2026-08-02 16:04:55,sales_2026_08_02.csv,2026-08-02 16:04:55,2,85000.0
T001201,S005,C081,P023,1,22000,2026-08-02 14:13:50,sales_2026_08_02.csv,2026-08-02 14:13:50,1,22000.0
T001202,S004,C059,P003,3,15000,2026-08-02 14:03:35,sales_2026_08_02.csv,2026-08-02 14:03:35,3,15000.0
T001203,S003,C008,P017,2,85000,2026-08-02 17:06:50,sales_2026_08_02.csv,2026-08-02 17:06:50,2,85000.0
T001204,S005,C022,P016,2,95000,2026-08-02 15:48:57,sales_2026_08_02.csv,2026-08-02 15:48:57,2,95000.0
T001205,S002,C033,P012,2,12000,2026-08-02 08:17:32,sales_2026_08_02.csv,2026-08-02 08:17:32,2,12000.0
T001206,S001,C074,P025,3,210000,2026-08-02 08:32:38,sales_2026_08_02.csv,2026-08-02 08:32:38,3,210000.0
T001207,S001,C030,P022,4,18000,2026-08-02 14:37:01,sales_2026_08_02.csv,2026-08-02 14:37:01,4,18000.0
T001208,S005,C001,P024,2,40000,2026-08-02 13:20:53,sales_2026_08_02.csv,2026-08-02 13:20:53,2,40000.0
T001209,S001,C032,P002,3,520000,2026-08-02 10:51:43,sales_2026_08_02.csv,2026-08-02 10:51:43,3,520000.0
T001210,S004,C047,P002,2,520000,2026-08-02 12:36:18,sales_2026_08_02.csv,2026-08-02 12:36:18,2,520000.0
T001211,S002,C023,P013,2,35000,2026-08-02 16:20:13,sales_2026_08_02.csv,2026-08-02 16:20:13,2,35000.0
T001212,S001,C071,P030,1,50000,2026-08-02 17:05:33,sales_2026_08_02.csv,2026-08-02 17:05:33,1,50000.0
T001213,S004,C029,P026,2,30000,2026-08-02 14:10:24,sales_2026_08_02.csv,2026-08-02 14:10:24,2,30000.0
T001214,S002,C054,P011,1,75000,2026-08-02 12:14:20,sales_2026_08_02.csv,2026-08-02 12:14:20,1,75000.0
T001215,S003,C035,P030,4,50000,2026-08-02 10:58:39,sales_2026_08_02.csv,2026-08-02 10:58:39,4,50000.0
T001216,S001,C074,P027,1,18000,2026-08-02 13:44:27,sales_2026_08_02.csv,2026-08-02 13:44:27,1,18000.0
T001217,S001,C065,P012,1,12000,2026-08-02 11:27:44,sales_2026_08_02.csv,2026-08-02 11:27:44,1,12000.0
T001218,S001,C023,P022,2,18000,2026-08-02 14:12:18,sales_2026_08_02.csv,2026-08-02 14:12:18,2,18000.0
T001219,S005,C006,P008,3,390000,2026-08-02 15:26:35,sales_2026_08_02.csv,2026-08-02 15:26:35,3,390000.0
T001220,S001,C060,P013,4,35000,2026-08-02 08:43:36,sales_2026_08_02.csv,2026-08-02 08:43:36,4,35000.0
T001221,S003,C100,P028,2,28000,2026-08-02 08:00:42,sales_2026_08_02.csv,2026-08-02 08:00:42,2,28000.0
T001222,S003,C042,P028,1,28000,2026-08-02 10:20:06,sales_2026_08_02.csv,2026-08-02 10:20:06,1,28000.0
T001223,S005,C059,P003,3,15000,2026-08-02 17:50:22,sales_2026_08_02.csv,2026-08-02 17:50:22,3,15000.0
T001224,S003,C026,P001,4,450000,2026-08-02 15:06:33,sales_2026_08_02.csv,2026-08-02 15:06:33,4,450000.0
T001225,S005,C039,P010,4,8000,2026-08-02 09:53:29,sales_2026_08_02.csv,2026-08-02 09:53:29,4,8000.0
T001226,S005,C032,P024,4,40000,2026-08-02 17:47:34,sales_2026_08_02.csv,2026-08-02 17:47:34,4,40000.0
T001227,S003,C076,P015,1,30000,2026-08-02 13:10:10,sales_2026_08_02.csv,2026-08-02 13:10:10,1,30000.0
T001228,S002,C094,P016,4,95000,2026-08-02 13:14:13,sales_2026_08_02.csv,2026-08-02 13:14:13,4,95000.0
T001229,S005,C098,P029,4,32000,2026-08-02 18:17:27,sales_2026_08_02.csv,2026-08-02 18:17:27,4,32000.0
T001230,S002,C020,P026,2,30000,2026-08-02 08:39:15,sales_2026_08_02.csv,2026-08-02 08:39:15,2,30000.0
T001231,S004,C004,P001,2,450000,2026-08-02 10:22:01,sales_2026_08_02.csv,2026-08-02 10:22:01,2,450000.0
T001232,S005,C045,P008,2,390000,2026-08-02 14:26:36,sales_2026_08_02.csv,2026-08-02 14:26:36,2,390000.0
T001233,S001,C043,P021,2,10000,2026-08-02 10:09:01,sales_2026_08_02.csv,2026-08-02 10:09:01,2,10000.0
T001234,S004,C095,P001,2,450000,2026-08-02 15:28:29,sales_2026_08_02.csv,2026-08-02 15:28:29,2,450000.0
T001235,S003,C014,P024,1,40000,2026-08-02 10:21:18,sales_2026_08_02.csv,2026-08-02 10:21:18,1,40000.0
T001236,S005,C031,P007,4,165000,2026-08-02 09:05:26,sales_2026_08_02.csv,2026-08-02 09:05:26,4,165000.0
T001237,S004,C008,P014,2,7000,2026-08-02 10:16:36,sales_2026_08_02.csv,2026-08-02 10:16:36,2,7000.0
T001238,S003,C012,P005,1,120000,2026-08-02 12:39:00,sales_2026_08_02.csv,2026-08-02 12:39:00,1,120000.0
T001239,S002,C067,P002,3,520000,2026-08-02 09:56:15,sales_2026_08_02.csv,2026-08-02 09:56:15,3,520000.0
T001240,S003,C059,P014,1,7000,2026-08-02 09:28:53,sales_2026_08_02.csv,2026-08-02 09:28:53,1,7000.0
T001241,S001,C075,P024,3,40000,2026-08-02 17:27:47,sales_2026_08_02.csv,2026-08-02 17:27:47,3,40000.0
T001242,S005,C018,P004,1,25000,2026-08-02 11:31:27,sales_2026_08_02.csv,2026-08-02 11:31:27,1,25000.0
T001243,S004,C010,P021,2,10000,2026-08-02 11:58:06,sales_2026_08_02.csv,2026-08-02 11:58:06,2,10000.0
T001244,S005,C008,P019,1,55000,2026-08-02 08:36:28,sales_2026_08_02.csv,2026-08-02 08:36:28,1,55000.0
T001245,S002,C031,P014,3,7000,2026-08-02 11:55:51,sales_2026_08_02.csv,2026-08-02 11:55:51,3,7000.0
T001246,S003,C041,P010,2,8000,2026-08-02 10:54:46,sales_2026_08_02.csv,2026-08-02 10:54:46,2,8000.0
T001247,S004,C090,P030,4,50000,2026-08-02 14:42:55,sales_2026_08_02.csv,2026-08-02 14:42:55,4,50000.0
T001248,S003,C041,P027,2,18000,2026-08-02 10:15:33,sales_2026_08_02.csv,2026-08-02 10:15:33,2,18000.0
T001249,S003,C030,P015,4,30000,2026-08-02 17:46:19,sales_2026_08_02.csv,2026-08-02 17:46:19,4,30000.0
T001250,S002,C018,P003,1,15000,2026-08-02 18:13:34,sales_2026_08_02.csv,2026-08-02 18:13:34,1,15000.0
T001251,S005,C014,P025,3,210000,2026-08-02 09:05:53,sales_2026_08_02.csv,2026-08-02 09:05:53,3,210000.0
T001252,S001,C022,P005,4,120000,2026-08-02 09:10:53,sales_2026_08_02.csv,2026-08-02 09:10:53,4,120000.0
T001253,S004,C041,P015,1,30000,2026-08-02 09:16:06,sales_2026_08_02.csv,2026-08-02 09:16:06,1,30000.0
T001254,S001,C069,P014,2,7000,2026-08-02 14:48:54,sales_2026_08_02.csv,2026-08-02 14:48:54,2,7000.0
T001255,S002,C058,P012,2,12000,2026-08-02 09:20:29,sales_2026_08_02.csv,2026-08-02 09:20:29,2,12000.0
T001256,S004,C034,P010,1,8000,2026-08-02 17:22:34,sales_2026_08_02.csv,2026-08-02 17:22:34,1,8000.0
T001257,S001,C012,P028,4,28000,2026-08-02 16:17:49,sales_2026_08_02.csv,2026-08-02 16:17:49,4,28000.0
T001258,S003,C091,P006,1,280000,2026-08-02 17:01:04,sales_2026_08_02.csv,2026-08-02 17:01:04,1,280000.0
T001259,S005,C006,P023,3,22000,2026-08-02 13:47:11,sales_2026_08_02.csv,2026-08-02 13:47:11,3,22000.0
T001260,S003,C019,P007,1,165000,2026-08-02 18:57:48,sales_2026_08_02.csv,2026-08-02 18:57:48,1,165000.0
T001261,S002,C046,P003,2,15000,2026-08-02 08:29:09,sales_2026_08_02.csv,2026-08-02 08:29:09,2,15000.0
T001262,S005,C007,P013,1,35000,2026-08-02 12:24:50,sales_2026_08_02.csv,2026-08-02 12:24:50,1,35000.0
T001263,S003,C034,P022,1,18000,2026-08-02 11:33:47,sales_2026_08_02.csv,2026-08-02 11:33:47,1,18000.0
T001264,S002,C004,P027,2,18000,2026-08-02 18:26:06,sales_2026_08_02.csv,2026-08-02 18:26:06,2,18000.0
T001265,S004,C072,P013,1,35000,2026-08-02 14:20:43,sales_2026_08_02.csv,2026-08-02 14:20:43,1,35000.0
T001266,S005,C032,P024,4,40000,2026-08-02 16:52:05,sales_2026_08_02.csv,2026-08-02 16:52:05,4,40000.0
T001267,S004,C014,P004,4,25000,2026-08-02 09:52:25,sales_2026_08_02.csv,2026-08-02 09:52:25,4,25000.0
T001268,S002,C016,P026,4,30000,2026-08-02 18:45:53,sales_2026_08_02.csv,2026-08-02 18:45:53,4,30000.0
T001269,S001,C100,P001,2,450000,2026-08-02 13:29:06,sales_2026_08_02.csv,2026-08-02 13:29:06,2,450000.0
T001270,S002,C026,P008,3,390000,2026-08-02 13:25:49,sales_2026_08_02.csv,2026-08-02 13:25:49,3,390000.0
T001271,S004,C048,P027,2,18000,2026-08-02 18:40:47,sales_2026_08_02.csv,2026-08-02 18:40:47,2,18000.0
T001272,S001,C075,P022,4,18000,2026-08-02 12:11:17,sales_2026_08_02.csv,2026-08-02 12:11:17,4,18000.0
T001273,S003,C010,P019,4,55000,2026-08-02 12:22:21,sales_2026_08_02.csv,2026-08-02 12:22:21,4,55000.0
T001274,S001,C026,P001,4,450000,2026-08-02 14:25:56,sales_2026_08_02.csv,2026-08-02 14:25:56,4,450000.0
T001275,S004,C017,P029,2,32000,2026-08-02 09:24:30,sales_2026_08_02.csv,2026-08-02 09:24:30,2,32000.0
T001276,S003,C016,P003,3,15000,2026-08-02 11:31:54,sales_2026_08_02.csv,2026-08-02 11:31:54,3,15000.0
T001277,S004,C007,P002,1,520000,2026-08-02 10:07:31,sales_2026_08_02.csv,2026-08-02 10:07:31,1,520000.0
T001278,S005,C056,P006,4,280000,2026-08-02 09:08:10,sales_2026_08_02.csv,2026-08-02 09:08:10,4,280000.0
T001279,S004,C064,P027,4,18000,2026-08-02 17:31:39,sales_2026_08_02.csv,2026-08-02 17:31:39,4,18000.0
T001280,S004,C088,P001,1,450000,2026-08-02 14:28:57,sales_2026_08_02.csv,2026-08-02 14:28:57,1,450000.0
T001281,S002,C046,P014,3,7000,2026-08-02 11:56:43,sales_2026_08_02.csv,2026-08-02 11:56:43,3,7000.0
T001282,S002,C036,P007,3,165000,2026-08-02 12:29:43,sales_2026_08_02.csv,2026-08-02 12:29:43,3,165000.0
T001283,S004,C020,P009,2,45000,2026-08-02 12:44:48,sales_2026_08_02.csv,2026-08-02 12:44:48,2,45000.0
T001284,S005,C080,P002,4,520000,2026-08-02 14:57:52,sales_2026_08_02.csv,2026-08-02 14:57:52,4,520000.0
T001285,S002,C083,P020,2,180000,2026-08-02 18:11:40,sales_2026_08_02.csv,2026-08-02 18:11:40,2,180000.0
T001286,S004,C053,P010,4,8000,2026-08-02 18:15:38,sales_2026_08_02.csv,2026-08-02 18:15:38,4,8000.0
T001287,S005,C062,P029,3,32000,2026-08-02 12:18:23,sales_2026_08_02.csv,2026-08-02 12:18:23,3,32000.0
T001288,S001,C036,P002,4,520000,2026-08-02 11:37:18,sales_2026_08_02.csv,2026-08-02 11:37:18,4,520000.0
T001289,S002,C054,P013,2,35000,2026-08-02 12:57:41,sales_2026_08_02.csv,2026-08-02 12:57:41,2,35000.0
T001290,S005,C032,P007,4,165000,2026-08-02 14:14:50,sales_2026_08_02.csv,2026-08-02 14:14:50,4,165000.0
T001291,S005,C003,P021,2,10000,2026-08-02 13:04:47,sales_2026_08_02.csv,2026-08-02 13:04:47,2,10000.0
T001292,S003,C062,P013,2,35000,2026-08-02 15:14:46,sales_2026_08_02.csv,2026-08-02 15:14:46,2,35000.0
T001293,S004,C045,P018,2,25000,2026-08-02 14:05:54,sales_2026_08_02.csv,2026-08-02 14:05:54,2,25000.0
T001294,S005,C065,P030,2,50000,2026-08-02 11:31:40,sales_2026_08_02.csv,2026-08-02 11:31:40,2,50000.0
T001295,S004,C035,P011,4,75000,2026-08-02 11:48:10,sales_2026_08_02.csv,2026-08-02 11:48:10,4,75000.0
T001296,S001,C041,P006,1,280000,2026-08-02 12:09:52,sales_2026_08_02.csv,2026-08-02 12:09:52,1,280000.0
T001297,S002,C004,P020,3,180000,2026-08-02 09:02:27,sales_2026_08_02.csv,2026-08-02 09:02:27,3,180000.0
T001298,S003,C008,P029,2,32000,2026-08-02 09:49:36,sales_2026_08_02.csv,2026-08-02 09:49:36,2,32000.0
T001299,S004,C068,P026,3,30000,2026-08-02 15:57:15,sales_2026_08_02.csv,2026-08-02 15:57:15,3,30000.0
T001300,S005,C030,P012,4,12000,2026-08-02 12:16:48,sales_2026_08_02.csv,2026-08-02 12:16:48,4,12000.0
T001301,S001,C032,P006,4,280000,2026-08-02 10:21:35,sales_2026_08_02.csv,2026-08-02 10:21:35,4,280000.0
T001302,S002,C035,P022,4,18000,2026-08-02 14:11:21,sales_2026_08_02.csv,2026-08-02 14:11:21,4,18000.0
T001303,S001,C098,P018,4,25000,2026-08-02 16:18:39,sales_2026_08_02.csv,2026-08-02 16:18:39,4,25000.0
T001304,S005,C050,P008,3,390000,2026-08-02 10:49:53,sales_2026_08_02.csv,2026-08-02 10:49:53,3,390000.0
T001305,S002,C023,P012,3,12000,2026-08-02 17:05:40,sales_2026_08_02.csv,2026-08-02 17:05:40,3,12000.0
T001306,S005,C041,P008,4,390000,2026-08-02 18:12:09,sales_2026_08_02.csv,2026-08-02 18:12:09,4,390000.0
T001307,S003,C076,P026,1,30000,2026-08-02 14:34:16,sales_2026_08_02.csv,2026-08-02 14:34:16,1,30000.0
T001308,S003,C073,P001,1,450000,2026-08-02 15:21:30,sales_2026_08_02.csv,2026-08-02 15:21:30,1,450000.0
T001309,S002,C073,P019,4,55000,2026-08-02 08:34:42,sales_2026_08_02.csv,2026-08-02 08:34:42,4,55000.0
T001310,S004,C070,P007,3,165000,2026-08-02 18:24:02,sales_2026_08_02.csv,2026-08-02 18:24:02,3,165000.0
T001311,S002,C063,P010,4,8000,2026-08-02 12:19:02,sales_2026_08_02.csv,2026-08-02 12:19:02,4,8000.0
T001312,S001,C008,P002,1,520000,2026-08-02 18:09:46,sales_2026_08_02.csv,2026-08-02 18:09:46,1,520000.0
T001313,S005,C029,P008,4,390000,2026-08-02 14:22:07,sales_2026_08_02.csv,2026-08-02 14:22:07,4,390000.0
T001314,S005,C062,P001,4,450000,2026-08-02 08:03:02,sales_2026_08_02.csv,2026-08-02 08:03:02,4,450000.0
T001315,S003,C079,P001,3,450000,2026-08-02 08:25:26,sales_2026_08_02.csv,2026-08-02 08:25:26,3,450000.0
T001316,S002,C044,P007,4,165000,2026-08-02 15:29:04,sales_2026_08_02.csv,2026-08-02 15:29:04,4,165000.0
T001317,S002,C042,P023,4,22000,2026-08-02 14:11:21,sales_2026_08_02.csv,2026-08-02 14:11:21,4,22000.0
T001318,S001,C019,P002,1,520000,2026-08-02 08:17:30,sales_2026_08_02.csv,2026-08-02 08:17:30,1,520000.0
T001319,S002,C100,P019,2,55000,2026-08-02 16:10:41,sales_2026_08_02.csv,2026-08-02 16:10:41,2,55000.0
T001320,S005,C047,P004,1,25000,2026-08-02 17:22:24,sales_2026_08_02.csv,2026-08-02 17:22:24,1,25000.0
T001321,S003,C091,P003,1,15000,2026-08-02 13:27:38,sales_2026_08_02.csv,2026-08-02 13:27:38,1,15000.0
T001322,S004,C076,P022,1,18000,2026-08-02 13:07:23,sales_2026_08_02.csv,2026-08-02 13:07:23,1,18000.0
T001323,S003,C039,P004,2,25000,2026-08-02 08:03:36,sales_2026_08_02.csv,2026-08-02 08:03:36,2,25000.0
T001324,S002,C021,P011,3,75000,2026-08-02 16:39:11,sales_2026_08_02.csv,2026-08-02 16:39:11,3,75000.0
T001325,S004,C082,P024,4,40000,2026-08-02 11:38:16,sales_2026_08_02.csv,2026-08-02 11:38:16,4,40000.0
T001326,S003,C023,P016,4,95000,2026-08-02 17:39:59,sales_2026_08_02.csv,2026-08-02 17:39:59,4,95000.0
T001327,S005,C089,P023,4,22000,2026-08-02 12:06:13,sales_2026_08_02.csv,2026-08-02 12:06:13,4,22000.0
T001328,S005,C046,P029,4,32000,2026-08-02 14:12:57,sales_2026_08_02.csv,2026-08-02 14:12:57,4,32000.0
T001329,S005,C023,P008,1,390000,2026-08-02 10:58:25,sales_2026_08_02.csv,2026-08-02 10:58:25,1,390000.0
T001330,S003,C094,P013,3,35000,2026-08-02 09:45:59,sales_2026_08_02.csv,2026-08-02 09:45:59,3,35000.0
T001331,S003,C017,P023,2,22000,2026-08-02 16:31:26,sales_2026_08_02.csv,2026-08-02 16:31:26,2,22000.0
T001332,S001,C090,P006,1,280000,2026-08-02 13:27:44,sales_2026_08_02.csv,2026-08-02 13:27:44,1,280000.0
T001333,S004,C099,P019,1,55000,2026-08-02 13:54:04,sales_2026_08_02.csv,2026-08-02 13:54:04,1,55000.0
T001334,S001,C024,P019,1,55000,2026-08-02 18:37:10,sales_2026_08_02.csv,2026-08-02 18:37:10,1,55000.0
T001335,S003,C079,P020,1,180000,2026-08-02 18:35:57,sales_2026_08_02.csv,2026-08-02 18:35:57,1,180000.0
T001336,S005,C014,P008,4,390000,2026-08-02 17:24:43,sales_2026_08_02.csv,2026-08-02 17:24:43,4,390000.0
T001337,S004,C019,P030,4,50000,2026-08-02 10:03:49,sales_2026_08_02.csv,2026-08-02 10:03:49,4,50000.0
T001338,S001,C031,P011,4,75000,2026-08-02 14:32:13,sales_2026_08_02.csv,2026-08-02 14:32:13,4,75000.0
T001339,S003,C022,P012,4,12000,2026-08-02 17:39:34,sales_2026_08_02.csv,2026-08-02 17:39:34,4,12000.0
T001340,S001,C091,P021,3,10000,2026-08-02 12:07:08,sales_2026_08_02.csv,2026-08-02 12:07:08,3,10000.0
T001341,S003,C058,P022,1,18000,2026-08-02 09:06:43,sales_2026_08_02.csv,2026-08-02 09:06:43,1,18000.0
T001342,S003,C027,P001,2,450000,2026-08-02 16:55:14,sales_2026_08_02.csv,2026-08-02 16:55:14,2,450000.0
T001343,S001,C045,P008,3,390000,2026-08-02 13:17:57,sales_2026_08_02.csv,2026-08-02 13:17:57,3,390000.0
T001344,S001,C093,P009,1,45000,2026-08-02 14:12:29,sales_2026_08_02.csv,2026-08-02 14:12:29,1,45000.0
T001345,S001,C050,P001,3,450000,2026-08-02 18:48:12,sales_2026_08_02.csv,2026-08-02 18:48:12,3,450000.0
T001346,S004,C022,P015,3,30000,2026-08-02 14:40:45,sales_2026_08_02.csv,2026-08-02 14:40:45,3,30000.0
T001347,S004,C064,P029,4,32000,2026-08-02 12:40:29,sales_2026_08_02.csv,2026-08-02 12:40:29,4,32000.0
T001348,S004,C045,P029,4,32000,2026-08-02 12:04:11,sales_2026_08_02.csv,2026-08-02 12:04:11,4,32000.0
T001349,S004,C013,P018,1,25000,2026-08-02 12:35:37,sales_2026_08_02.csv,2026-08-02 12:35:37,1,25000.0
T001350,S004,C074,P027,1,18000,2026-08-02 09:18:08,sales_2026_08_02.csv,2026-08-02 09:18:08,1,18000.0
T001351,S002,C021,P021,4,10000,2026-08-02 16:44:32,sales_2026_08_02.csv,2026-08-02 16:44:32,4,10000.0
T001352,S001,C005,P015,1,30000,2026-08-02 17:12:53,sales_2026_08_02.csv,2026-08-02 17:12:53,1,30000.0
T001353,S001,C041,P010,1,8000,2026-08-02 11:07:42,sales_2026_08_02.csv,2026-08-02 11:07:42,1,8000.0
T001354,S001,C010,P009,3,45000,2026-08-02 11:20:30,sales_2026_08_02.csv,2026-08-02 11:20:30,3,45000.0
T001355,S002,C049,P011,3,75000,2026-08-02 17:37:03,sales_2026_08_02.csv,2026-08-02 17:37:03,3,75000.0
T001356,S001,C071,P006,1,280000,2026-08-02 08:15:49,sales_2026_08_02.csv,2026-08-02 08:15:49,1,280000.0
T001357,S001,C044,P029,4,32000,2026-08-02 13:43:30,sales_2026_08_02.csv,2026-08-02 13:43:30,4,32000.0
T001358,S005,C062,P020,3,180000,2026-08-02 13:06:01,sales_2026_08_02.csv,2026-08-02 13:06:01,3,180000.0
T001359,S001,C056,P023,2,22000,2026-08-02 15:35:29,sales_2026_08_02.csv,2026-08-02 15:35:29,2,22000.0
T001360,S002,C078,P021,3,10000,2026-08-02 09:47:50,sales_2026_08_02.csv,2026-08-02 09:47:50,3,10000.0
T001361,S004,C021,P029,3,32000,2026-08-02 15:21:05,sales_2026_08_02.csv,2026-08-02 15:21:05,3,32000.0
T001362,S001,C043,P002,1,520000,2026-08-02 12:08:38,sales_2026_08_02.csv,2026-08-02 12:08:38,1,520000.0
T001363,S002,C053,P007,4,165000,2026-08-02 14:48:21,sales_2026_08_02.csv,2026-08-02 14:48:21,4,165000.0
T001364,S005,C093,P023,1,22000,2026-08-02 08:26:27,sales_2026_08_02.csv,2026-08-02 08:26:27,1,22000.0
T001365,S005,C034,P030,3,50000,2026-08-02 13:04:44,sales_2026_08_02.csv,2026-08-02 13:04:44,3,50000.0
T001366,S003,C039,P022,4,18000,2026-08-02 13:44:41,sales_2026_08_02.csv,2026-08-02 13:44:41,4,18000.0
T001367,S001,C007,P008,4,390000,2026-08-02 10:21:27,sales_2026_08_02.csv,2026-08-02 10:21:27,4,390000.0
T001368,S005,C071,P013,2,35000,2026-08-02 09:32:09,sales_2026_08_02.csv,2026-08-02 09:32:09,2,35000.0
T001369,S004,C020,P027,3,18000,2026-08-02 10:04:23,sales_2026_08_02.csv,2026-08-02 10:04:23,3,18000.0
T001370,S003,C001,P002,2,520000,2026-08-02 11:47:07,sales_2026_08_02.csv,2026-08-02 11:47:07,2,520000.0
T001371,S001,C038,P014,1,7000,2026-08-02 09:03:53,sales_2026_08_02.csv,2026-08-02 09:03:53,1,7000.0
T001372,S005,C062,P027,3,18000,2026-08-02 18:25:13,sales_2026_08_02.csv,2026-08-02 18:25:13,3,18000.0
T001373,S001,C004,P007,1,165000,2026-08-02 12:27:17,sales_2026_08_02.csv,2026-08-02 12:27:17,1,165000.0
T001374,S002,C082,P007,1,165000,2026-08-02 16:53:55,sales_2026_08_02.csv,2026-08-02 16:53:55,1,165000.0
T001375,S001,C061,P010,2,8000,2026-08-02 18:43:06,sales_2026_08_02.csv,2026-08-02 18:43:06,2,8000.0
T001376,S001,C040,P028,1,28000,2026-08-02 08:53:17,sales_2026_08_02.csv,2026-08-02 08:53:17,1,28000.0
T001377,S004,C061,P026,3,30000,2026-08-02 15:10:06,sales_2026_08_02.csv,2026-08-02 15:10:06,3,30000.0
T001378,S003,C012,P016,4,95000,2026-08-02 17:35:07,sales_2026_08_02.csv,2026-08-02 17:35:07,4,95000.0
T001379,S005,C050,P021,4,10000,2026-08-02 14:58:35,sales_2026_08_02.csv,2026-08-02 14:58:35,4,10000.0
T001380,S003,C049,P006,2,280000,2026-08-02 12:43:09,sales_2026_08_02.csv,2026-08-02 12:43:09,2,280000.0
T001381,S002,C058,P012,1,12000,2026-08-02 12:44:30,sales_2026_08_02.csv,2026-08-02 12:44:30,1,12000.0
T001382,S003,C057,P002,2,520000,2026-08-02 08:23:41,sales_2026_08_02.csv,2026-08-02 08:23:41,2,520000.0
T001383,S003,C029,P015,1,30000,2026-08-02 13:52:50,sales_2026_08_02.csv,2026-08-02 13:52:50,1,30000.0
T001384,S003,C073,P027,2,18000,2026-08-02 18:55:44,sales_2026_08_02.csv,2026-08-02 18:55:44,2,18000.0
T001385,S002,C097,P002,2,520000,2026-08-02 18:32:44,sales_2026_08_02.csv,2026-08-02 18:32:44,2,520000.0
T001386,S001,C011,P023,3,22000,2026-08-02 08:26:39,sales_2026_08_02.csv,2026-08-02 08:26:39,3,22000.0
T001387,S003,C070,P022,1,18000,2026-08-02 15:45:49,sales_2026_08_02.csv,2026-08-02 15:45:49,1,18000.0
T001388,S005,C030,P014,3,7000,2026-08-02 11:19:09,sales_2026_08_02.csv,2026-08-02 11:19:09,3,7000.0
T001389,S001,C050,P018,3,25000,2026-08-02 17:55:58,sales_2026_08_02.csv,2026-08-02 17:55:58,3,25000.0
T001390,S005,C054,P027,2,18000,2026-08-02 08:29:46,sales_2026_08_02.csv,2026-08-02 08:29:46,2,18000.0
T001391,S004,C074,P018,2,25000,2026-08-02 18:17:40,sales_2026_08_02.csv,2026-08-02 18:17:40,2,25000.0
T001392,S002,C061,P029,4,32000,2026-08-02 17:12:44,sales_2026_08_02.csv,2026-08-02 17:12:44,4,32000.0
T001393,S001,C051,P010,4,8000,2026-08-02 09:17:33,sales_2026_08_02.csv,2026-08-02 09:17:33,4,8000.0
T001394,S001,C065,P029,2,32000,2026-08-02 08:39:29,sales_2026_08_02.csv,2026-08-02 08:39:29,2,32000.0
T001395,S005,C074,P019,1,55000,2026-08-02 17:10:54,sales_2026_08_02.csv,2026-08-02 17:10:54,1,55000.0
T001396,S005,C019,P022,4,18000,2026-08-02 09:42:48,sales_2026_08_02.csv,2026-08-02 09:42:48,4,18000.0
T001397,S004,C023,P004,3,25000,2026-08-02 13:53:01,sales_2026_08_02.csv,2026-08-02 13:53:01,3,25000.0
T001398,S002,C025,P006,1,280000,2026-08-02 18:04:23,sales_2026_08_02.csv,2026-08-02 18:04:23,1,280000.0
T001399,S001,C055,P005,4,120000,2026-08-02 14:14:30,sales_2026_08_02.csv,2026-08-02 14:14:30,4,120000.0
T001400,S004,C026,P003,3,15000,2026-08-02 12:22:10,sales_2026_08_02.csv,2026-08-02 12:22:10,3,15000.0
T001401,S002,C077,P027,4,18000,2026-08-02 12:53:42,sales_2026_08_02.csv,2026-08-02 12:53:42,4,18000.0
T001402,S003,C094,P009,4,45000,2026-08-02 08:41:39,sales_2026_08_02.csv,2026-08-02 08:41:39,4,45000.0
T001403,S001,C012,P030,1,50000,2026-08-02 18:39:22,sales_2026_08_02.csv,2026-08-02 18:39:22,1,50000.0
T001404,S005,C051,P013,2,35000,2026-08-02 11:25:01,sales_2026_08_02.csv,2026-08-02 11:25:01,2,35000.0
T001405,S003,C036,P018,4,25000,2026-08-02 10:04:58,sales_2026_08_02.csv,2026-08-02 10:04:58,4,25000.0
T001406,S004,C002,P017,3,85000,2026-08-02 11:08:47,sales_2026_08_02.csv,2026-08-02 11:08:47,3,85000.0
T001407,S005,C076,P026,1,30000,2026-08-02 18:36:29,sales_2026_08_02.csv,2026-08-02 18:36:29,1,30000.0
T001408,S004,C015,P017,1,85000,2026-08-02 09:02:13,sales_2026_08_02.csv,2026-08-02 09:02:13,1,85000.0
T001409,S002,C019,P014,3,7000,2026-08-02 17:32:25,sales_2026_08_02.csv,2026-08-02 17:32:25,3,7000.0
T001410,S005,C075,P019,1,55000,2026-08-02 15:47:10,sales_2026_08_02.csv,2026-08-02 15:47:10,1,55000.0
T001411,S001,C014,P025,3,210000,2026-08-02 17:07:48,sales_2026_08_02.csv,2026-08-02 17:07:48,3,210000.0
T001412,S001,C037,P019,1,55000,2026-08-02 18:44:05,sales_2026_08_02.csv,2026-08-02 18:44:05,1,55000.0
T001413,S005,C045,P028,3,28000,2026-08-02 17:15:49,sales_2026_08_02.csv,2026-08-02 17:15:49,3,28000.0
T001414,S004,C034,P029,2,32000,2026-08-02 18:22:37,sales_2026_08_02.csv,2026-08-02 18:22:37,2,32000.0
T001415,S004,C074,P013,3,35000,2026-08-02 09:23:46,sales_2026_08_02.csv,2026-08-02 09:23:46,3,35000.0
T001416,S004,C005,P020,4,180000,2026-08-02 16:45:13,sales_2026_08_02.csv,2026-08-02 16:45:13,4,180000.0
T001417,S003,C052,P006,2,280000,2026-08-02 14:00:08,sales_2026_08_02.csv,2026-08-02 14:00:08,2,280000.0
T001418,S005,C078,P005,2,120000,2026-08-02 13:58:42,sales_2026_08_02.csv,2026-08-02 13:58:42,2,120000.0
T001419,S004,C005,P022,4,18000,2026-08-02 17:53:17,sales_2026_08_02.csv,2026-08-02 17:53:17,4,18000.0
T001420,S003,C089,P013,1,35000,2026-08-02 18:41:23,sales_2026_08_02.csv,2026-08-02 18:41:23,1,35000.0
T001421,S001,C096,P008,2,390000,2026-08-02 15:45:11,sales_2026_08_02.csv,2026-08-02 15:45:11,2,390000.0
T001422,S003,C048,P016,4,95000,2026-08-02 13:18:44,sales_2026_08_02.csv,2026-08-02 13:18:44,4,95000.0
T001423,S003,C039,P001,2,450000,2026-08-02 13:01:13,sales_2026_08_02.csv,2026-08-02 13:01:13,2,450000.0
T001424,S003,C063,P010,4,8000,2026-08-02 12:14:59,sales_2026_08_02.csv,2026-08-02 12:14:59,4,8000.0
T001425,S001,C030,P028,2,28000,2026-08-02 11:58:39,sales_2026_08_02.csv,2026-08-02 11:58:39,2,28000.0
T001426,S003,C096,P005,1,120000,2026-08-02 12:18:23,sales_2026_08_02.csv,2026-08-02 12:18:23,1,120000.0
T001427,S003,C035,P015,1,30000,2026-08-02 08:59:14,sales_2026_08_02.csv,2026-08-02 08:59:14,1,30000.0
T001428,S004,C078,P024,3,40000,2026-08-02 08:51:06,sales_2026_08_02.csv,2026-08-02 08:51:06,3,40000.0
T001429,S001,C025,P021,3,10000,2026-08-02 16:34:42,sales_2026_08_02.csv,2026-08-02 16:34:42,3,10000.0
T001430,S002,C053,P015,3,30000,2026-08-02 12:54:24,sales_2026_08_02.csv,2026-08-02 12:54:24,3,30000.0
T001431,S004,C098,P024,1,40000,2026-08-02 18:14:15,sales_2026_08_02.csv,2026-08-02 18:14:15,1,40000.0
T001432,S003,C008,P017,4,85000,2026-08-02 14:44:03,sales_2026_08_02.csv,2026-08-02 14:44:03,4,85000.0
T001433,S002,C009,P017,1,85000,2026-08-02 08:23:12,sales_2026_08_02.csv,2026-08-02 08:23:12,1,85000.0
T001434,S005,C052,P010,2,8000,2026-08-02 09:43:57,sales_2026_08_02.csv,2026-08-02 09:43:57,2,8000.0
T001435,S005,C073,P005,4,120000,2026-08-02 10:15:50,sales_2026_08_02.csv,2026-08-02 10:15:50,4,120000.0
T001436,S002,C025,P001,2,450000,2026-08-02 18:43:59,sales_2026_08_02.csv,2026-08-02 18:43:59,2,450000.0
T001437,S002,C008,P029,4,32000,2026-08-02 10:24:20,sales_2026_08_02.csv,2026-08-02 10:24:20,4,32000.0
T001438,S001,C059,P008,2,390000,2026-08-02 13:40:23,sales_2026_08_02.csv,2026-08-02 13:40:23,2,390000.0
T001439,S003,C091,P002,3,520000,2026-08-02 18:17:52,sales_2026_08_02.csv,2026-08-02 18:17:52,3,520000.0
T001440,S003,C048,P007,4,165000,2026-08-02 18:44:56,sales_2026_08_02.csv,2026-08-02 18:44:56,4,165000.0
T001441,S004,C065,P027,1,18000,2026-08-02 10:35:59,sales_2026_08_02.csv,2026-08-02 10:35:59,1,18000.0
T001442,S001,C088,P013,3,35000,2026-08-02 08:32:25,sales_2026_08_02.csv,2026-08-02 08:32:25,3,35000.0
T001443,S002,C048,P001,2,450000,2026-08-02 09:41:22,sales_2026_08_02.csv,2026-08-02 09:41:22,2,450000.0
T001444,S005,C058,P016,4,95000,2026-08-02 08:41:47,sales_2026_08_02.csv,2026-08-02 08:41:47,4,95000.0
T001445,S004,C076,P006,1,280000,2026-08-02 10:08:46,sales_2026_08_02.csv,2026-08-02 10:08:46,1,280000.0
T001446,S003,C045,P018,1,25000,2026-08-02 14:15:15,sales_2026_08_02.csv,2026-08-02 14:15:15,1,25000.0
T001447,S003,C096,P006,2,280000,2026-08-02 18:02:12,sales_2026_08_02.csv,2026-08-02 18:02:12,2,280000.0
T001448,S001,C037,P027,2,18000,2026-08-02 13:54:33,sales_2026_08_02.csv,2026-08-02 13:54:33,2,18000.0
T001449,S004,C007,P001,3,450000,2026-08-02 14:53:09,sales_2026_08_02.csv,2026-08-02 14:53:09,3,450000.0
T001450,S005,C100,P006,4,280000,2026-08-02 10:13:13,sales_2026_08_02.csv,2026-08-02 10:13:13,4,280000.0
T001451,S002,C083,P007,3,165000,2026-08-02 16:48:23,sales_2026_08_02.csv,2026-08-02 16:48:23,3,165000.0
T001452,S002,C035,P008,4,390000,2026-08-02 14:47:44,sales_2026_08_02.csv,2026-08-02 14:47:44,4,390000.0
T001453,S004,C066,P021,3,10000,2026-08-02 17:30:19,sales_2026_08_02.csv,2026-08-02 17:30:19,3,10000.0
T001454,S001,C061,P001,3,450000,2026-08-02 18:26:14,sales_2026_08_02.csv,2026-08-02 18:26:14,3,450000.0
T001455,S002,C083,P030,1,50000,2026-08-02 11:49:36,sales_2026_08_02.csv,2026-08-02 11:49:36,1,50000.0
T001456,S005,C002,P006,1,280000,2026-08-02 08:59:46,sales_2026_08_02.csv,2026-08-02 08:59:46,1,280000.0
T001457,S003,C078,P008,2,390000,2026-08-02 10:29:06,sales_2026_08_02.csv,2026-08-02 10:29:06,2,390000.0
T001458,S003,C092,P026,2,30000,2026-08-02 12:48:58,sales_2026_08_02.csv,2026-08-02 12:48:58,2,30000.0
T001459,S003,C055,P023,3,22000,2026-08-02 18:24:09,sales_2026_08_02.csv,2026-08-02 18:24:09,3,22000.0
T001460,S004,C045,P029,4,32000,2026-08-02 12:09:41,sales_2026_08_02.csv,2026-08-02 12:09:41,4,32000.0
T001461,S003,C028,P015,2,30000,2026-08-02 16:28:42,sales_2026_08_02.csv,2026-08-02 16:28:42,2,30000.0
T001462,S003,C087,P015,1,30000,2026-08-02 13:56:42,sales_2026_08_02.csv,2026-08-02 13:56:42,1,30000.0
T001463,S005,C051,P017,2,85000,2026-08-02 10:00:39,sales_2026_08_02.csv,2026-08-02 10:00:39,2,85000.0
T001464,S001,C001,P019,3,55000,2026-08-02 11:31:41,sales_2026_08_02.csv,2026-08-02 11:31:41,3,55000.0
T001465,S003,C072,P017,1,85000,2026-08-02 15:11:06,sales_2026_08_02.csv,2026-08-02 15:11:06,1,85000.0
T001466,S005,C078,P021,1,10000,2026-08-02 15:24:04,sales_2026_08_02.csv,2026-08-02 15:24:04,1,10000.0
T001467,S003,C088,P010,1,8000,2026-08-02 12:46:56,sales_2026_08_02.csv,2026-08-02 12:46:56,1,8000.0
T001468,S004,C009,P004,4,25000,2026-08-02 10:30:54,sales_2026_08_02.csv,2026-08-02 10:30:54,4,25000.0
T001469,S003,C082,P011,4,75000,2026-08-02 15:56:27,sales_2026_08_02.csv,2026-08-02 15:56:27,4,75000.0
T001470,S003,C034,P011,4,75000,2026-08-02 09:51:27,sales_2026_08_02.csv,2026-08-02 09:51:27,4,75000.0
T001471,S003,C025,P021,3,10000,2026-08-02 18:18:12,sales_2026_08_02.csv,2026-08-02 18:18:12,3,10000.0
T001472,S005,C098,P005,4,120000,2026-08-02 10:04:00,sales_2026_08_02.csv,2026-08-02 10:04:00,4,120000.0
T001473,S001,C077,P008,4,390000,2026-08-02 09:10:49,sales_2026_08_02.csv,2026-08-02 09:10:49,4,390000.0
T001474,S003,C088,P013,3,35000,2026-08-02 13:28:26,sales_2026_08_02.csv,2026-08-02 13:28:26,3,35000.0
T001475,S001,C084,P005,3,120000,2026-08-02 13:42:54,sales_2026_08_02.csv,2026-08-02 13:42:54,3,120000.0
T001476,S003,C034,P016,1,95000,2026-08-02 13:35:24,sales_2026_08_02.csv,2026-08-02 13:35:24,1,95000.0
T001477,S004,C052,P030,4,50000,2026-08-02 12:48:12,sales_2026_08_02.csv,2026-08-02 12:48:12,4,50000.0
T001478,S001,C075,P013,2,35000,2026-08-02 18:56:34,sales_2026_08_02.csv,2026-08-02 18:56:34,2,35000.0
T001479,S005,C025,P023,1,22000,2026-08-02 13:20:56,sales_2026_08_02.csv,2026-08-02 13:20:56,1,22000.0
T001480,S002,C088,P011,3,75000,2026-08-02 13:15:26,sales_2026_08_02.csv,2026-08-02 13:15:26,3,75000.0
T001481,S004,C086,P018,4,25000,2026-08-02 12:38:21,sales_2026_08_02.csv,2026-08-02 12:38:21,4,25000.0
T001482,S005,C039,P012,4,12000,2026-08-02 08:44:06,sales_2026_08_02.csv,2026-08-02 08:44:06,4,12000.0
T001483,S002,C085,P028,3,28000,2026-08-02 14:31:21,sales_2026_08_02.csv,2026-08-02 14:31:21,3,28000.0
T001484,S005,C024,P029,1,32000,2026-08-02 10:30:27,sales_2026_08_02.csv,2026-08-02 10:30:27,1,32000.0
T001485,S001,C061,P010,3,8000,2026-08-02 15:00:49,sales_2026_08_02.csv,2026-08-02 15:00:49,3,8000.0
T001486,S003,C093,P005,3,120000,2026-08-02 08:33:33,sales_2026_08_02.csv,2026-08-02 08:33:33,3,120000.0
T001487,S005,C098,P026,3,30000,2026-08-02 18:47:42,sales_2026_08_02.csv,2026-08-02 18:47:42,3,30000.0
T001488,S002,C088,P030,1,50000,2026-08-02 13:09:32,sales_2026_08_02.csv,2026-08-02 13:09:32,1,50000.0
T001489,S003,C084,P029,2,32000,2026-08-02 17:51:51,sales_2026_08_02.csv,2026-08-02 17:51:51,2,32000.0
T001490,S002,C046,P003,2,15000,2026-08-02 13:13:52,sales_2026_08_02.csv,2026-08-02 13:13:52,2,15000.0
T001491,S003,C054,P008,3,390000,2026-08-02 08:39:49,sales_2026_08_02.csv,2026-08-02 08:39:49,3,390000.0
T001492,S003,C048,P026,4,30000,2026-08-02 17:02:39,sales_2026_08_02.csv,2026-08-02 17:02:39,4,30000.0
T001493,S005,C038,P009,3,45000,2026-08-02 15:07:48,sales_2026_08_02.csv,2026-08-02 15:07:48,3,45000.0
T001494,S001,C061,P015,3,30000,2026-08-02 16:35:57,sales_2026_08_02.csv,2026-08-02 16:35:57,3,30000.0
T001495,S005,C075,P002,4,520000,2026-08-02 12:42:35,sales_2026_08_02.csv,2026-08-02 12:42:35,4,520000.0
T001496,S001,C061,P020,2,180000,2026-08-02 15:01:02,sales_2026_08_02.csv,2026-08-02 15:01:02,2,180000.0
T001497,S002,C065,P029,1,32000,2026-08-02 17:25:06,sales_2026_08_02.csv,2026-08-02 17:25:06,1,32000.0
T001498,S004,C068,P004,4,25000,2026-08-02 14:56:30,sales_2026_08_02.csv,2026-08-02 14:56:30,4,25000.0
T001499,S004,C007,P010,2,8000,2026-08-02 11:49:27,sales_2026_08_02.csv,2026-08-02 11:49:27,2,8000.0
T001500,S002,C018,P028,2,28000,2026-08-02 15:17:16,sales_2026_08_02.csv,2026-08-02 15:17:16,2,28000.0
T001501,S003,C053,P007,4,165000,2026-08-02 15:23:25,sales_2026_08_02.csv,2026-08-02 15:23:25,4,165000.0
T001502,S004,C019,P019,4,55000,2026-08-02 18:33:59,sales_2026_08_02.csv,2026-08-02 18:33:59,4,55000.0
T001503,S002,C100,P011,3,75000,2026-08-02 12:04:48,sales_2026_08_02.csv,2026-08-02 12:04:48,3,75000.0
T001504,S004,C043,P003,3,15000,2026-08-02 12:40:33,sales_2026_08_02.csv,2026-08-02 12:40:33,3,15000.0
T001505,S002,C041,P021,3,10000,2026-08-02 16:56:00,sales_2026_08_02.csv,2026-08-02 16:56:00,3,10000.0
T001506,S001,C001,P021,2,10000,2026-08-02 13:33:48,sales_2026_08_02.csv,2026-08-02 13:33:48,2,10000.0
T001507,S003,C027,P015,1,30000,2026-08-02 16:06:08,sales_2026_08_02.csv,2026-08-02 16:06:08,1,30000.0
T001508,S002,C074,P025,2,210000,2026-08-02 13:03:24,sales_2026_08_02.csv,2026-08-02 13:03:24,2,210000.0
T001509,S002,C063,P025,3,210000,2026-08-02 10:22:13,sales_2026_08_02.csv,2026-08-02 10:22:13,3,210000.0
T001510,S001,C017,P026,3,30000,2026-08-02 16:11:50,sales_2026_08_02.csv,2026-08-02 16:11:50,3,30000.0
T001511,S004,C082,P020,2,180000,2026-08-02 09:26:33,sales_2026_08_02.csv,2026-08-02 09:26:33,2,180000.0
T001512,S004,C055,P014,2,7000,2026-08-02 10:11:03,sales_2026_08_02.csv,2026-08-02 10:11:03,2,7000.0
T001513,S004,C001,P016,2,95000,2026-08-02 14:53:42,sales_2026_08_02.csv,2026-08-02 14:53:42,2,95000.0
T001514,S005,C026,P002,1,520000,2026-08-02 16:13:11,sales_2026_08_02.csv,2026-08-02 16:13:11,1,520000.0
T001515,S003,C002,P024,1,40000,2026-08-02 17:50:29,sales_2026_08_02.csv,2026-08-02 17:50:29,1,40000.0
T001516,S003,C097,P029,3,32000,2026-08-02 10:59:54,sales_2026_08_02.csv,2026-08-02 10:59:54,3,32000.0
T001517,S005,C025,P027,3,18000,2026-08-02 09:13:04,sales_2026_08_02.csv,2026-08-02 09:13:04,3,18000.0
T001518,S001,C081,P001,1,450000,2026-08-02 18:30:59,sales_2026_08_02.csv,2026-08-02 18:30:59,1,450000.0
T001519,S002,C029,P024,4,40000,2026-08-02 09:41:55,sales_2026_08_02.csv,2026-08-02 09:41:55,4,40000.0
T001520,S003,C040,P023,2,22000,2026-08-02 10:10:27,sales_2026_08_02.csv,2026-08-02 10:10:27,2,22000.0
T001521,S001,C050,P005,2,120000,2026-08-02 11:12:16,sales_2026_08_02.csv,2026-08-02 11:12:16,2,120000.0
T001522,S005,C040,P017,2,85000,2026-08-02 13:49:23,sales_2026_08_02.csv,2026-08-02 13:49:23,2,85000.0
T001523,S001,C006,P006,1,280000,2026-08-02 17:42:39,sales_2026_08_02.csv,2026-08-02 17:42:39,1,280000.0
T001524,S003,C059,P010,3,8000,2026-08-02 16:21:57,sales_2026_08_02.csv,2026-08-02 16:21:57,3,8000.0
T001525,S005,C077,P024,1,40000,2026-08-02 15:47:23,sales_2026_08_02.csv,2026-08-02 15:47:23,1,40000.0
T001526,S003,C056,P017,4,85000,2026-08-02 09:55:37,sales_2026_08_02.csv,2026-08-02 09:55:37,4,85000.0
T001527,S002,C044,P029,4,32000,2026-08-02 11:56:04,sales_2026_08_02.csv,2026-08-02 11:56:04,4,32000.0
T001528,S004,C046,P029,4,32000,2026-08-02 13:15:44,sales_2026_08_02.csv,2026-08-02 13:15:44,4,32000.0
T001529,S002,C022,P025,4,210000,2026-08-02 09:37:18,sales_2026_08_02.csv,2026-08-02 09:37:18,4,210000.0
T001530,S004,C003,P030,2,50000,2026-08-02 11:00:27,sales_2026_08_02.csv,2026-08-02 11:00:27,2,50000.0
T001531,S002,C094,P008,1,390000,2026-08-02 11:23:29,sales_2026_08_02.csv,2026-08-02 11:23:29,1,390000.0
T001532,S002,C094,P005,2,120000,2026-08-02 09:24:00,sales_2026_08_02.csv,2026-08-02 09:24:00,2,120000.0
T001533,S005,C065,P001,3,450000,2026-08-02 14:03:09,sales_2026_08_02.csv,2026-08-02 14:03:09,3,450000.0
T001534,S001,C047,P006,4,280000,2026-08-02 15:45:19,sales_2026_08_02.csv,2026-08-02 15:45:19,4,280000.0
T001535,S001,C049,P023,1,22000,2026-08-02 08:46:09,sales_2026_08_02.csv,2026-08-02 08:46:09,1,22000.0
T001536,S003,C099,P029,2,32000,2026-08-02 13:17:32,sales_2026_08_02.csv,2026-08-02 13:17:32,2,32000.0
T001537,S005,C007,P018,1,25000,2026-08-02 16:36:15,sales_2026_08_02.csv,2026-08-02 16:36:15,1,25000.0
T001538,S001,C085,P020,3,180000,2026-08-02 16:13:40,sales_2026_08_02.csv,2026-08-02 16:13:40,3,180000.0
T001539,S001,C007,P004,1,25000,2026-08-02 16:57:56,sales_2026_08_02.csv,2026-08-02 16:57:56,1,25000.0
T001540,S001,C054,P023,1,22000,2026-08-02 12:55:50,sales_2026_08_02.csv,2026-08-02 12:55:50,1,22000.0
T001541,S004,C016,P015,2,30000,2026-08-02 17:01:34,sales_2026_08_02.csv,2026-08-02 17:01:34,2,30000.0
T001542,S003,C061,P018,2,25000,2026-08-02 10:38:53,sales_2026_08_02.csv,2026-08-02 10:38:53,2,25000.0
T001543,S002,C027,P023,2,22000,2026-08-02 11:58:08,sales_2026_08_02.csv,2026-08-02 11:58:08,2,22000.0
T001544,S001,C039,P023,1,22000,2026-08-02 09:56:23,sales_2026_08_02.csv,2026-08-02 09:56:23,1,22000.0
T001545,S001,C085,P014,1,7000,2026-08-02 13:08:32,sales_2026_08_02.csv,2026-08-02 13:08:32,1,7000.0
T001546,S003,C080,P017,2,85000,2026-08-02 12:18:45,sales_2026_08_02.csv,2026-08-02 12:18:45,2,85000.0
T001547,S002,C054,P020,3,180000,2026-08-02 10:39:00,sales_2026_08_02.csv,2026-08-02 10:39:00,3,180000.0
T001548,S001,C066,P027,4,18000,2026-08-02 16:16:10,sales_2026_08_02.csv,2026-08-02 16:16:10,4,18000.0
T001549,S005,C016,P024,1,40000,2026-08-02 11:27:08,sales_2026_08_02.csv,2026-08-02 11:27:08,1,40000.0
T001550,S001,C014,P010,1,8000,2026-08-02 11:00:03,sales_2026_08_02.csv,2026-08-02 11:00:03,1,8000.0
T001551,S002,C078,P016,2,95000,2026-08-02 09:26:23,sales_2026_08_02.csv,2026-08-02 09:26:23,2,95000.0
T001552,S003,C067,P007,1,165000,2026-08-02 12:49:37,sales_2026_08_02.csv,2026-08-02 12:49:37,1,165000.0
T001553,S003,C091,P007,3,165000,2026-08-02 11:19:57,sales_2026_08_02.csv,2026-08-02 11:19:57,3,165000.0
T001554,S003,C021,P014,4,7000,2026-08-02 12:03:43,sales_2026_08_02.csv,2026-08-02 12:03:43,4,7000.0
T001555,S005,C064,P002,4,520000,2026-08-02 10:35:45,sales_2026_08_02.csv,2026-08-02 10:35:45,4,520000.0
T001556,S002,C089,P030,3,50000,2026-08-02 16:23:40,sales_2026_08_02.csv,2026-08-02 16:23:40,3,50000.0
T001557,S004,C043,P030,1,50000,2026-08-02 18:13:48,sales_2026_08_02.csv,2026-08-02 18:13:48,1,50000.0
T001558,S001,C002,P008,2,390000,2026-08-02 13:28:38,sales_2026_08_02.csv,2026-08-02 13:28:38,2,390000.0
T001559,S001,C015,P022,3,18000,2026-08-02 15:04:22,sales_2026_08_02.csv,2026-08-02 15:04:22,3,18000.0
T001560,S005,C086,P027,1,18000,2026-08-02 17:32:20,sales_2026_08_02.csv,2026-08-02 17:32:20,1,18000.0
T001561,S002,C012,P016,3,95000,2026-08-02 18:59:13,sales_2026_08_02.csv,2026-08-02 18:59:13,3,95000.0
T001562,S005,C010,P025,2,210000,2026-08-02 14:44:55,sales_2026_08_02.csv,2026-08-02 14:44:55,2,210000.0
T001563,S001,C033,P024,2,40000,2026-08-02 17:47:15,sales_2026_08_02.csv,2026-08-02 17:47:15,2,40000.0
T001564,S002,C059,P021,4,10000,2026-08-02 17:59:40,sales_2026_08_02.csv,2026-08-02 17:59:40,4,10000.0
T001565,S003,C060,P010,3,8000,2026-08-02 16:42:21,sales_2026_08_02.csv,2026-08-02 16:42:21,3,8000.0
T001566,S001,C023,P002,2,520000,2026-08-02 13:04:12,sales_2026_08_02.csv,2026-08-02 13:04:12,2,520000.0
T001567,S001,C038,P028,4,28000,2026-08-02 08:53:33,sales_2026_08_02.csv,2026-08-02 08:53:33,4,28000.0
T001568,S003,C055,P012,3,12000,2026-08-02 08:10:25,sales_2026_08_02.csv,2026-08-02 08:10:25,3,12000.0
T001569,S001,C013,P024,3,40000,2026-08-02 13:14:57,sales_2026_08_02.csv,2026-08-02 13:14:57,3,40000.0
T001570,S001,C002,P028,2,28000,2026-08-02 13:26:14,sales_2026_08_02.csv,2026-08-02 13:26:14,2,28000.0
T001571,S002,C085,P028,2,28000,2026-08-02 12:28:51,sales_2026_08_02.csv,2026-08-02 12:28:51,2,28000.0
T001572,S002,C043,P021,2,10000,2026-08-02 14:14:59,sales_2026_08_02.csv,2026-08-02 14:14:59,2,10000.0
T001573,S004,C080,P012,4,12000,2026-08-02 14:04:25,sales_2026_08_02.csv,2026-08-02 14:04:25,4,12000.0
T001574,S001,C048,P009,3,45000,2026-08-02 17:12:09,sales_2026_08_02.csv,2026-08-02 17:12:09,3,45000.0
T001575,S003,C024,P027,4,18000,2026-08-02 09:11:42,sales_2026_08_02.csv,2026-08-02 09:11:42,4,18000.0
T001576,S004,C052,P004,3,25000,2026-08-02 10:28:37,sales_2026_08_02.csv,2026-08-02 10:28:37,3,25000.0
T001577,S003,C050,P015,1,30000,2026-08-02 16:43:22,sales_2026_08_02.csv,2026-08-02 16:43:22,1,30000.0
T001578,S004,C054,P023,1,22000,2026-08-02 17:19:34,sales_2026_08_02.csv,2026-08-02 17:19:34,1,22000.0
T001579,S002,C015,P021,4,10000,2026-08-02 18:56:35,sales_2026_08_02.csv,2026-08-02 18:56:35,4,10000.0
T001580,S001,C021,P005,3,120000,2026-08-02 17:36:07,sales_2026_08_02.csv,2026-08-02 17:36:07,3,120000.0
T001581,S004,C076,P004,1,25000,2026-08-02 17:47:20,sales_2026_08_02.csv,2026-08-02 17:47:20,1,25000.0
T001582,S005,C087,P016,1,95000,2026-08-02 11:27:28,sales_2026_08_02.csv,2026-08-02 11:27:28,1,95000.0
T001583,S002,C079,P015,1,30000,2026-08-02 12:25:05,sales_2026_08_02.csv,2026-08-02 12:25:05,1,30000.0
T001584,S003,C079,P013,3,35000,2026-08-02 10:56:56,sales_2026_08_02.csv,2026-08-02 10:56:56,3,35000.0
T001585,S002,C062,P001,4,450000,2026-08-02 14:40:09,sales_2026_08_02.csv,2026-08-02 14:40:09,4,450000.0
T001586,S004,C015,P030,3,50000,2026-08-02 18:19:36,sales_2026_08_02.csv,2026-08-02 18:19:36,3,50000.0
T001587,S004,C057,P029,2,32000,2026-08-02 11:47:27,sales_2026_08_02.csv,2026-08-02 11:47:27,2,32000.0
T001588,S001,C034,P002,4,520000,2026-08-02 14:07:37,sales_2026_08_02.csv,2026-08-02 14:07:37,4,520000.0
T001589,S003,C002,P021,3,10000,2026-08-02 11:15:33,sales_2026_08_02.csv,2026-08-02 11:15:33,3,10000.0
T001590,S005,C099,P023,1,22000,2026-08-02 09:52:04,sales_2026_08_02.csv,2026-08-02 09:52:04,1,22000.0
T001591,S005,C093,P024,1,40000,2026-08-02 10:08:49,sales_2026_08_02.csv,2026-08-02 10:08:49,1,40000.0
T001592,S002,C086,P019,3,55000,2026-08-02 08:38:14,sales_2026_08_02.csv,2026-08-02 08:38:14,3,55000.0
T001593,S003,C067,P028,3,28000,2026-08-02 18:26:32,sales_2026_08_02.csv,2026-08-02 18:26:32,3,28000.0
T001594,S005,C013,P017,4,85000,2026-08-02 12:25:54,sales_2026_08_02.csv,2026-08-02 12:25:54,4,85000.0
T001595,S002,C062,P014,1,7000,2026-08-02 17:10:31,sales_2026_08_02.csv,2026-08-02 17:10:31,1,7000.0
T001596,S004,C020,P012,1,12000,2026-08-02 15:29:40,sales_2026_08_02.csv,2026-08-02 15:29:40,1,12000.0
T001597,S005,C079,P027,3,18000,2026-08-02 10:06:40,sales_2026_08_02.csv,2026-08-02 10:06:40,3,18000.0
T001598,S001,C083,P002,3,520000,2026-08-02 09:55:48,sales_2026_08_02.csv,2026-08-02 09:55:48,3,520000.0
T001599,S002,C065,P030,1,50000,2026-08-02 16:55:54,sales_2026_08_02.csv,2026-08-02 16:55:54,1,50000.0
T001600,S004,C064,P028,4,28000,2026-08-02 10:54:42,sales_2026_08_02.csv,2026-08-02 10:54:42,4,28000.0
T001601,S002,C010,P028,4,28000,2026-08-02 18:02:46,sales_2026_08_02.csv,2026-08-02 18:02:46,4,28000.0
T001602,S004,C042,P025,4,210000,2026-08-02 09:32:26,sales_2026_08_02.csv,2026-08-02 09:32:26,4,210000.0
T001603,S003,C036,P008,2,390000,2026-08-02 15:27:17,sales_2026_08_02.csv,2026-08-02 15:27:17,2,390000.0
T001604,S005,C029,P002,4,520000,2026-08-02 16:57:33,sales_2026_08_02.csv,2026-08-02 16:57:33,4,520000.0
T001605,S004,C052,P018,2,25000,2026-08-02 10:35:16,sales_2026_08_02.csv,2026-08-02 10:35:16,2,25000.0
T001606,S002,C011,P027,4,18000,2026-08-02 11:02:17,sales_2026_08_02.csv,2026-08-02 11:02:17,4,18000.0
T001607,S004,C074,P015,2,30000,2026-08-02 18:36:34,sales_2026_08_02.csv,2026-08-02 18:36:34,2,30000.0
T001608,S001,C064,P015,3,30000,2026-08-02 10:54:38,sales_2026_08_02.csv,2026-08-02 10:54:38,3,30000.0
T001609,S003,C016,P015,1,30000,2026-08-02 12:43:46,sales_2026_08_02.csv,2026-08-02 12:43:46,1,30000.0
T001610,S001,C014,P016,4,95000,2026-08-02 12:45:27,sales_2026_08_02.csv,2026-08-02 12:45:27,4,95000.0
T001611,S004,C005,P013,3,35000,2026-08-02 10:47:00,sales_2026_08_02.csv,2026-08-02 10:47:00,3,35000.0
T001612,S005,C001,P018,4,25000,2026-08-02 16:32:01,sales_2026_08_02.csv,2026-08-02 16:32:01,4,25000.0
T001613,S001,C078,P027,3,18000,2026-08-02 16:29:25,sales_2026_08_02.csv,2026-08-02 16:29:25,3,18000.0
T001614,S003,C066,P020,3,180000,2026-08-02 12:09:41,sales_2026_08_02.csv,2026-08-02 12:09:41,3,180000.0
T001615,S002,C084,P018,3,25000,2026-08-02 17:11:10,sales_2026_08_02.csv,2026-08-02 17:11:10,3,25000.0
T001616,S004,C044,P022,4,18000,2026-08-02 10:20:37,sales_2026_08_02.csv,2026-08-02 10:20:37,4,18000.0
T001617,S001,C029,P012,3,12000,2026-08-02 08:02:50,sales_2026_08_02.csv,2026-08-02 08:02:50,3,12000.0
T001618,S004,C043,P028,3,28000,2026-08-02 14:16:58,sales_2026_08_02.csv,2026-08-02 14:16:58,3,28000.0
T001619,S005,C077,P018,2,25000,2026-08-02 18:56:05,sales_2026_08_02.csv,2026-08-02 18:56:05,2,25000.0
T001620,S003,C092,P016,4,95000,2026-08-02 08:25:30,sales_2026_08_02.csv,2026-08-02 08:25:30,4,95000.0
T001621,S001,C013,P015,1,30000,2026-08-02 10:17:16,sales_2026_08_02.csv,2026-08-02 10:17:16,1,30000.0
T001622,S002,C001,P025,4,210000,2026-08-02 13:42:29,sales_2026_08_02.csv,2026-08-02 13:42:29,4,210000.0
T001623,S003,C082,P011,3,75000,2026-08-02 16:54:33,sales_2026_08_02.csv,2026-08-02 16:54:33,3,75000.0
T001624,S003,C071,P026,4,30000,2026-08-02 08:58:46,sales_2026_08_02.csv,2026-08-02 08:58:46,4,30000.0
T001625,S003,C090,P017,1,85000,2026-08-02 12:20:51,sales_2026_08_02.csv,2026-08-02 12:20:51,1,85000.0
T001626,S001,C022,P004,2,25000,2026-08-02 16:13:04,sales_2026_08_02.csv,2026-08-02 16:13:04,2,25000.0
T001627,S002,C092,P016,1,95000,2026-08-02 12:05:13,sales_2026_08_02.csv,2026-08-02 12:05:13,1,95000.0
T001628,S004,C014,P024,1,40000,2026-08-02 10:04:37,sales_2026_08_02.csv,2026-08-02 10:04:37,1,40000.0
T001629,S005,C026,P009,1,45000,2026-08-02 10:09:01,sales_2026_08_02.csv,2026-08-02 10:09:01,1,45000.0
T001630,S001,C051,P007,3,165000,2026-08-02 12:30:37,sales_2026_08_02.csv,2026-08-02 12:30:37,3,165000.0
T001631,S004,C025,P007,2,165000,2026-08-02 13:16:24,sales_2026_08_02.csv,2026-08-02 13:16:24,2,165000.0
T001632,S003,C014,P023,3,22000,2026-08-02 17:28:47,sales_2026_08_02.csv,2026-08-02 17:28:47,3,22000.0
T001633,S004,C006,P025,3,210000,2026-08-02 15:03:53,sales_2026_08_02.csv,2026-08-02 15:03:53,3,210000.0
T001634,S005,C016,P030,3,50000,2026-08-02 15:35:39,sales_2026_08_02.csv,2026-08-02 15:35:39,3,50000.0
T001635,S004,C059,P025,1,210000,2026-08-02 18:48:46,sales_2026_08_02.csv,2026-08-02 18:48:46,1,210000.0
T001636,S005,C065,P022,1,18000,2026-08-02 12:31:49,sales_2026_08_02.csv,2026-08-02 12:31:49,1,18000.0
T001637,S004,C001,P005,3,120000,2026-08-02 12:26:12,sales_2026_08_02.csv,2026-08-02 12:26:12,3,120000.0
T001638,S001,C071,P017,1,85000,2026-08-02 18:09:24,sales_2026_08_02.csv,2026-08-02 18:09:24,1,85000.0
T001639,S004,C075,P030,1,50000,2026-08-02 10:42:16,sales_2026_08_02.csv,2026-08-02 10:42:16,1,50000.0
T001640,S005,C100,P016,4,95000,2026-08-02 16:01:40,sales_2026_08_02.csv,2026-08-02 16:01:40,4,95000.0
T001641,S002,C089,P030,1,50000,2026-08-02 16:18:01,sales_2026_08_02.csv,2026-08-02 16:18:01,1,50000.0
T001642,S002,C094,P019,4,55000,2026-08-02 09:04:32,sales_2026_08_02.csv,2026-08-02 09:04:32,4,55000.0
T001643,S002,C014,P027,2,18000,2026-08-02 13:09:01,sales_2026_08_02.csv,2026-08-02 13:09:01,2,18000.0
T001644,S005,C078,P013,1,35000,2026-08-02 10:12:22,sales_2026_08_02.csv,2026-08-02 10:12:22,1,35000.0
T001645,S003,C065,P029,1,32000,2026-08-02 10:02:20,sales_2026_08_02.csv,2026-08-02 10:02:20,1,32000.0
T001646,S004,C054,P029,2,32000,2026-08-02 13:06:07,sales_2026_08_02.csv,2026-08-02 13:06:07,2,32000.0
T001647,S002,C036,P020,1,180000,2026-08-02 11:11:01,sales_2026_08_02.csv,2026-08-02 11:11:01,1,180000.0
T001648,S003,C038,P013,1,35000,2026-08-02 16:45:23,sales_2026_08_02.csv,2026-08-02 16:45:23,1,35000.0
T001649,S002,C018,P015,1,30000,2026-08-02 17:59:01,sales_2026_08_02.csv,2026-08-02 17:59:01,1,30000.0
T001650,S005,C090,P014,3,7000,2026-08-02 16:49:47,sales_2026_08_02.csv,2026-08-02 16:49:47,3,7000.0
T001651,S005,C039,P029,3,32000,2026-08-02 10:55:34,sales_2026_08_02.csv,2026-08-02 10:55:34,3,32000.0
T001652,S005,C041,P027,3,18000,2026-08-02 11:00:55,sales_2026_08_02.csv,2026-08-02 11:00:55,3,18000.0
T001653,S005,C081,P023,1,22000,2026-08-02 10:48:07,sales_2026_08_02.csv,2026-08-02 10:48:07,1,22000.0
T001654,S002,C027,P007,2,165000,2026-08-02 09:29:07,sales_2026_08_02.csv,2026-08-02 09:29:07,2,165000.0
T001655,S003,C088,P020,1,180000,2026-08-02 18:22:54,sales_2026_08_02.csv,2026-08-02 18:22:54,1,180000.0
T001656,S002,C091,P012,3,12000,2026-08-02 12:25:21,sales_2026_08_02.csv,2026-08-02 12:25:21,3,12000.0
T001657,S002,C065,P021,4,10000,2026-08-02 10:28:17,sales_2026_08_02.csv,2026-08-02 10:28:17,4,10000.0
T001658,S003,C091,P018,2,25000,2026-08-02 17:18:48,sales_2026_08_02.csv,2026-08-02 17:18:48,2,25000.0
T001659,S003,C072,P004,3,25000,2026-08-02 12:23:28,sales_2026_08_02.csv,2026-08-02 12:23:28,3,25000.0
T001660,S005,C074,P016,2,95000,2026-08-02 08:23:10,sales_2026_08_02.csv,2026-08-02 08:23:10,2,95000.0
T001661,S004,C087,P022,1,18000,2026-08-02 09:46:52,sales_2026_08_02.csv,2026-08-02 09:46:52,1,18000.0
T001662,S005,C037,P024,4,40000,2026-08-02 15:01:54,sales_2026_08_02.csv,2026-08-02 15:01:54,4,40000.0
T001663,S004,C002,P029,2,32000,2026-08-02 16:36:43,sales_2026_08_02.csv,2026-08-02 16:36:43,2,32000.0
T001664,S001,C004,P017,1,85000,2026-08-02 10:19:13,sales_2026_08_02.csv,2026-08-02 10:19:13,1,85000.0
T001665,S002,C007,P013,2,35000,2026-08-02 18:05:28,sales_2026_08_02.csv,2026-08-02 18:05:28,2,35000.0
T001666,S001,C026,P022,3,18000,2026-08-02 17:21:39,sales_2026_08_02.csv,2026-08-02 17:21:39,3,18000.0
T001667,S002,C037,P009,1,45000,2026-08-02 17:19:55,sales_2026_08_02.csv,2026-08-02 17:19:55,1,45000.0
T001668,S003,C019,P022,1,18000,2026-08-02 10:30:15,sales_2026_08_02.csv,2026-08-02 10:30:15,1,18000.0
T001669,S001,C089,P027,3,18000,2026-08-02 08:33:21,sales_2026_08_02.csv,2026-08-02 08:33:21,3,18000.0
T001670,S003,C027,P026,4,30000,2026-08-02 17:32:29,sales_2026_08_02.csv,2026-08-02 17:32:29,4,30000.0
T001671,S005,C005,P025,3,210000,2026-08-02 11:21:49,sales_2026_08_02.csv,2026-08-02 11:21:49,3,210000.0
T001672,S004,C014,P012,1,12000,2026-08-02 14:48:29,sales_2026_08_02.csv,2026-08-02 14:48:29,1,12000.0
T001673,S005,C029,P020,3,180000,2026-08-02 16:21:34,sales_2026_08_02.csv,2026-08-02 16:21:34,3,180000.0
T001674,S005,C050,P024,3,40000,2026-08-02 09:24:40,sales_2026_08_02.csv,2026-08-02 09:24:40,3,40000.0
T001675,S005,C090,P008,1,390000,2026-08-02 16:35:21,sales_2026_08_02.csv,2026-08-02 16:35:21,1,390000.0
T001676,S001,C049,P010,1,8000,2026-08-02 18:19:25,sales_2026_08_02.csv,2026-08-02 18:19:25,1,8000.0
T001677,S004,C088,P013,1,35000,2026-08-02 16:00:43,sales_2026_08_02.csv,2026-08-02 16:00:43,1,35000.0
T001678,S005,C007,P011,4,75000,2026-08-02 12:51:12,sales_2026_08_02.csv,2026-08-02 12:51:12,4,75000.0
T001679,S003,C026,P001,1,450000,2026-08-02 17:38:36,sales_2026_08_02.csv,2026-08-02 17:38:36,1,450000.0
T001680,S004,C029,P020,1,180000,2026-08-02 13:48:07,sales_2026_08_02.csv,2026-08-02 13:48:07,1,180000.0
T001681,S003,C097,P030,4,50000,2026-08-02 16:11:32,sales_2026_08_02.csv,2026-08-02 16:11:32,4,50000.0
T001682,S005,C095,P019,1,55000,2026-08-02 17:01:32,sales_2026_08_02.csv,2026-08-02 17:01:32,1,55000.0
T001683,S002,C100,P020,1,180000,2026-08-02 16:14:34,sales_2026_08_02.csv,2026-08-02 16:14:34,1,180000.0
T001684,S002,C038,P024,3,40000,2026-08-02 11:09:59,sales_2026_08_02.csv,2026-08-02 11:09:59,3,40000.0
T001685,S002,C088,P015,2,30000,2026-08-02 09:17:46,sales_2026_08_02.csv,2026-08-02 09:17:46,2,30000.0
T001686,S002,C023,P003,4,15000,2026-08-02 10:37:18,sales_2026_08_02.csv,2026-08-02 10:37:18,4,15000.0
T001687,S005,C016,P024,2,40000,2026-08-02 13:31:53,sales_2026_08_02.csv,2026-08-02 13:31:53,2,40000.0
T001688,S001,C055,P013,3,35000,2026-08-02 13:33:28,sales_2026_08_02.csv,2026-08-02 13:33:28,3,35000.0
T001689,S005,C034,P009,3,45000,2026-08-02 14:24:32,sales_2026_08_02.csv,2026-08-02 14:24:32,3,45000.0
T001690,S002,C075,P005,4,120000,2026-08-02 12:20:46,sales_2026_08_02.csv,2026-08-02 12:20:46,4,120000.0
T001691,S003,C001,P028,4,28000,2026-08-02 16:39:20,sales_2026_08_02.csv,2026-08-02 16:39:20,4,28000.0
T001692,S004,C091,P011,4,75000,2026-08-02 18:02:40,sales_2026_08_02.csv,2026-08-02 18:02:40,4,75000.0
T001693,S002,C006,P030,4,50000,2026-08-02 10:42:50,sales_2026_08_02.csv,2026-08-02 10:42:50,4,50000.0
T001694,S003,C077,P005,4,120000,2026-08-02 16:06:06,sales_2026_08_02.csv,2026-08-02 16:06:06,4,120000.0
T001695,S005,C085,P002,2,520000,2026-08-02 15:27:27,sales_2026_08_02.csv,2026-08-02 15:27:27,2,520000.0
T001696,S004,C074,P010,2,8000,2026-08-02 13:45:14,sales_2026_08_02.csv,2026-08-02 13:45:14,2,8000.0
T001697,S003,C010,P018,4,25000,2026-08-02 10:04:25,sales_2026_08_02.csv,2026-08-02 10:04:25,4,25000.0
T001698,S003,C068,P026,2,30000,2026-08-02 16:44:51,sales_2026_08_02.csv,2026-08-02 16:44:51,2,30000.0
T001699,S002,C067,P008,2,390000,2026-08-02 18:34:00,sales_2026_08_02.csv,2026-08-02 18:34:00,2,390000.0
T001700,S005,C021,P003,1,15000,2026-08-02 15:56:24,sales_2026_08_02.csv,2026-08-02 15:56:24,1,15000.0
T001701,S005,C069,P014,4,7000,2026-08-02 18:05:47,sales_2026_08_02.csv,2026-08-02 18:05:47,4,7000.0
T001702,S001,C045,P013,1,35000,2026-08-02 18:49:33,sales_2026_08_02.csv,2026-08-02 18:49:33,1,35000.0
T001703,S002,C085,P008,2,390000,2026-08-02 11:52:21,sales_2026_08_02.csv,2026-08-02 11:52:21,2,390000.0
T001704,S003,C047,P011,2,75000,2026-08-02 15:01:13,sales_2026_08_02.csv,2026-08-02 15:01:13,2,75000.0
T001705,S002,C097,P010,3,8000,2026-08-02 13:12:47,sales_2026_08_02.csv,2026-08-02 13:12:47,3,8000.0
T001706,S005,C061,P020,1,180000,2026-08-02 18:51:10,sales_2026_08_02.csv,2026-08-02 18:51:10,1,180000.0
T001707,S001,C015,P018,1,25000,2026-08-02 09:01:54,sales_2026_08_02.csv,2026-08-02 09:01:54,1,25000.0
T001708,S003,C058,P022,3,18000,2026-08-02 12:32:10,sales_2026_08_02.csv,2026-08-02 12:32:10,3,18000.0
T001709,S005,C080,P008,3,390000,2026-08-02 17:37:51,sales_2026_08_02.csv,2026-08-02 17:37:51,3,390000.0
T001710,S001,C088,P008,1,390000,2026-08-02 11:07:28,sales_2026_08_02.csv,2026-08-02 11:07:28,1,390000.0
T001711,S003,C049,P029,3,32000,2026-08-02 16:39:56,sales_2026_08_02.csv,2026-08-02 16:39:56,3,32000.0
T001712,S001,C050,P030,3,50000,2026-08-02 12:12:38,sales_2026_08_02.csv,2026-08-02 12:12:38,3,50000.0
T001713,S005,C093,P009,3,45000,2026-08-02 18:46:47,sales_2026_08_02.csv,2026-08-02 18:46:47,3,45000.0
T001714,S001,C067,P010,2,8000,2026-08-02 17:43:07,sales_2026_08_02.csv,2026-08-02 17:43:07,2,8000.0
T001715,S003,C066,P027,4,18000,2026-08-02 11:18:52,sales_2026_08_02.csv,2026-08-02 11:18:52,4,18000.0
T001716,S005,C058,P026,1,30000,2026-08-02 16:28:19,sales_2026_08_02.csv,2026-08-02 16:28:19,1,30000.0
T001717,S001,C038,P016,1,95000,2026-08-02 11:42:19,sales_2026_08_02.csv,2026-08-02 11:42:19,1,95000.0
T001718,S002,C042,P029,1,32000,2026-08-02 14:40:11,sales_2026_08_02.csv,2026-08-02 14:40:11,1,32000.0
T001719,S001,C013,P017,2,85000,2026-08-02 15:14:35,sales_2026_08_02.csv,2026-08-02 15:14:35,2,85000.0
T001720,S005,C069,P006,4,280000,2026-08-02 17:07:31,sales_2026_08_02.csv,2026-08-02 17:07:31,4,280000.0
T001721,S001,C027,P001,4,450000,2026-08-02 08:16:08,sales_2026_08_02.csv,2026-08-02 08:16:08,4,450000.0
T001722,S002,C088,P022,2,18000,2026-08-02 10:25:18,sales_2026_08_02.csv,2026-08-02 10:25:18,2,18000.0
T001723,S001,C027,P014,4,7000,2026-08-02 15:49:51,sales_2026_08_02.csv,2026-08-02 15:49:51,4,7000.0
T001724,S004,C083,P018,2,25000,2026-08-02 14:11:55,sales_2026_08_02.csv,2026-08-02 14:11:55,2,25000.0
T001725,S001,C096,P027,3,18000,2026-08-02 13:27:05,sales_2026_08_02.csv,2026-08-02 13:27:05,3,18000.0
T001726,S002,C004,P022,2,18000,2026-08-02 08:36:26,sales_2026_08_02.csv,2026-08-02 08:36:26,2,18000.0
T001727,S003,C005,P015,2,30000,2026-08-02 11:49:51,sales_2026_08_02.csv,2026-08-02 11:49:51,2,30000.0
T001728,S001,C007,P003,4,15000,2026-08-02 17:30:57,sales_2026_08_02.csv,2026-08-02 17:30:57,4,15000.0
T001729,S003,C072,P006,4,280000,2026-08-02 08:20:23,sales_2026_08_02.csv,2026-08-02 08:20:23,4,280000.0
T001730,S005,C030,P003,4,15000,2026-08-02 12:21:38,sales_2026_08_02.csv,2026-08-02 12:21:38,4,15000.0
T001731,S003,C053,P030,2,50000,2026-08-02 18:23:47,sales_2026_08_02.csv,2026-08-02 18:23:47,2,50000.0
T001732,S004,C081,P013,4,35000,2026-08-02 08:33:34,sales_2026_08_02.csv,2026-08-02 08:33:34,4,35000.0
T001733,S004,C041,P013,2,35000,2026-08-02 16:14:48,sales_2026_08_02.csv,2026-08-02 16:14:48,2,35000.0
T001734,S004,C087,P001,3,450000,2026-08-02 10:50:01,sales_2026_08_02.csv,2026-08-02 10:50:01,3,450000.0
T001735,S005,C001,P004,3,25000,2026-08-02 17:31:57,sales_2026_08_02.csv,2026-08-02 17:31:57,3,25000.0
T001736,S005,C009,P021,1,10000,2026-08-02 16:12:24,sales_2026_08_02.csv,2026-08-02 16:12:24,1,10000.0
T001737,S005,C006,P025,3,210000,2026-08-02 17:44:33,sales_2026_08_02.csv,2026-08-02 17:44:33,3,210000.0
T001738,S001,C046,P023,2,22000,2026-08-02 10:22:30,sales_2026_08_02.csv,2026-08-02 10:22:30,2,22000.0
T001739,S005,C014,P030,3,50000,2026-08-02 13:50:39,sales_2026_08_02.csv,2026-08-02 13:50:39,3,50000.0
T001740,S003,C078,P010,2,8000,2026-08-02 16:34:19,sales_2026_08_02.csv,2026-08-02 16:34:19,2,8000.0
T001741,S003,C098,P003,4,15000,2026-08-02 10:42:09,sales_2026_08_02.csv,2026-08-02 10:42:09,4,15000.0
T001742,S004,C049,P030,4,50000,2026-08-02 10:32:17,sales_2026_08_02.csv,2026-08-02 10:32:17,4,50000.0
T001743,S001,C061,P013,2,35000,2026-08-02 08:17:56,sales_2026_08_02.csv,2026-08-02 08:17:56,2,35000.0
T001744,S005,C029,P006,2,280000,2026-08-02 18:32:37,sales_2026_08_02.csv,2026-08-02 18:32:37,2,280000.0
T001745,S004,C070,P005,2,120000,2026-08-02 15:48:36,sales_2026_08_02.csv,2026-08-02 15:48:36,2,120000.0
T001746,S002,C039,P010,1,8000,2026-08-02 14:59:28,sales_2026_08_02.csv,2026-08-02 14:59:28,1,8000.0
T001747,S003,C002,P022,2,18000,2026-08-02 16:11:02,sales_2026_08_02.csv,2026-08-02 16:11:02,2,18000.0
T001748,S005,C019,P018,4,25000,2026-08-02 13:50:51,sales_2026_08_02.csv,2026-08-02 13:50:51,4,25000.0
T001749,S001,C001,P004,1,25000,2026-08-02 13:14:14,sales_2026_08_02.csv,2026-08-02 13:14:14,1,25000.0
T001750,S005,C051,P019,1,55000,2026-08-02 12:56:41,sales_2026_08_02.csv,2026-08-02 12:56:41,1,55000.0
T001751,S005,C011,P018,1,25000,2026-08-02 15:02:41,sales_2026_08_02.csv,2026-08-02 15:02:41,1,25000.0
T001752,S002,C096,P010,2,8000,2026-08-02 10:13:00,sales_2026_08_02.csv,2026-08-02 10:13:00,2,8000.0
T001753,S003,C028,P024,1,40000,2026-08-02 17:46:07,sales_2026_08_02.csv,2026-08-02 17:46:07,1,40000.0
T001754,S005,C019,P014,4,7000,2026-08-02 16:55:45,sales_2026_08_02.csv,2026-08-02 16:55:45,4,7000.0
T001755,S002,C029,P006,1,280000,2026-08-02 11:50:42,sales_2026_08_02.csv,2026-08-02 11:50:42,1,280000.0
T001756,S003,C025,P020,4,180000,2026-08-02 14:21:52,sales_2026_08_02.csv,2026-08-02 14:21:52,4,180000.0
T001757,S002,C086,P004,1,25000,2026-08-02 09:33:04,sales_2026_08_02.csv,2026-08-02 09:33:04,1,25000.0
T001758,S005,C007,P026,2,30000,2026-08-02 18:41:44,sales_2026_08_02.csv,2026-08-02 18:41:44,2,30000.0
T001759,S005,C060,P028,1,28000,2026-08-02 17:55:54,sales_2026_08_02.csv,2026-08-02 17:55:54,1,28000.0
T001760,S005,C010,P021,3,10000,2026-08-02 18:08:27,sales_2026_08_02.csv,2026-08-02 18:08:27,3,10000.0
T001761,S001,C033,P010,4,8000,2026-08-02 11:39:13,sales_2026_08_02.csv,2026-08-02 11:39:13,4,8000.0
T001762,S002,C093,P004,4,25000,2026-08-02 09:51:37,sales_2026_08_02.csv,2026-08-02 09:51:37,4,25000.0
T001763,S004,C043,P019,2,55000,2026-08-02 10:19:46,sales_2026_08_02.csv,2026-08-02 10:19:46,2,55000.0
T001764,S002,C086,P012,1,12000,2026-08-02 08:59:24,sales_2026_08_02.csv,2026-08-02 08:59:24,1,12000.0
T001765,S002,C013,P021,1,10000,2026-08-02 09:19:16,sales_2026_08_02.csv,2026-08-02 09:19:16,1,10000.0
T001766,S005,C009,P010,2,8000,2026-08-02 08:47:03,sales_2026_08_02.csv,2026-08-02 08:47:03,2,8000.0
T001767,S002,C041,P029,1,32000,2026-08-02 18:53:16,sales_2026_08_02.csv,2026-08-02 18:53:16,1,32000.0
T001768,S004,C043,P016,1,95000,2026-08-02 08:48:52,sales_2026_08_02.csv,2026-08-02 08:48:52,1,95000.0
T001769,S003,C089,P020,1,180000,2026-08-02 09:27:28,sales_2026_08_02.csv,2026-08-02 09:27:28,1,180000.0
T001770,S002,C073,P019,3,55000,2026-08-02 17:05:59,sales_2026_08_02.csv,2026-08-02 17:05:59,3,55000.0
T001771,S003,C041,P019,3,55000,2026-08-02 14:22:57,sales_2026_08_02.csv,2026-08-02 14:22:57,3,55000.0
T001772,S002,C001,P014,1,7000,2026-08-02 16:31:06,sales_2026_08_02.csv,2026-08-02 16:31:06,1,7000.0
T001773,S002,C029,P011,1,75000,2026-08-02 14:56:24,sales_2026_08_02.csv,2026-08-02 14:56:24,1,75000.0
T001774,S004,C036,P023,2,22000,2026-08-02 17:42:14,sales_2026_08_02.csv,2026-08-02 17:42:14,2,22000.0
T001775,S003,C018,P027,2,18000,2026-08-02 15:01:23,sales_2026_08_02.csv,2026-08-02 15:01:23,2,18000.0
T001776,S003,C062,P022,2,18000,2026-08-02 13:44:36,sales_2026_08_02.csv,2026-08-02 13:44:36,2,18000.0
T001777,S004,C046,P015,4,30000,2026-08-02 15:50:24,sales_2026_08_02.csv,2026-08-02 15:50:24,4,30000.0
T001778,S003,C063,P025,2,210000,2026-08-02 12:55:16,sales_2026_08_02.csv,2026-08-02 12:55:16,2,210000.0
T001779,S001,C023,P018,3,25000,2026-08-02 11:48:24,sales_2026_08_02.csv,2026-08-02 11:48:24,3,25000.0
T001780,S005,C011,P021,1,10000,2026-08-02 13:08:39,sales_2026_08_02.csv,2026-08-02 13:08:39,1,10000.0
T001781,S003,C018,P027,1,18000,2026-08-02 09:52:00,sales_2026_08_02.csv,2026-08-02 09:52:00,1,18000.0
T001782,S005,C026,P029,2,32000,2026-08-02 16:45:44,sales_2026_08_02.csv,2026-08-02 16:45:44,2,32000.0
T001783,S001,C094,P009,4,45000,2026-08-02 10:52:03,sales_2026_08_02.csv,2026-08-02 10:52:03,4,45000.0
T001784,S001,C065,P003,2,15000,2026-08-02 09:41:19,sales_2026_08_02.csv,2026-08-02 09:41:19,2,15000.0
T001785,S001,C075,P021,4,10000,2026-08-02 10:42:35,sales_2026_08_02.csv,2026-08-02 10:42:35,4,10000.0
T001786,S004,C099,P019,4,55000,2026-08-02 17:15:45,sales_2026_08_02.csv,2026-08-02 17:15:45,4,55000.0
T001787,S002,C005,P019,3,55000,2026-08-02 11:37:55,sales_2026_08_02.csv,2026-08-02 11:37:55,3,55000.0
T001788,S003,C070,P018,4,25000,2026-08-02 15:32:47,sales_2026_08_02.csv,2026-08-02 15:32:47,4,25000.0
T001789,S005,C061,P029,3,32000,2026-08-02 17:25:13,sales_2026_08_02.csv,2026-08-02 17:25:13,3,32000.0
T001790,S002,C047,P021,4,10000,2026-08-02 08:51:18,sales_2026_08_02.csv,2026-08-02 08:51:18,4,10000.0
T001791,S002,C099,P013,4,35000,2026-08-02 16:24:54,sales_2026_08_02.csv,2026-08-02 16:24:54,4,35000.0
T001792,S003,C018,P019,1,55000,2026-08-02 11:23:03,sales_2026_08_02.csv,2026-08-02 11:23:03,1,55000.0
T001793,S005,C066,P015,4,30000,2026-08-02 10:22:58,sales_2026_08_02.csv,2026-08-02 10:22:58,4,30000.0
T001794,S004,C047,P003,2,15000,2026-08-02 15:34:40,sales_2026_08_02.csv,2026-08-02 15:34:40,2,15000.0
T001795,S001,C085,P017,3,85000,2026-08-02 18:00:27,sales_2026_08_02.csv,2026-08-02 18:00:27,3,85000.0
T001796,S005,C088,P008,1,390000,2026-08-02 11:14:42,sales_2026_08_02.csv,2026-08-02 11:14:42,1,390000.0
T001797,S005,C018,P006,4,280000,2026-08-02 14:15:25,sales_2026_08_02.csv,2026-08-02 14:15:25,4,280000.0
T001798,S002,C023,P015,1,30000,2026-08-02 11:11:17,sales_2026_08_02.csv,2026-08-02 11:11:17,1,30000.0
T001799,S005,C085,P019,2,55000,2026-08-02 14:05:49,sales_2026_08_02.csv,2026-08-02 14:05:49,2,55000.0
T001800,S002,C095,P028,2,28000,2026-08-02 14:50:25,sales_2026_08_02.csv,2026-08-02 14:50:25,2,28000.0
T001801,S004,C046,P024,2,40000.0,2026-08-03 14:42:49,sales_2026_08_03.csv,2026-08-03 14:42:49,2,40000.0
T001802,S002,C098,P002,1,520000.0,2026-08-03 14:51:32,sales_2026_08_03.csv,2026-08-03 14:51:32,1,520000.0
T001803,S002,C009,P016,4,95000.0,2026-08-03 09:29:09,sales_2026_08_03.csv,2026-08-03 09:29:09,4,95000.0
T001804,S003,C030,P009,2,45000.0,2026-08-03 15:37:44,sales_2026_08_03.csv,2026-08-03 15:37:44,2,45000.0
T001805,S002,C067,P002,3,520000.0,2026-08-03 15:25:20,sales_2026_08_03.csv,2026-08-03 15:25:20,3,520000.0
T001806,S003,C050,P030,3,50000.0,2026-08-03 15:30:30,sales_2026_08_03.csv,2026-08-03 15:30:30,3,50000.0
T001807,S004,C006,P016,3,95000.0,2026-08-03 08:48:53,sales_2026_08_03.csv,2026-08-03 08:48:53,3,95000.0
T001808,S003,C014,P002,4,520000.0,2026-08-03 12:54:54,sales_2026_08_03.csv,2026-08-03 12:54:54,4,520000.0
T001809,S005,C082,P023,1,22000.0,2026-08-03 12:29:57,sales_2026_08_03.csv,2026-08-03 12:29:57,1,22000.0
T001810,S003,C095,P027,2,18000.0,2026-08-03 08:57:13,sales_2026_08_03.csv,2026-08-03 08:57:13,2,18000.0
T001811,S005,C070,P009,4,45000.0,2026-08-03 10:26:45,sales_2026_08_03.csv,2026-08-03 10:26:45,4,45000.0
T001812,S002,C049,P019,2,55000.0,2026-08-03 12:51:02,sales_2026_08_03.csv,2026-08-03 12:51:02,2,55000.0
T001813,S004,C047,P021,4,10000.0,2026-08-03 16:10:19,sales_2026_08_03.csv,2026-08-03 16:10:19,4,10000.0
T001814,S001,C067,P019,4,55000.0,2026-08-03 10:36:27,sales_2026_08_03.csv,2026-08-03 10:36:27,4,55000.0
T001815,S004,C029,P009,4,45000.0,2026-08-03 17:07:38,sales_2026_08_03.csv,2026-08-03 17:07:38,4,45000.0
T001816,S004,C046,P017,2,85000.0,2026-08-03 14:00:13,sales_2026_08_03.csv,2026-08-03 14:00:13,2,85000.0
T001817,S003,C063,P027,1,18000.0,2026-08-03 16:21:52,sales_2026_08_03.csv,2026-08-03 16:21:52,1,18000.0
T001818,S004,C078,P026,4,30000.0,2026-08-03 13:11:53,sales_2026_08_03.csv,2026-08-03 13:11:53,4,30000.0
T001819,S005,C018,P001,3,450000.0,2026-08-03 13:29:28,sales_2026_08_03.csv,2026-08-03 13:29:28,3,450000.0
T001820,S002,UNKNOWN,P015,1,30000.0,2026-08-03 14:49:00,sales_2026_08_03.csv,2026-08-03 14:49:00,1,30000.0
T001821,S005,C083,P003,3,15000.0,2026-08-03 18:12:27,sales_2026_08_03.csv,2026-08-03 18:12:27,3,15000.0
T001822,S002,C020,P009,4,,2026-08-03 13:24:35,sales_2026_08_03.csv,2026-08-03 13:24:35,4,45000.0
T001823,S002,C047,P006,4,280000.0,2026-08-03 13:48:54,sales_2026_08_03.csv,2026-08-03 13:48:54,4,280000.0
T001824,S001,C085,P020,3,180000.0,2026-08-03 14:37:19,sales_2026_08_03.csv,2026-08-03 14:37:19,3,180000.0
T001825,S004,C043,P008,4,390000.0,2026-08-03 16:06:45,sales_2026_08_03.csv,2026-08-03 16:06:45,4,390000.0
T001826,S001,C062,P024,1,40000.0,2026-08-03 08:47:25,sales_2026_08_03.csv,2026-08-03 08:47:25,1,40000.0
T001827,S004,C062,P022,2,18000.0,2026-08-03 13:40:21,sales_2026_08_03.csv,2026-08-03 13:40:21,2,18000.0
T001828,S005,C021,P007,3,165000.0,2026-08-03 13:17:51,sales_2026_08_03.csv,2026-08-03 13:17:51,3,165000.0
T001829,S004,C003,P021,3,10000.0,2026-08-03 18:08:18,sales_2026_08_03.csv,2026-08-03 18:08:18,3,10000.0
T001830,S001,C017,P008,2,390000.0,2026-08-03 13:25:42,sales_2026_08_03.csv,2026-08-03 13:25:42,2,390000.0
T001831,S005,C021,P019,3,55000.0,2026-08-03 13:09:05,sales_2026_08_03.csv,2026-08-03 13:09:05,3,55000.0
T001832,S005,C006,P005,4,120000.0,2026-08-03 18:35:03,sales_2026_08_03.csv,2026-08-03 18:35:03,4,120000.0
T001833,S005,C019,P029,3,32000.0,2026-08-03 12:57:22,sales_2026_08_03.csv,2026-08-03 12:57:22,3,32000.0
T001834,S002,C034,P002,3,520000.0,2026-08-03 09:59:23,sales_2026_08_03.csv,2026-08-03 09:59:23,3,520000.0
T001835,S002,C067,P030,2,50000.0,2026-08-03 10:23:09,sales_2026_08_03.csv,2026-08-03 10:23:09,2,50000.0
T001836,S005,C073,P013,1,35000.0,2026-08-03 09:02:49,sales_2026_08_03.csv,2026-08-03 09:02:49,1,35000.0
T001837,S001,C093,P021,3,10000.0,2026-08-03 08:00:22,sales_2026_08_03.csv,2026-08-03 08:00:22,3,10000.0
T001838,S003,C011,P024,3,40000.0,2026-08-03 12:45:05,sales_2026_08_03.csv,2026-08-03 12:45:05,3,40000.0
T001839,S004,C078,P007,2,165000.0,2026-08-03 16:27:42,sales_2026_08_03.csv,2026-08-03 16:27:42,2,165000.0
T001840,S004,C022,P016,3,95000.0,2026-08-03 16:04:05,sales_2026_08_03.csv,2026-08-03 16:04:05,3,95000.0
T001841,S004,C077,P008,3,390000.0,2026-08-03 08:21:13,sales_2026_08_03.csv,2026-08-03 08:21:13,3,390000.0
T001842,S005,C099,P005,1,120000.0,2026-08-03 14:16:11,sales_2026_08_03.csv,2026-08-03 14:16:11,1,120000.0
T001843,S005,C085,P006,4,280000.0,2026-08-03 09:41:49,sales_2026_08_03.csv,2026-08-03 09:41:49,4,280000.0
T001844,S003,C022,P017,1,85000.0,2026-08-03 18:21:06,sales_2026_08_03.csv,2026-08-03 18:21:06,1,85000.0
T001845,S003,C059,P024,4,40000.0,2026-08-03 09:50:27,sales_2026_08_03.csv,2026-08-03 09:50:27,4,40000.0
T001846,S005,C009,P020,2,180000.0,2026-08-03 14:53:34,sales_2026_08_03.csv,2026-08-03 14:53:34,2,180000.0
T001847,S004,C050,P008,1,390000.0,2026-08-03 11:35:19,sales_2026_08_03.csv,2026-08-03 11:35:19,1,390000.0
T001848,S001,C003,P005,2,120000.0,2026-08-03 15:03:25,sales_2026_08_03.csv,2026-08-03 15:03:25,2,120000.0
T001849,S005,C065,P007,2,165000.0,2026-08-03 12:32:05,sales_2026_08_03.csv,2026-08-03 12:32:05,2,165000.0
T001850,S004,C020,P022,2,18000.0,2026-08-03 16:21:21,sales_2026_08_03.csv,2026-08-03 16:21:21,2,18000.0
T001851,S001,C023,P020,1,180000.0,2026-08-03 10:32:14,sales_2026_08_03.csv,2026-08-03 10:32:14,1,180000.0
T001852,S005,C077,P016,1,95000.0,2026-08-03 17:57:49,sales_2026_08_03.csv,2026-08-03 17:57:49,1,95000.0
T001853,S005,C065,P002,4,520000.0,2026-08-03 13:30:08,sales_2026_08_03.csv,2026-08-03 13:30:08,4,520000.0
T001854,S001,C012,P025,1,210000.0,2026-08-03 16:19:01,sales_2026_08_03.csv,2026-08-03 16:19:01,1,210000.0
T001855,S002,C078,P016,2,95000.0,2026-08-03 17:20:49,sales_2026_08_03.csv,2026-08-03 17:20:49,2,95000.0
T001856,S001,C100,P018,2,25000.0,2026-08-03 18:59:13,sales_2026_08_03.csv,2026-08-03 18:59:13,2,25000.0
T001857,S004,C067,P022,4,18000.0,2026-08-03 10:27:48,sales_2026_08_03.csv,2026-08-03 10:27:48,4,18000.0
T001858,S003,C006,P014,3,7000.0,2026-08-03 11:09:20,sales_2026_08_03.csv,2026-08-03 11:09:20,3,7000.0
T001859,S005,C055,P023,2,22000.0,2026-08-03 10:45:17,sales_2026_08_03.csv,2026-08-03 10:45:17,2,22000.0
T001860,S004,C099,P008,3,390000.0,2026-08-03 10:53:29,sales_2026_08_03.csv,2026-08-03 10:53:29,3,390000.0
T001861,S003,C076,P013,3,35000.0,2026-08-03 14:24:24,sales_2026_08_03.csv,2026-08-03 14:24:24,3,35000.0
T001862,S005,C013,P026,4,30000.0,2026-08-03 18:55:43,sales_2026_08_03.csv,2026-08-03 18:55:43,4,30000.0
T001863,S002,C033,P014,1,7000.0,2026-08-03 18:53:35,sales_2026_08_03.csv,2026-08-03 18:53:35,1,7000.0
T001864,S002,C011,P016,1,95000.0,2026-08-03 13:47:40,sales_2026_08_03.csv,2026-08-03 13:47:40,1,95000.0
T001865,S005,C070,P010,2,8000.0,2026-08-03 15:01:45,sales_2026_08_03.csv,2026-08-03 15:01:45,2,8000.0
T001866,S003,C025,P014,3,7000.0,2026-08-03 17:27:34,sales_2026_08_03.csv,2026-08-03 17:27:34,3,7000.0
T001867,S001,C074,P001,2,450000.0,2026-08-03 18:15:44,sales_2026_08_03.csv,2026-08-03 18:15:44,2,450000.0
T001868,S001,C067,P017,2,85000.0,2026-08-03 10:14:32,sales_2026_08_03.csv,2026-08-03 10:14:32,2,85000.0
T001869,S004,C084,P001,2,450000.0,2026-08-03 13:48:50,sales_2026_08_03.csv,2026-08-03 13:48:50,2,450000.0
T001870,S003,C053,P007,3,165000.0,2026-08-03 17:09:40,sales_2026_08_03.csv,2026-08-03 17:09:40,3,165000.0
T001871,S001,C020,P012,1,12000.0,2026-08-03 11:20:06,sales_2026_08_03.csv,2026-08-03 11:20:06,1,12000.0
T001872,S005,C033,P014,4,7000.0,2026-08-03 12:50:16,sales_2026_08_03.csv,2026-08-03 12:50:16,4,7000.0
T001873,S005,C055,P009,1,45000.0,2026-08-03 18:50:30,sales_2026_08_03.csv,2026-08-03 18:50:30,1,45000.0
T001874,S003,C079,P019,2,55000.0,2026-08-03 18:50:07,sales_2026_08_03.csv,2026-08-03 18:50:07,2,55000.0
T001875,S004,C097,P009,4,45000.0,2026-08-03 17:58:01,sales_2026_08_03.csv,2026-08-03 17:58:01,4,45000.0
T001876,S004,C071,P007,3,165000.0,2026-08-03 16:46:58,sales_2026_08_03.csv,2026-08-03 16:46:58,3,165000.0
T001877,S005,C062,P026,4,30000.0,2026-08-03 10:57:37,sales_2026_08_03.csv,2026-08-03 10:57:37,4,30000.0
T001878,S003,C072,P006,1,280000.0,2026-08-03 11:31:45,sales_2026_08_03.csv,2026-08-03 11:31:45,1,280000.0
T001879,S004,C033,P018,3,25000.0,2026-08-03 14:01:12,sales_2026_08_03.csv,2026-08-03 14:01:12,3,25000.0
T001880,S005,C045,P010,1,8000.0,2026-08-03 14:10:06,sales_2026_08_03.csv,2026-08-03 14:10:06,1,8000.0
T001881,S004,C095,P025,1,210000.0,2026-08-03 13:33:37,sales_2026_08_03.csv,2026-08-03 13:33:37,1,210000.0
T001882,S001,C096,P005,3,120000.0,2026-08-03 15:00:12,sales_2026_08_03.csv,2026-08-03 15:00:12,3,120000.0
T001883,S004,C090,P008,2,390000.0,2026-08-03 12:29:29,sales_2026_08_03.csv,2026-08-03 12:29:29,2,390000.0
T001884,S001,C028,P006,3,280000.0,2026-08-03 16:14:27,sales_2026_08_03.csv,2026-08-03 16:14:27,3,280000.0
T001885,S004,C044,P017,4,85000.0,2026-08-03 11:40:08,sales_2026_08_03.csv,2026-08-03 11:40:08,4,85000.0
T001886,S005,C079,P026,2,30000.0,2026-08-03 11:38:14,sales_2026_08_03.csv,2026-08-03 11:38:14,2,30000.0
T001887,S001,C021,P023,3,22000.0,2026-08-03 09:23:58,sales_2026_08_03.csv,2026-08-03 09:23:58,3,22000.0
T001888,S001,C012,P013,2,35000.0,2026-08-03 10:04:33,sales_2026_08_03.csv,2026-08-03 10:04:33,2,35000.0
T001889,S002,C061,P027,3,18000.0,2026-08-03 17:21:20,sales_2026_08_03.csv,2026-08-03 17:21:20,3,18000.0
T001890,S005,C056,P030,4,50000.0,2026-08-03 12:54:32,sales_2026_08_03.csv,2026-08-03 12:54:32,4,50000.0
T001891,S001,C034,P003,1,15000.0,2026-08-03 10:30:23,sales_2026_08_03.csv,2026-08-03 10:30:23,1,15000.0
T001892,S003,C011,P008,1,390000.0,2026-08-03 16:21:09,sales_2026_08_03.csv,2026-08-03 16:21:09,1,390000.0
T001893,S001,C093,P020,4,180000.0,2026-08-03 14:05:37,sales_2026_08_03.csv,2026-08-03 14:05:37,4,180000.0
T001894,S004,C079,P013,1,35000.0,2026-08-03 08:13:57,sales_2026_08_03.csv,2026-08-03 08:13:57,1,35000.0
T001895,S005,C037,P021,4,10000.0,2026-08-03 11:28:47,sales_2026_08_03.csv,2026-08-03 11:28:47,4,10000.0
T001896,S005,C008,P023,1,22000.0,2026-08-03 09:56:49,sales_2026_08_03.csv,2026-08-03 09:56:49,1,22000.0
T001897,S002,C082,P025,2,210000.0,2026-08-03 15:12:52,sales_2026_08_03.csv,2026-08-03 15:12:52,2,210000.0
T001898,S004,C002,P016,4,95000.0,2026-08-03 11:01:31,sales_2026_08_03.csv,2026-08-03 11:01:31,4,95000.0
T001899,S005,C037,P007,3,165000.0,2026-08-03 08:42:51,sales_2026_08_03.csv,2026-08-03 08:42:51,3,165000.0
T001900,S001,C077,P007,1,165000.0,2026-08-03 08:36:15,sales_2026_08_03.csv,2026-08-03 08:36:15,1,165000.0
T001901,S005,C090,P017,4,85000.0,2026-08-03 14:23:56,sales_2026_08_03.csv,2026-08-03 14:23:56,4,85000.0
T001902,S005,C022,P008,4,390000.0,2026-08-03 08:14:20,sales_2026_08_03.csv,2026-08-03 08:14:20,4,390000.0
T001903,S001,C047,P022,1,18000.0,2026-08-03 17:20:12,sales_2026_08_03.csv,2026-08-03 17:20:12,1,18000.0
T001904,S001,C021,P008,1,390000.0,2026-08-03 09:42:33,sales_2026_08_03.csv,2026-08-03 09:42:33,1,390000.0
T001905,S003,C100,P003,3,15000.0,2026-08-03 14:40:20,sales_2026_08_03.csv,2026-08-03 14:40:20,3,15000.0
T001906,S003,C086,P013,1,35000.0,2026-08-03 12:53:29,sales_2026_08_03.csv,2026-08-03 12:53:29,1,35000.0
T001907,S004,C076,P013,3,35000.0,2026-08-03 12:52:16,sales_2026_08_03.csv,2026-08-03 12:52:16,3,35000.0
T001908,S005,C002,P007,2,165000.0,2026-08-03 08:47:23,sales_2026_08_03.csv,2026-08-03 08:47:23,2,165000.0
T001909,S001,C012,P024,2,40000.0,2026-08-03 16:49:48,sales_2026_08_03.csv,2026-08-03 16:49:48,2,40000.0
T001910,S003,C093,P018,3,25000.0,2026-08-03 17:49:24,sales_2026_08_03.csv,2026-08-03 17:49:24,3,25000.0
T001911,S005,C075,P027,1,18000.0,2026-08-03 08:07:16,sales_2026_08_03.csv,2026-08-03 08:07:16,1,18000.0
T001912,S003,C036,P012,3,12000.0,2026-08-03 09:57:52,sales_2026_08_03.csv,2026-08-03 09:57:52,3,12000.0
T001913,S005,C025,P008,3,390000.0,2026-08-03 17:56:34,sales_2026_08_03.csv,2026-08-03 17:56:34,3,390000.0
T001914,S004,C074,P015,2,30000.0,2026-08-03 14:02:39,sales_2026_08_03.csv,2026-08-03 14:02:39,2,30000.0
T001915,S003,C023,P001,3,450000.0,2026-08-03 09:39:01,sales_2026_08_03.csv,2026-08-03 09:39:01,3,450000.0
T001916,S005,C014,P014,4,7000.0,2026-08-03 10:13:50,sales_2026_08_03.csv,2026-08-03 10:13:50,4,7000.0
T001917,S001,C065,P018,4,25000.0,2026-08-03 15:15:35,sales_2026_08_03.csv,2026-08-03 15:15:35,4,25000.0
T001918,S003,C015,P010,1,8000.0,2026-08-03 15:58:22,sales_2026_08_03.csv,2026-08-03 15:58:22,1,8000.0
T001919,S005,C033,P026,1,30000.0,2026-08-03 14:35:37,sales_2026_08_03.csv,2026-08-03 14:35:37,1,30000.0
T001920,S005,C074,P029,4,32000.0,2026-08-03 18:29:04,sales_2026_08_03.csv,2026-08-03 18:29:04,4,32000.0
T001921,S004,C049,P009,4,45000.0,2026-08-03 13:26:04,sales_2026_08_03.csv,2026-08-03 13:26:04,4,45000.0
T001922,S004,C099,P019,3,55000.0,2026-08-03 11:18:10,sales_2026_08_03.csv,2026-08-03 11:18:10,3,55000.0
T001923,S003,C100,P008,4,390000.0,2026-08-03 13:14:58,sales_2026_08_03.csv,2026-08-03 13:14:58,4,390000.0
T001924,S004,C076,P015,4,30000.0,2026-08-03 11:57:22,sales_2026_08_03.csv,2026-08-03 11:57:22,4,30000.0
T001925,S001,C062,P028,3,28000.0,2026-08-03 10:28:06,sales_2026_08_03.csv,2026-08-03 10:28:06,3,28000.0
T001926,S003,C009,P004,3,25000.0,2026-08-03 08:30:20,sales_2026_08_03.csv,2026-08-03 08:30:20,3,25000.0
T001927,S002,C087,P013,1,35000.0,2026-08-03 11:52:27,sales_2026_08_03.csv,2026-08-03 11:52:27,1,35000.0
T001928,S002,C041,P023,2,22000.0,2026-08-03 15:49:31,sales_2026_08_03.csv,2026-08-03 15:49:31,2,22000.0
T001929,S003,C067,P014,2,7000.0,2026-08-03 08:12:10,sales_2026_08_03.csv,2026-08-03 08:12:10,2,7000.0
T001930,S001,C090,P018,2,25000.0,2026-08-03 12:49:51,sales_2026_08_03.csv,2026-08-03 12:49:51,2,25000.0
T001931,S003,C032,P027,3,18000.0,2026-08-03 15:05:02,sales_2026_08_03.csv,2026-08-03 15:05:02,3,18000.0
T001932,S001,C052,P010,1,8000.0,2026-08-03 14:42:52,sales_2026_08_03.csv,2026-08-03 14:42:52,1,8000.0
T001933,S003,C010,P022,3,18000.0,2026-08-03 16:32:35,sales_2026_08_03.csv,2026-08-03 16:32:35,3,18000.0
T001934,S002,C061,P018,3,25000.0,2026-08-03 16:54:56,sales_2026_08_03.csv,2026-08-03 16:54:56,3,25000.0
T001935,S003,C028,P011,1,75000.0,2026-08-03 15:49:43,sales_2026_08_03.csv,2026-08-03 15:49:43,1,75000.0
T001936,S005,C035,P029,1,32000.0,2026-08-03 09:07:50,sales_2026_08_03.csv,2026-08-03 09:07:50,1,32000.0
T001937,S002,C064,P006,4,280000.0,2026-08-03 13:13:30,sales_2026_08_03.csv,2026-08-03 13:13:30,4,280000.0
T001938,S002,C031,P024,3,40000.0,2026-08-03 14:38:14,sales_2026_08_03.csv,2026-08-03 14:38:14,3,40000.0
T001939,S002,C034,P024,3,40000.0,2026-08-03 10:42:04,sales_2026_08_03.csv,2026-08-03 10:42:04,3,40000.0
T001940,S002,C026,P007,1,165000.0,2026-08-03 08:28:05,sales_2026_08_03.csv,2026-08-03 08:28:05,1,165000.0
T001941,S002,C080,P027,4,18000.0,2026-08-03 10:27:34,sales_2026_08_03.csv,2026-08-03 10:27:34,4,18000.0
T001942,S002,C100,P012,3,12000.0,2026-08-03 13:00:13,sales_2026_08_03.csv,2026-08-03 13:00:13,3,12000.0
T001943,S001,C011,P004,1,25000.0,2026-08-03 12:33:11,sales_2026_08_03.csv,2026-08-03 12:33:11,1,25000.0
T001944,S004,C079,P022,1,18000.0,2026-08-03 09:56:36,sales_2026_08_03.csv,2026-08-03 09:56:36,1,18000.0
T001945,S005,C006,P001,1,450000.0,2026-08-03 17:04:06,sales_2026_08_03.csv,2026-08-03 17:04:06,1,450000.0
T001946,S004,C048,P028,3,28000.0,2026-08-03 18:10:57,sales_2026_08_03.csv,2026-08-03 18:10:57,3,28000.0
T001947,S003,C064,P020,2,180000.0,2026-08-03 10:12:53,sales_2026_08_03.csv,2026-08-03 10:12:53,2,180000.0
T001948,S005,C036,P029,3,32000.0,2026-08-03 18:13:31,sales_2026_08_03.csv,2026-08-03 18:13:31,3,32000.0
T001949,S002,C098,P016,3,95000.0,2026-08-03 08:11:47,sales_2026_08_03.csv,2026-08-03 08:11:47,3,95000.0
T001950,S005,C036,P030,2,50000.0,2026-08-03 18:10:28,sales_2026_08_03.csv,2026-08-03 18:10:28,2,50000.0
T001951,S002,C097,P013,3,35000.0,2026-08-03 18:28:16,sales_2026_08_03.csv,2026-08-03 18:28:16,3,35000.0
T001952,S002,C007,P019,3,55000.0,2026-08-03 08:07:57,sales_2026_08_03.csv,2026-08-03 08:07:57,3,55000.0
T001953,S004,C062,P017,4,85000.0,2026-08-03 16:23:35,sales_2026_08_03.csv,2026-08-03 16:23:35,4,85000.0
T001954,S001,C065,P018,3,,2026-08-03 18:40:19,sales_2026_08_03.csv,2026-08-03 18:40:19,3,25000.0
T001955,S004,C088,P012,1,12000.0,2026-08-03 17:57:53,sales_2026_08_03.csv,2026-08-03 17:57:53,1,12000.0
T001956,S002,C059,P025,1,210000.0,2026-08-03 18:40:40,sales_2026_08_03.csv,2026-08-03 18:40:40,1,210000.0
T001957,S005,C059,P004,1,25000.0,2026-08-03 14:03:12,sales_2026_08_03.csv,2026-08-03 14:03:12,1,25000.0
T001958,S001,C002,P011,4,75000.0,2026-08-03 08:51:34,sales_2026_08_03.csv,2026-08-03 08:51:34,4,75000.0
T001959,S002,C049,P022,1,18000.0,2026-08-03 17:20:51,sales_2026_08_03.csv,2026-08-03 17:20:51,1,18000.0
T001960,S001,C042,P019,1,55000.0,2026-08-03 14:45:07,sales_2026_08_03.csv,2026-08-03 14:45:07,1,55000.0
T001961,S005,C034,P012,4,12000.0,2026-08-03 14:45:43,sales_2026_08_03.csv,2026-08-03 14:45:43,4,12000.0
T001962,S005,C034,P006,2,280000.0,2026-08-03 12:35:23,sales_2026_08_03.csv,2026-08-03 12:35:23,2,280000.0
T001963,S003,C061,P008,3,390000.0,2026-08-03 14:17:24,sales_2026_08_03.csv,2026-08-03 14:17:24,3,390000.0
T001964,S003,C047,P020,3,180000.0,2026-08-03 09:41:21,sales_2026_08_03.csv,2026-08-03 09:41:21,3,180000.0
T001965,S004,C055,P006,3,280000.0,2026-08-03 16:08:14,sales_2026_08_03.csv,2026-08-03 16:08:14,3,280000.0
T001966,S004,C090,P007,3,165000.0,2026-08-03 08:49:30,sales_2026_08_03.csv,2026-08-03 08:49:30,3,165000.0
T001967,S003,C047,P025,3,210000.0,2026-08-03 16:01:39,sales_2026_08_03.csv,2026-08-03 16:01:39,3,210000.0
T001968,S004,C036,P028,1,28000.0,2026-08-03 17:20:19,sales_2026_08_03.csv,2026-08-03 17:20:19,1,28000.0
T001969,S002,C074,P015,3,30000.0,2026-08-03 13:11:49,sales_2026_08_03.csv,2026-08-03 13:11:49,3,30000.0
T001970,S005,C088,P005,3,120000.0,2026-08-03 13:36:29,sales_2026_08_03.csv,2026-08-03 13:36:29,3,120000.0
T001971,S001,C093,P008,3,390000.0,2026-08-03 11:26:03,sales_2026_08_03.csv,2026-08-03 11:26:03,3,390000.0
T001972,S002,C072,P009,4,45000.0,2026-08-03 18:39:50,sales_2026_08_03.csv,2026-08-03 18:39:50,4,45000.0
T001973,S004,C026,P014,1,7000.0,2026-08-03 16:03:51,sales_2026_08_03.csv,2026-08-03 16:03:51,1,7000.0
T001974,S002,C061,P005,1,120000.0,2026-08-03 12:03:31,sales_2026_08_03.csv,2026-08-03 12:03:31,1,120000.0
T001975,S001,C023,P026,4,30000.0,2026-08-03 09:55:22,sales_2026_08_03.csv,2026-08-03 09:55:22,4,30000.0
T001976,S004,C018,P014,2,7000.0,2026-08-03 10:24:55,sales_2026_08_03.csv,2026-08-03 10:24:55,2,7000.0
T001977,S005,C069,P029,3,32000.0,2026-08-03 13:06:11,sales_2026_08_03.csv,2026-08-03 13:06:11,3,32000.0
T001978,S003,C063,P024,3,40000.0,2026-08-03 18:22:05,sales_2026_08_03.csv,2026-08-03 18:22:05,3,40000.0
T001979,S003,C072,P010,3,8000.0,2026-08-03 16:04:32,sales_2026_08_03.csv,2026-08-03 16:04:32,3,8000.0
T001980,S005,C007,P028,1,28000.0,2026-08-03 10:22:03,sales_2026_08_03.csv,2026-08-03 10:22:03,1,28000.0
T001981,S001,C089,P013,4,35000.0,2026-08-03 17:27:18,sales_2026_08_03.csv,2026-08-03 17:27:18,4,35000.0
T001982,S001,C028,P006,3,280000.0,2026-08-03 12:09:36,sales_2026_08_03.csv,2026-08-03 12:09:36,3,280000.0
T001983,S003,C061,P027,1,18000.0,2026-08-03 17:22:08,sales_2026_08_03.csv,2026-08-03 17:22:08,1,18000.0
T001984,S001,C058,P027,4,18000.0,2026-08-03 10:39:31,sales_2026_08_03.csv,2026-08-03 10:39:31,4,18000.0
T001985,S003,C034,P024,3,40000.0,2026-08-03 14:48:18,sales_2026_08_03.csv,2026-08-03 14:48:18,3,40000.0
T001986,S003,C072,P012,2,12000.0,2026-08-03 18:11:36,sales_2026_08_03.csv,2026-08-03 18:11:36,2,12000.0
T001987,S003,C045,P018,1,25000.0,2026-08-03 10:50:12,sales_2026_08_03.csv,2026-08-03 10:50:12,1,25000.0
T001988,S004,C016,P001,1,450000.0,2026-08-03 15:37:19,sales_2026_08_03.csv,2026-08-03 15:37:19,1,450000.0
T001989,S005,C026,P012,3,12000.0,2026-08-03 18:51:37,sales_2026_08_03.csv,2026-08-03 18:51:37,3,12000.0
T001990,S005,C084,P019,3,55000.0,2026-08-03 09:39:23,sales_2026_08_03.csv,2026-08-03 09:39:23,3,55000.0
T001991,S005,C023,P021,2,10000.0,2026-08-03 08:58:20,sales_2026_08_03.csv,2026-08-03 08:58:20,2,10000.0
T001992,S003,C046,P025,3,210000.0,2026-08-03 15:24:58,sales_2026_08_03.csv,2026-08-03 15:24:58,3,210000.0
T001993,S005,C063,P011,4,75000.0,2026-08-03 11:44:13,sales_2026_08_03.csv,2026-08-03 11:44:13,4,75000.0
T001994,S004,C011,P025,2,210000.0,2026-08-03 08:47:01,sales_2026_08_03.csv,2026-08-03 08:47:01,2,210000.0
T001995,S005,C037,P013,2,35000.0,2026-08-03 13:13:42,sales_2026_08_03.csv,2026-08-03 13:13:42,2,35000.0
T001996,S002,C022,P015,4,30000.0,2026-08-03 16:17:29,sales_2026_08_03.csv,2026-08-03 16:17:29,4,30000.0
T001997,S003,C054,P021,1,10000.0,2026-08-03 11:08:10,sales_2026_08_03.csv,2026-08-03 11:08:10,1,10000.0
T001998,S005,C074,P021,3,10000.0,2026-08-03 11:41:07,sales_2026_08_03.csv,2026-08-03 11:41:07,3,10000.0
T001999,S001,C011,P013,1,35000.0,2026-08-03 17:18:09,sales_2026_08_03.csv,2026-08-03 17:18:09,1,35000.0
T002000,S003,C030,P006,3,280000.0,2026-08-03 13:43:14,sales_2026_08_03.csv,2026-08-03 13:43:14,3,280000.0
T002001,S003,C084,P011,2,75000.0,2026-08-03 17:16:12,sales_2026_08_03.csv,2026-08-03 17:16:12,2,75000.0
T002002,S003,C078,P010,1,8000.0,2026-08-03 12:54:37,sales_2026_08_03.csv,2026-08-03 12:54:37,1,8000.0
T002003,S004,C035,P021,4,10000.0,2026-08-03 18:28:57,sales_2026_08_03.csv,2026-08-03 18:28:57,4,10000.0
T002004,S004,C100,P029,2,32000.0,2026-08-03 15:09:31,sales_2026_08_03.csv,2026-08-03 15:09:31,2,32000.0
T002005,S003,C096,P028,1,28000.0,2026-08-03 09:16:29,sales_2026_08_03.csv,2026-08-03 09:16:29,1,28000.0
T002006,S005,C058,P019,2,55000.0,2026-08-03 17:44:09,sales_2026_08_03.csv,2026-08-03 17:44:09,2,55000.0
T002007,S002,UNKNOWN,P014,3,7000.0,2026-08-03 13:22:54,sales_2026_08_03.csv,2026-08-03 13:22:54,3,7000.0
T002008,S001,C017,P028,2,28000.0,2026-08-03 09:33:28,sales_2026_08_03.csv,2026-08-03 09:33:28,2,28000.0
T002009,S002,C085,P024,2,40000.0,2026-08-03 09:40:46,sales_2026_08_03.csv,2026-08-03 09:40:46,2,40000.0
T002010,S001,C027,P009,1,45000.0,2026-08-03 15:33:46,sales_2026_08_03.csv,2026-08-03 15:33:46,1,45000.0
T002011,S004,C014,P006,1,280000.0,2026-08-03 08:31:15,sales_2026_08_03.csv,2026-08-03 08:31:15,1,280000.0
T002012,S001,C061,P004,3,25000.0,2026-08-03 11:09:09,sales_2026_08_03.csv,2026-08-03 11:09:09,3,25000.0
T002013,S001,C004,P018,2,25000.0,2026-08-03 09:32:15,sales_2026_08_03.csv,2026-08-03 09:32:15,2,25000.0
T002014,S004,C068,P025,1,210000.0,2026-08-03 12:51:06,sales_2026_08_03.csv,2026-08-03 12:51:06,1,210000.0
T002015,S001,C014,P025,3,210000.0,2026-08-03 12:33:28,sales_2026_08_03.csv,2026-08-03 12:33:28,3,210000.0
T002016,S005,C020,P009,3,45000.0,2026-08-03 13:44:26,sales_2026_08_03.csv,2026-08-03 13:44:26,3,45000.0
T002017,S004,C040,P003,2,15000.0,2026-08-03 11:04:33,sales_2026_08_03.csv,2026-08-03 11:04:33,2,15000.0
T002018,S002,C095,P008,2,390000.0,2026-08-03 08:21:08,sales_2026_08_03.csv,2026-08-03 08:21:08,2,390000.0
T002019,S004,C081,P010,3,8000.0,2026-08-03 14:45:29,sales_2026_08_03.csv,2026-08-03 14:45:29,3,8000.0
T002020,S002,C068,P005,2,120000.0,2026-08-03 12:06:39,sales_2026_08_03.csv,2026-08-03 12:06:39,2,120000.0
T002021,S002,C004,P027,2,18000.0,2026-08-03 15:09:52,sales_2026_08_03.csv,2026-08-03 15:09:52,2,18000.0
T002022,S003,C042,P002,4,520000.0,2026-08-03 09:11:43,sales_2026_08_03.csv,2026-08-03 09:11:43,4,520000.0
T002023,S004,C060,P028,2,28000.0,2026-08-03 08:09:05,sales_2026_08_03.csv,2026-08-03 08:09:05,2,28000.0
T002024,S005,C035,P028,2,28000.0,2026-08-03 10:43:52,sales_2026_08_03.csv,2026-08-03 10:43:52,2,28000.0
T002025,S004,C018,P018,2,25000.0,2026-08-03 13:01:19,sales_2026_08_03.csv,2026-08-03 13:01:19,2,25000.0
T002026,S005,C023,P023,2,22000.0,2026-08-03 12:20:05,sales_2026_08_03.csv,2026-08-03 12:20:05,2,22000.0
T002027,S005,C059,P019,4,55000.0,2026-08-03 16:54:47,sales_2026_08_03.csv,2026-08-03 16:54:47,4,55000.0
T002028,S005,C056,P021,1,10000.0,2026-08-03 12:09:22,sales_2026_08_03.csv,2026-08-03 12:09:22,1,10000.0
T002029,S005,C040,P017,4,85000.0,2026-08-03 13:50:05,sales_2026_08_03.csv,2026-08-03 13:50:05,4,85000.0
T002030,S003,C062,P030,1,50000.0,2026-08-03 14:31:43,sales_2026_08_03.csv,2026-08-03 14:31:43,1,50000.0
T002031,S002,C012,P018,1,25000.0,2026-08-03 08:14:24,sales_2026_08_03.csv,2026-08-03 08:14:24,1,25000.0
T002032,S003,C047,P015,3,30000.0,2026-08-03 13:39:59,sales_2026_08_03.csv,2026-08-03 13:39:59,3,30000.0
T002033,S003,C020,P014,4,7000.0,2026-08-03 11:47:35,sales_2026_08_03.csv,2026-08-03 11:47:35,4,7000.0
T002034,S001,C001,P010,4,8000.0,2026-08-03 12:38:02,sales_2026_08_03.csv,2026-08-03 12:38:02,4,8000.0
T002035,S002,C045,P017,3,85000.0,2026-08-03 09:06:11,sales_2026_08_03.csv,2026-08-03 09:06:11,3,85000.0
T002036,S004,C069,P010,1,8000.0,2026-08-03 16:36:39,sales_2026_08_03.csv,2026-08-03 16:36:39,1,8000.0
T002037,S004,C097,P001,4,450000.0,2026-08-03 18:21:59,sales_2026_08_03.csv,2026-08-03 18:21:59,4,450000.0
T002038,S003,C002,P016,2,95000.0,2026-08-03 08:14:41,sales_2026_08_03.csv,2026-08-03 08:14:41,2,95000.0
T002039,S004,C038,P025,4,210000.0,2026-08-03 14:36:54,sales_2026_08_03.csv,2026-08-03 14:36:54,4,210000.0
T002040,S002,C001,P020,1,180000.0,2026-08-03 16:24:08,sales_2026_08_03.csv,2026-08-03 16:24:08,1,180000.0
T002041,S003,C025,P018,4,25000.0,2026-08-03 11:07:58,sales_2026_08_03.csv,2026-08-03 11:07:58,4,25000.0
T002042,S005,C056,P014,4,7000.0,2026-08-03 16:39:47,sales_2026_08_03.csv,2026-08-03 16:39:47,4,7000.0
T002043,S002,C021,P013,3,35000.0,2026-08-03 14:57:21,sales_2026_08_03.csv,2026-08-03 14:57:21,3,35000.0
T002044,S004,C049,P023,2,22000.0,2026-08-03 18:13:14,sales_2026_08_03.csv,2026-08-03 18:13:14,2,22000.0
T002045,S003,C011,P008,4,390000.0,2026-08-03 18:47:27,sales_2026_08_03.csv,2026-08-03 18:47:27,4,390000.0
T002046,S002,C067,P014,3,7000.0,2026-08-03 08:27:56,sales_2026_08_03.csv,2026-08-03 08:27:56,3,7000.0
T002047,S005,C089,P025,2,210000.0,2026-08-03 12:53:39,sales_2026_08_03.csv,2026-08-03 12:53:39,2,210000.0
T002048,S003,C037,P022,4,18000.0,2026-08-03 14:01:00,sales_2026_08_03.csv,2026-08-03 14:01:00,4,18000.0
T002049,S005,C035,P021,3,10000.0,2026-08-03 09:36:51,sales_2026_08_03.csv,2026-08-03 09:36:51,3,10000.0
T002050,S002,C009,P014,4,7000.0,2026-08-03 11:41:56,sales_2026_08_03.csv,2026-08-03 11:41:56,4,7000.0
T002051,S002,C038,P006,1,280000.0,2026-08-03 18:51:50,sales_2026_08_03.csv,2026-08-03 18:51:50,1,280000.0
T002052,S004,C080,P004,1,25000.0,2026-08-03 08:10:42,sales_2026_08_03.csv,2026-08-03 08:10:42,1,25000.0
T002053,S003,C090,P015,1,30000.0,2026-08-03 12:58:39,sales_2026_08_03.csv,2026-08-03 12:58:39,1,30000.0
T002054,S004,C025,P020,1,180000.0,2026-08-03 17:16:09,sales_2026_08_03.csv,2026-08-03 17:16:09,1,180000.0
T002055,S001,C020,P011,3,75000.0,2026-08-03 11:33:46,sales_2026_08_03.csv,2026-08-03 11:33:46,3,75000.0
T002056,S005,C003,P002,1,520000.0,2026-08-03 13:16:40,sales_2026_08_03.csv,2026-08-03 13:16:40,1,520000.0
T002057,S001,C037,P006,1,280000.0,2026-08-03 18:45:30,sales_2026_08_03.csv,2026-08-03 18:45:30,1,280000.0
T002058,S002,C092,P009,2,45000.0,2026-08-03 13:13:25,sales_2026_08_03.csv,2026-08-03 13:13:25,2,45000.0
T002059,S001,C030,P015,1,30000.0,2026-08-03 09:26:24,sales_2026_08_03.csv,2026-08-03 09:26:24,1,30000.0
T002060,S002,C002,P003,1,15000.0,2026-08-03 08:34:08,sales_2026_08_03.csv,2026-08-03 08:34:08,1,15000.0
T002061,S002,C044,P016,3,95000.0,2026-08-03 18:23:58,sales_2026_08_03.csv,2026-08-03 18:23:58,3,95000.0
T002062,S003,C064,P014,4,7000.0,2026-08-03 10:55:26,sales_2026_08_03.csv,2026-08-03 10:55:26,4,7000.0
T002063,S004,C090,P012,4,12000.0,2026-08-03 13:32:40,sales_2026_08_03.csv,2026-08-03 13:32:40,4,12000.0
T002064,S001,C043,P026,1,30000.0,2026-08-03 08:59:51,sales_2026_08_03.csv,2026-08-03 08:59:51,1,30000.0
T002065,S002,C008,P003,3,15000.0,2026-08-03 12:39:36,sales_2026_08_03.csv,2026-08-03 12:39:36,3,15000.0
T002066,S004,C010,P009,1,45000.0,2026-08-03 18:13:52,sales_2026_08_03.csv,2026-08-03 18:13:52,1,45000.0
T002067,S004,C024,P018,3,25000.0,2026-08-03 13:31:35,sales_2026_08_03.csv,2026-08-03 13:31:35,3,25000.0
T002068,S003,C049,P007,4,165000.0,2026-08-03 18:40:56,sales_2026_08_03.csv,2026-08-03 18:40:56,4,165000.0
T002069,S001,C016,P027,4,18000.0,2026-08-03 10:50:49,sales_2026_08_03.csv,2026-08-03 10:50:49,4,18000.0
T002070,S002,C050,P025,4,210000.0,2026-08-03 13:32:59,sales_2026_08_03.csv,2026-08-03 13:32:59,4,210000.0
T002071,S004,C032,P025,3,210000.0,2026-08-03 17:27:17,sales_2026_08_03.csv,2026-08-03 17:27:17,3,210000.0
T002072,S001,C026,P024,1,40000.0,2026-08-03 12:55:50,sales_2026_08_03.csv,2026-08-03 12:55:50,1,40000.0
T002073,S001,C067,P015,1,30000.0,2026-08-03 11:04:27,sales_2026_08_03.csv,2026-08-03 11:04:27,1,30000.0
T002074,S002,C061,P022,2,18000.0,2026-08-03 17:24:36,sales_2026_08_03.csv,2026-08-03 17:24:36,2,18000.0
T002075,S003,C042,P013,4,35000.0,2026-08-03 12:17:19,sales_2026_08_03.csv,2026-08-03 12:17:19,4,35000.0
T002076,S001,C096,P006,2,280000.0,2026-08-03 13:50:16,sales_2026_08_03.csv,2026-08-03 13:50:16,2,280000.0
T002077,S005,C067,P030,4,50000.0,2026-08-03 18:44:30,sales_2026_08_03.csv,2026-08-03 18:44:30,4,50000.0
T002078,S003,C062,P004,1,25000.0,2026-08-03 10:03:04,sales_2026_08_03.csv,2026-08-03 10:03:04,1,25000.0
T002079,S003,UNKNOWN,P021,3,10000.0,2026-08-03 11:18:55,sales_2026_08_03.csv,2026-08-03 11:18:55,3,10000.0
T002080,S001,C086,P012,1,12000.0,2026-08-03 08:20:30,sales_2026_08_03.csv,2026-08-03 08:20:30,1,12000.0
T002081,S001,C031,P007,2,165000.0,2026-08-03 12:18:36,sales_2026_08_03.csv,2026-08-03 12:18:36,2,165000.0
T002082,S004,C042,P021,3,10000.0,2026-08-03 10:12:07,sales_2026_08_03.csv,2026-08-03 10:12:07,3,10000.0
T002083,S002,C036,P001,3,450000.0,2026-08-03 15:28:49,sales_2026_08_03.csv,2026-08-03 15:28:49,3,450000.0
T002084,S001,C051,P019,2,55000.0,2026-08-03 09:59:40,sales_2026_08_03.csv,2026-08-03 09:59:40,2,55000.0
T002085,S002,C002,P026,3,30000.0,2026-08-03 15:25:22,sales_2026_08_03.csv,2026-08-03 15:25:22,3,30000.0
T002086,S005,C089,P002,2,520000.0,2026-08-03 10:53:53,sales_2026_08_03.csv,2026-08-03 10:53:53,2,520000.0
T002087,S005,C020,P016,3,95000.0,2026-08-03 11:54:26,sales_2026_08_03.csv,2026-08-03 11:54:26,3,95000.0
T002088,S001,C032,P012,2,12000.0,2026-08-03 11:50:14,sales_2026_08_03.csv,2026-08-03 11:50:14,2,12000.0
T002089,S004,C012,P006,2,280000.0,2026-08-03 15:53:03,sales_2026_08_03.csv,2026-08-03 15:53:03,2,280000.0
T002090,S005,C044,P022,2,18000.0,2026-08-03 13:07:53,sales_2026_08_03.csv,2026-08-03 13:07:53,2,18000.0
T002091,S001,C008,P030,3,50000.0,2026-08-03 11:58:27,sales_2026_08_03.csv,2026-08-03 11:58:27,3,50000.0
T002092,S002,C090,P012,1,12000.0,2026-08-03 17:22:43,sales_2026_08_03.csv,2026-08-03 17:22:43,1,12000.0
T002093,S001,C017,P018,1,25000.0,2026-08-03 14:17:29,sales_2026_08_03.csv,2026-08-03 14:17:29,1,25000.0
T002094,S002,C041,P016,2,95000.0,2026-08-03 10:21:07,sales_2026_08_03.csv,2026-08-03 10:21:07,2,95000.0
T002095,S003,C057,P018,1,25000.0,2026-08-03 17:54:03,sales_2026_08_03.csv,2026-08-03 17:54:03,1,25000.0
T002096,S002,C003,P024,2,40000.0,2026-08-03 11:46:08,sales_2026_08_03.csv,2026-08-03 11:46:08,2,40000.0
T002097,S004,C046,P023,3,22000.0,2026-08-03 08:25:43,sales_2026_08_03.csv,2026-08-03 08:25:43,3,22000.0
T002098,S002,C033,P024,3,40000.0,2026-08-03 13:26:26,sales_2026_08_03.csv,2026-08-03 13:26:26,3,40000.0
T002099,S001,C063,P029,3,32000.0,2026-08-03 09:21:47,sales_2026_08_03.csv,2026-08-03 09:21:47,3,32000.0
T002100,S004,C072,P023,4,22000.0,2026-08-03 10:37:23,sales_2026_08_03.csv,2026-08-03 10:37:23,4,22000.0
T002101,S005,C090,P010,3,8000.0,2026-08-03 16:13:05,sales_2026_08_03.csv,2026-08-03 16:13:05,3,8000.0
T002102,S002,C073,P016,2,95000.0,2026-08-03 09:26:17,sales_2026_08_03.csv,2026-08-03 09:26:17,2,95000.0
T002103,S005,C045,P006,2,280000.0,2026-08-03 16:52:34,sales_2026_08_03.csv,2026-08-03 16:52:34,2,280000.0
T002104,S004,C036,P011,4,75000.0,2026-08-03 18:18:21,sales_2026_08_03.csv,2026-08-03 18:18:21,4,75000.0
T002105,S005,C071,P028,1,28000.0,2026-08-03 14:40:18,sales_2026_08_03.csv,2026-08-03 14:40:18,1,28000.0
T002106,S001,C068,P006,1,280000.0,2026-08-03 15:48:50,sales_2026_08_03.csv,2026-08-03 15:48:50,1,280000.0
T002107,S004,C038,P005,2,120000.0,2026-08-03 15:50:58,sales_2026_08_03.csv,2026-08-03 15:50:58,2,120000.0
T002108,S003,C070,P027,3,18000.0,2026-08-03 18:55:15,sales_2026_08_03.csv,2026-08-03 18:55:15,3,18000.0
T002109,S004,C001,P012,2,12000.0,2026-08-03 11:45:24,sales_2026_08_03.csv,2026-08-03 11:45:24,2,12000.0
T002110,S005,C049,P025,3,210000.0,2026-08-03 09:47:29,sales_2026_08_03.csv,2026-08-03 09:47:29,3,210000.0
T002111,S002,C003,P024,1,40000.0,2026-08-03 13:42:39,sales_2026_08_03.csv,2026-08-03 13:42:39,1,40000.0
T002112,S003,C100,P020,4,180000.0,2026-08-03 13:51:56,sales_2026_08_03.csv,2026-08-03 13:51:56,4,180000.0
T002113,S002,C042,P020,4,180000.0,2026-08-03 09:57:25,sales_2026_08_03.csv,2026-08-03 09:57:25,4,180000.0
T002114,S001,C085,P024,2,40000.0,2026-08-03 14:44:39,sales_2026_08_03.csv,2026-08-03 14:44:39,2,40000.0
T002115,S004,C025,P018,2,25000.0,2026-08-03 08:09:19,sales_2026_08_03.csv,2026-08-03 08:09:19,2,25000.0
T002116,S004,C099,P017,1,85000.0,2026-08-03 18:12:15,sales_2026_08_03.csv,2026-08-03 18:12:15,1,85000.0
T002117,S002,C079,P018,3,,2026-08-03 10:54:37,sales_2026_08_03.csv,2026-08-03 10:54:37,3,25000.0
T002118,S003,C053,P010,2,8000.0,2026-08-03 08:26:06,sales_2026_08_03.csv,2026-08-03 08:26:06,2,8000.0
T002119,S003,C015,P021,4,10000.0,2026-08-03 09:11:26,sales_2026_08_03.csv,2026-08-03 09:11:26,4,10000.0
T002120,S005,C085,P004,4,25000.0,2026-08-03 10:38:33,sales_2026_08_03.csv,2026-08-03 10:38:33,4,25000.0
T002121,S001,C017,P003,2,15000.0,2026-08-03 11:00:46,sales_2026_08_03.csv,2026-08-03 11:00:46,2,15000.0
T002122,S001,C026,P006,4,280000.0,2026-08-03 08:21:39,sales_2026_08_03.csv,2026-08-03 08:21:39,4,280000.0
T002123,S004,C025,P004,2,25000.0,2026-08-03 11:04:22,sales_2026_08_03.csv,2026-08-03 11:04:22,2,25000.0
T002124,S001,C074,P004,2,25000.0,2026-08-03 10:07:20,sales_2026_08_03.csv,2026-08-03 10:07:20,2,25000.0
T002125,S004,C085,P021,4,10000.0,2026-08-03 12:09:53,sales_2026_08_03.csv,2026-08-03 12:09:53,4,10000.0
T002126,S005,C080,P016,2,95000.0,2026-08-03 12:14:12,sales_2026_08_03.csv,2026-08-03 12:14:12,2,95000.0
T002127,S005,C033,P023,4,22000.0,2026-08-03 11:43:44,sales_2026_08_03.csv,2026-08-03 11:43:44,4,22000.0
T002128,S003,C029,P002,2,520000.0,2026-08-03 11:36:25,sales_2026_08_03.csv,2026-08-03 11:36:25,2,520000.0
T002129,S001,C002,P020,2,180000.0,2026-08-03 08:59:13,sales_2026_08_03.csv,2026-08-03 08:59:13,2,180000.0
T002130,S002,C084,P030,3,50000.0,2026-08-03 08:16:38,sales_2026_08_03.csv,2026-08-03 08:16:38,3,50000.0
T002131,S001,C060,P016,1,95000.0,2026-08-03 10:13:23,sales_2026_08_03.csv,2026-08-03 10:13:23,1,95000.0
T002132,S001,C047,P026,2,30000.0,2026-08-03 16:19:23,sales_2026_08_03.csv,2026-08-03 16:19:23,2,30000.0
T002133,S004,C048,P018,3,25000.0,2026-08-03 18:53:56,sales_2026_08_03.csv,2026-08-03 18:53:56,3,25000.0
T002134,S001,C079,P026,2,30000.0,2026-08-03 18:12:49,sales_2026_08_03.csv,2026-08-03 18:12:49,2,30000.0
T002135,S005,C006,P009,1,45000.0,2026-08-03 13:32:47,sales_2026_08_03.csv,2026-08-03 13:32:47,1,45000.0
T002136,S001,C039,P024,4,40000.0,2026-08-03 13:51:00,sales_2026_08_03.csv,2026-08-03 13:51:00,4,40000.0
T002137,S002,C067,P003,4,15000.0,2026-08-03 11:27:37,sales_2026_08_03.csv,2026-08-03 11:27:37,4,15000.0
T002138,S001,C093,P004,1,25000.0,2026-08-03 16:30:48,sales_2026_08_03.csv,2026-08-03 16:30:48,1,25000.0
T002139,S005,C050,P008,1,390000.0,2026-08-03 16:24:44,sales_2026_08_03.csv,2026-08-03 16:24:44,1,390000.0
T002140,S002,C068,P007,3,165000.0,2026-08-03 17:17:13,sales_2026_08_03.csv,2026-08-03 17:17:13,3,165000.0
T002141,S002,C073,P022,2,18000.0,2026-08-03 17:51:01,sales_2026_08_03.csv,2026-08-03 17:51:01,2,18000.0
T002142,S002,C072,P021,1,10000.0,2026-08-03 12:46:40,sales_2026_08_03.csv,2026-08-03 12:46:40,1,10000.0
T002143,S005,C054,P024,1,40000.0,2026-08-03 16:26:08,sales_2026_08_03.csv,2026-08-03 16:26:08,1,40000.0
T002144,S001,UNKNOWN,P024,3,40000.0,2026-08-03 16:52:13,sales_2026_08_03.csv,2026-08-03 16:52:13,3,40000.0
T002145,S005,C046,P021,4,10000.0,2026-08-03 11:23:35,sales_2026_08_03.csv,2026-08-03 11:23:35,4,10000.0
T002146,S004,C090,P022,1,18000.0,2026-08-03 18:13:17,sales_2026_08_03.csv,2026-08-03 18:13:17,1,18000.0
T002147,S004,C014,P022,2,18000.0,2026-08-03 09:02:15,sales_2026_08_03.csv,2026-08-03 09:02:15,2,18000.0
T002148,S002,C071,P006,4,280000.0,2026-08-03 18:56:13,sales_2026_08_03.csv,2026-08-03 18:56:13,4,280000.0
T002149,S005,C044,P013,2,35000.0,2026-08-03 16:28:15,sales_2026_08_03.csv,2026-08-03 16:28:15,2,35000.0
T002150,S002,C069,P022,1,18000.0,2026-08-03 09:01:33,sales_2026_08_03.csv,2026-08-03 09:01:33,1,18000.0
T002151,S004,C046,P020,2,180000.0,2026-08-03 15:13:06,sales_2026_08_03.csv,2026-08-03 15:13:06,2,180000.0
T002152,S003,C071,P029,1,32000.0,2026-08-03 08:22:33,sales_2026_08_03.csv,2026-08-03 08:22:33,1,32000.0
T002153,S003,C053,P011,3,75000.0,2026-08-03 16:28:19,sales_2026_08_03.csv,2026-08-03 16:28:19,3,75000.0
T002154,S004,C093,P025,3,210000.0,2026-08-03 16:47:29,sales_2026_08_03.csv,2026-08-03 16:47:29,3,210000.0
T002155,S005,C031,P011,4,75000.0,2026-08-03 14:37:35,sales_2026_08_03.csv,2026-08-03 14:37:35,4,75000.0
T002156,S005,C028,P019,3,55000.0,2026-08-03 17:25:31,sales_2026_08_03.csv,2026-08-03 17:25:31,3,55000.0
T002157,S005,C096,P013,2,35000.0,2026-08-03 09:04:36,sales_2026_08_03.csv,2026-08-03 09:04:36,2,35000.0
T002158,S003,C058,P009,4,45000.0,2026-08-03 11:02:06,sales_2026_08_03.csv,2026-08-03 11:02:06,4,45000.0
T002159,S004,C001,P015,4,30000.0,2026-08-03 12:33:21,sales_2026_08_03.csv,2026-08-03 12:33:21,4,30000.0
T002160,S001,C037,P024,4,40000.0,2026-08-03 08:28:01,sales_2026_08_03.csv,2026-08-03 08:28:01,4,40000.0
T002161,S001,C067,P020,3,180000.0,2026-08-03 12:55:49,sales_2026_08_03.csv,2026-08-03 12:55:49,3,180000.0
T002162,S003,C001,P005,2,120000.0,2026-08-03 10:55:02,sales_2026_08_03.csv,2026-08-03 10:55:02,2,120000.0
T002163,S002,C028,P010,4,8000.0,2026-08-03 12:19:12,sales_2026_08_03.csv,2026-08-03 12:19:12,4,8000.0
T002164,S003,C003,P028,4,28000.0,2026-08-03 12:40:34,sales_2026_08_03.csv,2026-08-03 12:40:34,4,28000.0
T002165,S003,C071,P025,1,210000.0,2026-08-03 17:40:24,sales_2026_08_03.csv,2026-08-03 17:40:24,1,210000.0
T002166,S005,C074,P017,1,85000.0,2026-08-03 10:58:25,sales_2026_08_03.csv,2026-08-03 10:58:25,1,85000.0
T002167,S005,C020,P030,4,50000.0,2026-08-03 17:49:52,sales_2026_08_03.csv,2026-08-03 17:49:52,4,50000.0
T002168,S001,C059,P004,4,25000.0,2026-08-03 12:41:08,sales_2026_08_03.csv,2026-08-03 12:41:08,4,25000.0
T002169,S002,C018,P012,4,12000.0,2026-08-03 11:36:21,sales_2026_08_03.csv,2026-08-03 11:36:21,4,12000.0
T002170,S003,C075,P009,3,45000.0,2026-08-03 13:31:39,sales_2026_08_03.csv,2026-08-03 13:31:39,3,45000.0
T002171,S002,C033,P008,1,390000.0,2026-08-03 12:35:42,sales_2026_08_03.csv,2026-08-03 12:35:42,1,390000.0
T002172,S003,C012,P026,2,30000.0,2026-08-03 10:49:51,sales_2026_08_03.csv,2026-08-03 10:49:51,2,30000.0
T002173,S004,C073,P019,2,55000.0,2026-08-03 13:31:46,sales_2026_08_03.csv,2026-08-03 13:31:46,2,55000.0
T002174,S002,C094,P030,1,50000.0,2026-08-03 09:40:11,sales_2026_08_03.csv,2026-08-03 09:40:11,1,50000.0
T002175,S003,C062,P003,4,15000.0,2026-08-03 11:52:16,sales_2026_08_03.csv,2026-08-03 11:52:16,4,15000.0
T002176,S004,C089,P006,3,280000.0,2026-08-03 14:13:25,sales_2026_08_03.csv,2026-08-03 14:13:25,3,280000.0
T002177,S005,C013,P023,3,22000.0,2026-08-03 12:32:50,sales_2026_08_03.csv,2026-08-03 12:32:50,3,22000.0
T002178,S003,C005,P020,2,180000.0,2026-08-03 17:03:46,sales_2026_08_03.csv,2026-08-03 17:03:46,2,180000.0
T002179,S005,C049,P024,4,40000.0,2026-08-03 10:49:26,sales_2026_08_03.csv,2026-08-03 10:49:26,4,40000.0
T002180,S001,C099,P003,3,15000.0,2026-08-03 18:40:02,sales_2026_08_03.csv,2026-08-03 18:40:02,3,15000.0
T002181,S003,C056,P011,1,75000.0,2026-08-03 16:37:54,sales_2026_08_03.csv,2026-08-03 16:37:54,1,75000.0
T002182,S001,C099,P014,2,7000.0,2026-08-03 18:38:36,sales_2026_08_03.csv,2026-08-03 18:38:36,2,7000.0
T002183,S005,C002,P008,3,390000.0,2026-08-03 17:13:10,sales_2026_08_03.csv,2026-08-03 17:13:10,3,390000.0
T002184,S004,C007,P021,1,10000.0,2026-08-03 09:33:47,sales_2026_08_03.csv,2026-08-03 09:33:47,1,10000.0
T002185,S005,C006,P010,4,8000.0,2026-08-03 13:47:27,sales_2026_08_03.csv,2026-08-03 13:47:27,4,8000.0
T002186,S005,C073,P011,3,75000.0,2026-08-03 09:52:11,sales_2026_08_03.csv,2026-08-03 09:52:11,3,75000.0
T002187,S003,C065,P005,1,120000.0,2026-08-03 17:00:01,sales_2026_08_03.csv,2026-08-03 17:00:01,1,120000.0
T002188,S002,C020,P023,2,22000.0,2026-08-03 14:25:32,sales_2026_08_03.csv,2026-08-03 14:25:32,2,22000.0
T002189,S004,C058,P002,2,520000.0,2026-08-03 10:53:52,sales_2026_08_03.csv,2026-08-03 10:53:52,2,520000.0
T002190,S005,C074,P025,1,210000.0,2026-08-03 18:13:32,sales_2026_08_03.csv,2026-08-03 18:13:32,1,210000.0
T002191,S001,C029,P017,4,85000.0,2026-08-03 09:16:01,sales_2026_08_03.csv,2026-08-03 09:16:01,4,85000.0
T002192,S003,C051,P014,2,7000.0,2026-08-03 14:12:08,sales_2026_08_03.csv,2026-08-03 14:12:08,2,7000.0
T002193,S002,C044,P005,2,120000.0,2026-08-03 15:55:53,sales_2026_08_03.csv,2026-08-03 15:55:53,2,120000.0
T002194,S004,C074,P003,2,15000.0,2026-08-03 08:38:50,sales_2026_08_03.csv,2026-08-03 08:38:50,2,15000.0
T002195,S001,C071,P024,2,40000.0,2026-08-03 14:34:35,sales_2026_08_03.csv,2026-08-03 14:34:35,2,40000.0
T002196,S003,C011,P013,1,35000.0,2026-08-03 16:58:29,sales_2026_08_03.csv,2026-08-03 16:58:29,1,35000.0
T002197,S005,C056,P013,1,35000.0,2026-08-03 08:44:34,sales_2026_08_03.csv,2026-08-03 08:44:34,1,35000.0
T002198,S002,C098,P025,3,210000.0,2026-08-03 13:38:04,sales_2026_08_03.csv,2026-08-03 13:38:04,3,210000.0
T002199,S004,C072,P005,2,120000.0,2026-08-03 10:50:38,sales_2026_08_03.csv,2026-08-03 10:50:38,2,120000.0
T002200,S004,C051,P007,1,165000.0,2026-08-03 15:17:31,sales_2026_08_03.csv,2026-08-03 15:17:31,1,165000.0
T002201,S005,C026,P021,2,10000.0,2026-08-03 09:18:19,sales_2026_08_03.csv,2026-08-03 09:18:19,2,10000.0
T002202,S005,C095,P018,2,25000.0,2026-08-03 18:18:27,sales_2026_08_03.csv,2026-08-03 18:18:27,2,25000.0
T002203,S002,C032,P017,2,85000.0,2026-08-03 17:50:31,sales_2026_08_03.csv,2026-08-03 17:50:31,2,85000.0
T002204,S003,C100,P003,2,15000.0,2026-08-03 10:02:44,sales_2026_08_03.csv,2026-08-03 10:02:44,2,15000.0
T002205,S003,C088,P014,2,7000.0,2026-08-03 11:33:21,sales_2026_08_03.csv,2026-08-03 11:33:21,2,7000.0
T002206,S005,C012,P030,1,50000.0,2026-08-03 14:27:50,sales_2026_08_03.csv,2026-08-03 14:27:50,1,50000.0
T002207,S004,C055,P004,2,25000.0,2026-08-03 15:53:55,sales_2026_08_03.csv,2026-08-03 15:53:55,2,25000.0
T002208,S003,C025,P012,2,12000.0,2026-08-03 12:52:09,sales_2026_08_03.csv,2026-08-03 12:52:09,2,12000.0
T002209,S003,C077,P011,2,75000.0,2026-08-03 09:43:09,sales_2026_08_03.csv,2026-08-03 09:43:09,2,75000.0
T002210,S001,C099,P021,3,10000.0,2026-08-03 09:08:44,sales_2026_08_03.csv,2026-08-03 09:08:44,3,10000.0
T002211,S002,C045,P010,3,8000.0,2026-08-03 18:59:50,sales_2026_08_03.csv,2026-08-03 18:59:50,3,8000.0
T002212,S004,C080,P020,4,180000.0,2026-08-03 13:00:31,sales_2026_08_03.csv,2026-08-03 13:00:31,4,180000.0
T002213,S004,C006,P005,2,120000.0,2026-08-03 17:35:52,sales_2026_08_03.csv,2026-08-03 17:35:52,2,120000.0
T002214,S002,C026,P030,2,50000.0,2026-08-03 13:18:22,sales_2026_08_03.csv,2026-08-03 13:18:22,2,50000.0
T002215,S003,C020,P022,4,18000.0,2026-08-03 18:08:45,sales_2026_08_03.csv,2026-08-03 18:08:45,4,18000.0
T002216,S001,C015,P025,4,210000.0,2026-08-03 08:57:55,sales_2026_08_03.csv,2026-08-03 08:57:55,4,210000.0
T002217,S001,C032,P024,4,40000.0,2026-08-03 09:15:15,sales_2026_08_03.csv,2026-08-03 09:15:15,4,40000.0
T002218,S002,C037,P020,3,,2026-08-03 18:13:33,sales_2026_08_03.csv,2026-08-03 18:13:33,3,180000.0
T002219,S003,C089,P001,3,450000.0,2026-08-03 18:25:20,sales_2026_08_03.csv,2026-08-03 18:25:20,3,450000.0
T002220,S001,C040,P026,2,30000.0,2026-08-03 11:27:42,sales_2026_08_03.csv,2026-08-03 11:27:42,2,30000.0
T002221,S004,C003,P015,2,30000.0,2026-08-03 11:54:24,sales_2026_08_03.csv,2026-08-03 11:54:24,2,30000.0
T002222,S002,C095,P011,3,75000.0,2026-08-03 12:58:37,sales_2026_08_03.csv,2026-08-03 12:58:37,3,75000.0
T002223,S002,C027,P018,3,25000.0,2026-08-03 12:34:40,sales_2026_08_03.csv,2026-08-03 12:34:40,3,25000.0
T002224,S005,C097,P018,2,25000.0,2026-08-03 10:05:25,sales_2026_08_03.csv,2026-08-03 10:05:25,2,25000.0
T002225,S005,C062,P009,3,45000.0,2026-08-03 17:52:55,sales_2026_08_03.csv,2026-08-03 17:52:55,3,45000.0
T002226,S002,C089,P020,4,180000.0,2026-08-03 10:47:10,sales_2026_08_03.csv,2026-08-03 10:47:10,4,180000.0
T002227,S001,C049,P023,2,22000.0,2026-08-03 15:45:28,sales_2026_08_03.csv,2026-08-03 15:45:28,2,22000.0
T002228,S005,C006,P019,3,55000.0,2026-08-03 08:44:19,sales_2026_08_03.csv,2026-08-03 08:44:19,3,55000.0
T002229,S002,C008,P009,3,45000.0,2026-08-03 08:25:34,sales_2026_08_03.csv,2026-08-03 08:25:34,3,45000.0
T002230,S002,C090,P010,1,8000.0,2026-08-03 15:11:27,sales_2026_08_03.csv,2026-08-03 15:11:27,1,8000.0
T002231,S003,C007,P020,1,180000.0,2026-08-03 11:43:45,sales_2026_08_03.csv,2026-08-03 11:43:45,1,180000.0
T002232,S001,C009,P015,3,30000.0,2026-08-03 15:12:36,sales_2026_08_03.csv,2026-08-03 15:12:36,3,30000.0
T002233,S003,C085,P013,2,35000.0,2026-08-03 09:02:03,sales_2026_08_03.csv,2026-08-03 09:02:03,2,35000.0
T002234,S003,C014,P028,4,28000.0,2026-08-03 18:26:54,sales_2026_08_03.csv,2026-08-03 18:26:54,4,28000.0
T002235,S003,C084,P001,4,450000.0,2026-08-03 16:14:01,sales_2026_08_03.csv,2026-08-03 16:14:01,4,450000.0
T002236,S002,C049,P013,2,35000.0,2026-08-03 17:38:20,sales_2026_08_03.csv,2026-08-03 17:38:20,2,35000.0
T002237,S001,C041,P017,2,85000.0,2026-08-03 09:30:04,sales_2026_08_03.csv,2026-08-03 09:30:04,2,85000.0
T002238,S005,C069,P016,4,95000.0,2026-08-03 11:31:18,sales_2026_08_03.csv,2026-08-03 11:31:18,4,95000.0
T002239,S002,C026,P003,4,15000.0,2026-08-03 12:03:06,sales_2026_08_03.csv,2026-08-03 12:03:06,4,15000.0
T002240,S004,C072,P017,4,85000.0,2026-08-03 13:54:32,sales_2026_08_03.csv,2026-08-03 13:54:32,4,85000.0
T002241,S001,C006,P030,2,50000.0,2026-08-03 11:15:55,sales_2026_08_03.csv,2026-08-03 11:15:55,2,50000.0
T002242,S005,C040,P008,4,390000.0,2026-08-03 08:40:00,sales_2026_08_03.csv,2026-08-03 08:40:00,4,390000.0
T002243,S004,C051,P011,2,75000.0,2026-08-03 12:03:27,sales_2026_08_03.csv,2026-08-03 12:03:27,2,75000.0
T002244,S002,C003,P024,3,40000.0,2026-08-03 10:48:00,sales_2026_08_03.csv,2026-08-03 10:48:00,3,40000.0
T002245,S003,C046,P012,3,12000.0,2026-08-03 12:14:42,sales_2026_08_03.csv,2026-08-03 12:14:42,3,12000.0
T002246,S003,C031,P021,1,10000.0,2026-08-03 10:09:59,sales_2026_08_03.csv,2026-08-03 10:09:59,1,10000.0
T002247,S003,C008,P017,3,85000.0,2026-08-03 10:52:51,sales_2026_08_03.csv,2026-08-03 10:52:51,3,85000.0
T002248,S003,C050,P021,2,10000.0,2026-08-03 14:53:47,sales_2026_08_03.csv,2026-08-03 14:53:47,2,10000.0
T002249,S001,C072,P029,2,32000.0,2026-08-03 12:16:10,sales_2026_08_03.csv,2026-08-03 12:16:10,2,32000.0
T002250,S002,C020,P009,1,45000.0,2026-08-03 11:47:57,sales_2026_08_03.csv,2026-08-03 11:47:57,1,45000.0
T002251,S004,C085,P011,3,75000.0,2026-08-03 13:52:22,sales_2026_08_03.csv,2026-08-03 13:52:22,3,75000.0
T002252,S001,C094,P005,4,120000.0,2026-08-03 16:29:25,sales_2026_08_03.csv,2026-08-03 16:29:25,4,120000.0
T002253,S005,C087,P013,1,35000.0,2026-08-03 12:10:03,sales_2026_08_03.csv,2026-08-03 12:10:03,1,35000.0
T002254,S002,UNKNOWN,P020,2,180000.0,2026-08-03 14:27:45,sales_2026_08_03.csv,2026-08-03 14:27:45,2,180000.0
T002255,S005,C020,P008,2,390000.0,2026-08-03 18:37:41,sales_2026_08_03.csv,2026-08-03 18:37:41,2,390000.0
T002256,S003,C078,P014,2,7000.0,2026-08-03 13:44:30,sales_2026_08_03.csv,2026-08-03 13:44:30,2,7000.0
T002257,S004,C070,P011,1,75000.0,2026-08-03 18:00:27,sales_2026_08_03.csv,2026-08-03 18:00:27,1,75000.0
T002258,S002,C084,P005,4,120000.0,2026-08-03 16:43:49,sales_2026_08_03.csv,2026-08-03 16:43:49,4,120000.0
T002259,S005,C070,P005,2,120000.0,2026-08-03 08:38:45,sales_2026_08_03.csv,2026-08-03 08:38:45,2,120000.0
T002260,S002,C018,P022,3,18000.0,2026-08-03 12:43:12,sales_2026_08_03.csv,2026-08-03 12:43:12,3,18000.0
T002261,S005,C018,P010,4,8000.0,2026-08-03 15:40:53,sales_2026_08_03.csv,2026-08-03 15:40:53,4,8000.0
T002262,S002,C084,P014,3,7000.0,2026-08-03 18:51:13,sales_2026_08_03.csv,2026-08-03 18:51:13,3,7000.0
T002263,S005,C021,P030,4,50000.0,2026-08-03 13:02:31,sales_2026_08_03.csv,2026-08-03 13:02:31,4,50000.0
T002264,S001,C072,P011,1,75000.0,2026-08-03 09:01:14,sales_2026_08_03.csv,2026-08-03 09:01:14,1,75000.0
T002265,S001,C024,P018,2,25000.0,2026-08-03 14:10:55,sales_2026_08_03.csv,2026-08-03 14:10:55,2,25000.0
T002266,S002,C094,P011,1,75000.0,2026-08-03 09:23:31,sales_2026_08_03.csv,2026-08-03 09:23:31,1,75000.0
T002267,S003,C053,P001,3,450000.0,2026-08-03 16:16:00,sales_2026_08_03.csv,2026-08-03 16:16:00,3,450000.0
T002268,S003,C057,P014,1,7000.0,2026-08-03 13:35:04,sales_2026_08_03.csv,2026-08-03 13:35:04,1,7000.0
T002269,S003,C020,P024,1,40000.0,2026-08-03 15:57:27,sales_2026_08_03.csv,2026-08-03 15:57:27,1,40000.0
T002270,S002,C014,P025,4,210000.0,2026-08-03 17:33:46,sales_2026_08_03.csv,2026-08-03 17:33:46,4,210000.0
T002271,S002,C004,P005,3,,2026-08-03 14:55:06,sales_2026_08_03.csv,2026-08-03 14:55:06,3,120000.0
T002272,S005,C079,P025,4,210000.0,2026-08-03 14:44:12,sales_2026_08_03.csv,2026-08-03 14:44:12,4,210000.0
T002273,S005,C073,P009,2,45000.0,2026-08-03 16:18:00,sales_2026_08_03.csv,2026-08-03 16:18:00,2,45000.0
T002274,S002,C077,P020,3,180000.0,2026-08-03 17:16:01,sales_2026_08_03.csv,2026-08-03 17:16:01,3,180000.0
T002275,S002,C088,P008,3,390000.0,2026-08-03 17:33:34,sales_2026_08_03.csv,2026-08-03 17:33:34,3,390000.0
T002276,S003,C011,P001,1,450000.0,2026-08-03 08:24:02,sales_2026_08_03.csv,2026-08-03 08:24:02,1,450000.0
T002277,S004,C018,P023,1,22000.0,2026-08-03 14:07:05,sales_2026_08_03.csv,2026-08-03 14:07:05,1,22000.0
T002278,S005,C061,P017,3,85000.0,2026-08-03 10:22:44,sales_2026_08_03.csv,2026-08-03 10:22:44,3,85000.0
T002279,S003,C024,P023,1,22000.0,2026-08-03 17:27:49,sales_2026_08_03.csv,2026-08-03 17:27:49,1,22000.0
T002280,S004,C063,P028,4,28000.0,2026-08-03 15:07:56,sales_2026_08_03.csv,2026-08-03 15:07:56,4,28000.0
T002281,S002,C021,P016,2,95000.0,2026-08-03 12:37:20,sales_2026_08_03.csv,2026-08-03 12:37:20,2,95000.0
T002282,S002,C005,P007,1,165000.0,2026-08-03 10:04:08,sales_2026_08_03.csv,2026-08-03 10:04:08,1,165000.0
T002283,S001,C035,P014,4,7000.0,2026-08-03 11:43:45,sales_2026_08_03.csv,2026-08-03 11:43:45,4,7000.0
T002284,S002,C096,P014,3,7000.0,2026-08-03 15:44:29,sales_2026_08_03.csv,2026-08-03 15:44:29,3,7000.0
T002285,S002,C097,P022,2,18000.0,2026-08-03 10:14:52,sales_2026_08_03.csv,2026-08-03 10:14:52,2,18000.0
T002286,S001,C023,P007,3,165000.0,2026-08-03 09:01:45,sales_2026_08_03.csv,2026-08-03 09:01:45,3,165000.0
T002287,S004,C079,P030,2,50000.0,2026-08-03 17:46:05,sales_2026_08_03.csv,2026-08-03 17:46:05,2,50000.0
T002288,S003,C059,P016,3,95000.0,2026-08-03 16:24:22,sales_2026_08_03.csv,2026-08-03 16:24:22,3,95000.0
T002289,S002,C055,P029,1,32000.0,2026-08-03 10:11:51,sales_2026_08_03.csv,2026-08-03 10:11:51,1,32000.0
T002290,S001,C078,P013,2,35000.0,2026-08-03 11:12:55,sales_2026_08_03.csv,2026-08-03 11:12:55,2,35000.0
T002291,S004,C093,P024,1,40000.0,2026-08-03 18:41:33,sales_2026_08_03.csv,2026-08-03 18:41:33,1,40000.0
T002292,S004,C079,P011,1,75000.0,2026-08-03 15:47:24,sales_2026_08_03.csv,2026-08-03 15:47:24,1,75000.0
T002293,S005,C077,P024,3,40000.0,2026-08-03 14:42:56,sales_2026_08_03.csv,2026-08-03 14:42:56,3,40000.0
T002294,S005,C083,P018,1,25000.0,2026-08-03 11:23:02,sales_2026_08_03.csv,2026-08-03 11:23:02,1,25000.0
T002295,S001,C067,P029,3,32000.0,2026-08-03 11:17:25,sales_2026_08_03.csv,2026-08-03 11:17:25,3,32000.0
T002296,S004,C059,P004,3,25000.0,2026-08-03 08:26:05,sales_2026_08_03.csv,2026-08-03 08:26:05,3,25000.0
T002297,S001,C032,P027,1,18000.0,2026-08-03 16:00:47,sales_2026_08_03.csv,2026-08-03 16:00:47,1,18000.0
T002298,S005,UNKNOWN,P017,3,85000.0,2026-08-03 08:28:29,sales_2026_08_03.csv,2026-08-03 08:28:29,3,85000.0
T002299,S001,C072,P024,4,40000.0,2026-08-03 08:03:12,sales_2026_08_03.csv,2026-08-03 08:03:12,4,40000.0
T002300,S005,C098,P013,4,35000.0,2026-08-03 16:01:28,sales_2026_08_03.csv,2026-08-03 16:01:28,4,35000.0
T002301,S001,C025,P021,4,10000.0,2026-08-03 18:26:15,sales_2026_08_03.csv,2026-08-03 18:26:15,4,10000.0
T002302,S004,C051,P010,2,8000.0,2026-08-03 16:19:17,sales_2026_08_03.csv,2026-08-03 16:19:17,2,8000.0
T002303,S003,C100,P029,1,,2026-08-03 13:11:16,sales_2026_08_03.csv,2026-08-03 13:11:16,1,32000.0
T002304,S003,C060,P027,1,18000.0,2026-08-03 13:20:47,sales_2026_08_03.csv,2026-08-03 13:20:47,1,18000.0
T002305,S004,C038,P006,4,280000.0,2026-08-03 12:47:51,sales_2026_08_03.csv,2026-08-03 12:47:51,4,280000.0
T002306,S001,C089,P020,1,180000.0,2026-08-03 11:34:15,sales_2026_08_03.csv,2026-08-03 11:34:15,1,180000.0
T002307,S002,C060,P017,4,85000.0,2026-08-03 13:44:19,sales_2026_08_03.csv,2026-08-03 13:44:19,4,85000.0
T002308,S004,C012,P027,3,18000.0,2026-08-03 12:44:33,sales_2026_08_03.csv,2026-08-03 12:44:33,3,18000.0
T002309,S005,C015,P024,2,40000.0,2026-08-03 14:34:47,sales_2026_08_03.csv,2026-08-03 14:34:47,2,40000.0
T002310,S005,C090,P006,3,280000.0,2026-08-03 17:52:45,sales_2026_08_03.csv,2026-08-03 17:52:45,3,280000.0
T002311,S002,C051,P018,3,25000.0,2026-08-03 18:56:42,sales_2026_08_03.csv,2026-08-03 18:56:42,3,25000.0
T002312,S003,C058,P014,4,7000.0,2026-08-03 08:51:58,sales_2026_08_03.csv,2026-08-03 08:51:58,4,7000.0
T002313,S002,C059,P001,2,450000.0,2026-08-03 12:13:53,sales_2026_08_03.csv,2026-08-03 12:13:53,2,450000.0
T002314,S002,C059,P019,1,55000.0,2026-08-03 09:59:15,sales_2026_08_03.csv,2026-08-03 09:59:15,1,55000.0
T002315,S003,C042,P003,4,15000.0,2026-08-03 11:52:23,sales_2026_08_03.csv,2026-08-03 11:52:23,4,15000.0
T002316,S002,C092,P023,1,22000.0,2026-08-03 11:09:43,sales_2026_08_03.csv,2026-08-03 11:09:43,1,22000.0
T002317,S001,C012,P024,2,40000.0,2026-08-03 09:55:11,sales_2026_08_03.csv,2026-08-03 09:55:11,2,40000.0
T002318,S004,C082,P004,1,25000.0,2026-08-03 16:24:17,sales_2026_08_03.csv,2026-08-03 16:24:17,1,25000.0
T002319,S001,C068,P012,4,12000.0,2026-08-03 13:27:33,sales_2026_08_03.csv,2026-08-03 13:27:33,4,12000.0
T002320,S004,C094,P023,3,22000.0,2026-08-03 18:06:42,sales_2026_08_03.csv,2026-08-03 18:06:42,3,22000.0
T002321,S005,C079,P026,4,30000.0,2026-08-03 08:21:30,sales_2026_08_03.csv,2026-08-03 08:21:30,4,30000.0
T002322,S004,C071,P006,4,280000.0,2026-08-03 08:44:12,sales_2026_08_03.csv,2026-08-03 08:44:12,4,280000.0
T002323,S001,C099,P013,1,35000.0,2026-08-03 12:26:09,sales_2026_08_03.csv,2026-08-03 12:26:09,1,35000.0
T002324,S003,C073,P006,3,280000.0,2026-08-03 08:52:58,sales_2026_08_03.csv,2026-08-03 08:52:58,3,280000.0
T002325,S002,C021,P028,2,28000.0,2026-08-03 10:53:24,sales_2026_08_03.csv,2026-08-03 10:53:24,2,28000.0
T002326,S002,C023,P028,2,28000.0,2026-08-03 18:50:46,sales_2026_08_03.csv,2026-08-03 18:50:46,2,28000.0
T002327,S001,C054,P025,2,210000.0,2026-08-03 10:17:54,sales_2026_08_03.csv,2026-08-03 10:17:54,2,210000.0
T002328,S003,C094,P010,1,8000.0,2026-08-03 10:10:45,sales_2026_08_03.csv,2026-08-03 10:10:45,1,8000.0
T002329,S004,C037,P025,1,210000.0,2026-08-03 14:18:36,sales_2026_08_03.csv,2026-08-03 14:18:36,1,210000.0
T002330,S002,C016,P021,2,10000.0,2026-08-03 13:28:40,sales_2026_08_03.csv,2026-08-03 13:28:40,2,10000.0
T002331,S002,C026,P029,4,32000.0,2026-08-03 14:23:05,sales_2026_08_03.csv,2026-08-03 14:23:05,4,32000.0
T002332,S005,C098,P001,1,450000.0,2026-08-03 12:08:38,sales_2026_08_03.csv,2026-08-03 12:08:38,1,450000.0
T002333,S001,C059,P009,2,45000.0,2026-08-03 17:05:39,sales_2026_08_03.csv,2026-08-03 17:05:39,2,45000.0
T002334,S004,C070,P016,2,95000.0,2026-08-03 09:31:27,sales_2026_08_03.csv,2026-08-03 09:31:27,2,95000.0
T002335,S001,C078,P026,3,30000.0,2026-08-03 12:42:44,sales_2026_08_03.csv,2026-08-03 12:42:44,3,30000.0
T002336,S004,C031,P029,1,32000.0,2026-08-03 15:35:14,sales_2026_08_03.csv,2026-08-03 15:35:14,1,32000.0
T002337,S005,C085,P007,1,165000.0,2026-08-03 17:33:02,sales_2026_08_03.csv,2026-08-03 17:33:02,1,165000.0
T002338,S004,C053,P016,4,95000.0,2026-08-03 12:03:55,sales_2026_08_03.csv,2026-08-03 12:03:55,4,95000.0
T002339,S001,C077,P015,3,30000.0,2026-08-03 14:14:42,sales_2026_08_03.csv,2026-08-03 14:14:42,3,30000.0
T002340,S001,C032,P020,3,180000.0,2026-08-03 08:45:37,sales_2026_08_03.csv,2026-08-03 08:45:37,3,180000.0
T002341,S005,C036,P029,2,32000.0,2026-08-03 09:52:24,sales_2026_08_03.csv,2026-08-03 09:52:24,2,32000.0
T002342,S005,C027,P020,3,180000.0,2026-08-03 08:45:37,sales_2026_08_03.csv,2026-08-03 08:45:37,3,180000.0
T002343,S002,C019,P002,3,520000.0,2026-08-03 16:00:24,sales_2026_08_03.csv,2026-08-03 16:00:24,3,520000.0
T002344,S003,C005,P002,4,520000.0,2026-08-03 11:10:07,sales_2026_08_03.csv,2026-08-03 11:10:07,4,520000.0
T002345,S001,C086,P005,1,120000.0,2026-08-03 15:57:40,sales_2026_08_03.csv,2026-08-03 15:57:40,1,120000.0
T002346,S005,C039,P019,1,55000.0,2026-08-03 08:43:49,sales_2026_08_03.csv,2026-08-03 08:43:49,1,55000.0
T002347,S001,C007,P011,4,75000.0,2026-08-03 17:29:16,sales_2026_08_03.csv,2026-08-03 17:29:16,4,75000.0
T002348,S004,C023,P004,3,25000.0,2026-08-03 17:11:26,sales_2026_08_03.csv,2026-08-03 17:11:26,3,25000.0
T002349,S003,C079,P006,1,280000.0,2026-08-03 08:58:41,sales_2026_08_03.csv,2026-08-03 08:58:41,1,280000.0
T002350,S005,C074,P022,2,18000.0,2026-08-03 08:15:40,sales_2026_08_03.csv,2026-08-03 08:15:40,2,18000.0
T002351,S005,C023,P026,4,30000.0,2026-08-03 08:37:09,sales_2026_08_03.csv,2026-08-03 08:37:09,4,30000.0
T002352,S005,C047,P015,3,30000.0,2026-08-03 17:23:23,sales_2026_08_03.csv,2026-08-03 17:23:23,3,30000.0
T002353,S001,C012,P030,3,50000.0,2026-08-03 10:34:54,sales_2026_08_03.csv,2026-08-03 10:34:54,3,50000.0
T002354,S003,C042,P025,2,210000.0,2026-08-03 14:01:51,sales_2026_08_03.csv,2026-08-03 14:01:51,2,210000.0
T002355,S004,C009,P012,4,12000.0,2026-08-03 12:41:19,sales_2026_08_03.csv,2026-08-03 12:41:19,4,12000.0
T002356,S004,C071,P025,2,210000.0,2026-08-03 16:45:02,sales_2026_08_03.csv,2026-08-03 16:45:02,2,210000.0
T002357,S003,C061,P003,4,15000.0,2026-08-03 13:22:40,sales_2026_08_03.csv,2026-08-03 13:22:40,4,15000.0
T002358,S001,C089,P005,1,120000.0,2026-08-03 13:30:26,sales_2026_08_03.csv,2026-08-03 13:30:26,1,120000.0
T002359,S003,C043,P028,4,28000.0,2026-08-03 18:52:48,sales_2026_08_03.csv,2026-08-03 18:52:48,4,28000.0
T002360,S004,C068,P017,2,85000.0,2026-08-03 09:39:05,sales_2026_08_03.csv,2026-08-03 09:39:05,2,85000.0
T002361,S002,C079,P007,3,165000.0,2026-08-03 17:08:15,sales_2026_08_03.csv,2026-08-03 17:08:15,3,165000.0
T002362,S001,C074,P002,4,520000.0,2026-08-03 08:34:09,sales_2026_08_03.csv,2026-08-03 08:34:09,4,520000.0
T002363,S005,C012,P024,2,40000.0,2026-08-03 13:15:14,sales_2026_08_03.csv,2026-08-03 13:15:14,2,40000.0
T002364,S005,C091,P016,1,95000.0,2026-08-03 17:44:58,sales_2026_08_03.csv,2026-08-03 17:44:58,1,95000.0
T002365,S004,C078,P010,1,8000.0,2026-08-03 15:19:02,sales_2026_08_03.csv,2026-08-03 15:19:02,1,8000.0
T002366,S003,C034,P028,4,28000.0,2026-08-03 15:32:14,sales_2026_08_03.csv,2026-08-03 15:32:14,4,28000.0
T002367,S005,C080,P017,4,85000.0,2026-08-03 10:53:47,sales_2026_08_03.csv,2026-08-03 10:53:47,4,85000.0
T002368,S002,C079,P012,4,12000.0,2026-08-03 12:36:15,sales_2026_08_03.csv,2026-08-03 12:36:15,4,12000.0
T002369,S004,C067,P019,1,55000.0,2026-08-03 12:01:56,sales_2026_08_03.csv,2026-08-03 12:01:56,1,55000.0
T002370,S004,C064,P024,2,40000.0,2026-08-03 13:44:09,sales_2026_08_03.csv,2026-08-03 13:44:09,2,40000.0
T002371,S002,C079,P026,2,30000.0,2026-08-03 13:05:04,sales_2026_08_03.csv,2026-08-03 13:05:04,2,30000.0
T002372,S003,C025,P008,2,390000.0,2026-08-03 11:35:45,sales_2026_08_03.csv,2026-08-03 11:35:45,2,390000.0
T002373,S001,C004,P001,3,450000.0,2026-08-03 11:21:37,sales_2026_08_03.csv,2026-08-03 11:21:37,3,450000.0
T002374,S001,C095,P015,4,30000.0,2026-08-03 10:45:33,sales_2026_08_03.csv,2026-08-03 10:45:33,4,30000.0
T002375,S002,C079,P028,4,28000.0,2026-08-03 12:00:55,sales_2026_08_03.csv,2026-08-03 12:00:55,4,28000.0
T002376,S004,C006,P014,1,7000.0,2026-08-03 09:38:57,sales_2026_08_03.csv,2026-08-03 09:38:57,1,7000.0
T002377,S003,C072,P011,4,75000.0,2026-08-03 17:35:35,sales_2026_08_03.csv,2026-08-03 17:35:35,4,75000.0
T002378,S002,C002,P026,1,30000.0,2026-08-03 14:37:23,sales_2026_08_03.csv,2026-08-03 14:37:23,1,30000.0
T002379,S002,C089,P021,3,,2026-08-03 09:28:17,sales_2026_08_03.csv,2026-08-03 09:28:17,3,10000.0
T002380,S003,C009,P010,2,8000.0,2026-08-03 15:37:56,sales_2026_08_03.csv,2026-08-03 15:37:56,2,8000.0
T002381,S003,C065,P010,4,8000.0,2026-08-03 17:19:27,sales_2026_08_03.csv,2026-08-03 17:19:27,4,8000.0
T002382,S003,C099,P018,1,25000.0,2026-08-03 10:36:46,sales_2026_08_03.csv,2026-08-03 10:36:46,1,25000.0
T002383,S001,C088,P001,2,450000.0,2026-08-03 09:39:23,sales_2026_08_03.csv,2026-08-03 09:39:23,2,450000.0
T002384,S003,C051,P011,3,75000.0,2026-08-03 08:05:41,sales_2026_08_03.csv,2026-08-03 08:05:41,3,75000.0
T002385,S005,C079,P024,1,40000.0,2026-08-03 08:31:11,sales_2026_08_03.csv,2026-08-03 08:31:11,1,40000.0
T002386,S002,C025,P001,2,450000.0,2026-08-03 16:23:05,sales_2026_08_03.csv,2026-08-03 16:23:05,2,450000.0
T002387,S003,C087,P011,1,75000.0,2026-08-03 18:51:32,sales_2026_08_03.csv,2026-08-03 18:51:32,1,75000.0
T002388,S004,C005,P016,2,95000.0,2026-08-03 08:29:37,sales_2026_08_03.csv,2026-08-03 08:29:37,2,95000.0
T002389,S002,C062,P021,2,10000.0,2026-08-03 16:13:43,sales_2026_08_03.csv,2026-08-03 16:13:43,2,10000.0
T002390,S004,C069,P005,1,120000.0,2026-08-03 08:47:25,sales_2026_08_03.csv,2026-08-03 08:47:25,1,120000.0
T002391,S003,C060,P029,4,32000.0,2026-08-03 14:30:48,sales_2026_08_03.csv,2026-08-03 14:30:48,4,32000.0
T002392,S004,C096,P026,2,30000.0,2026-08-03 16:19:00,sales_2026_08_03.csv,2026-08-03 16:19:00,2,30000.0
T002393,S005,C039,P002,4,520000.0,2026-08-03 11:57:04,sales_2026_08_03.csv,2026-08-03 11:57:04,4,520000.0
T002394,S003,C072,P019,3,55000.0,2026-08-03 08:07:13,sales_2026_08_03.csv,2026-08-03 08:07:13,3,55000.0
T002395,S001,UNKNOWN,P018,2,25000.0,2026-08-03 14:32:49,sales_2026_08_03.csv,2026-08-03 14:32:49,2,25000.0
T002396,S003,C046,P019,1,55000.0,2026-08-03 18:54:13,sales_2026_08_03.csv,2026-08-03 18:54:13,1,55000.0
T002397,S002,C036,P003,4,15000.0,2026-08-03 10:50:01,sales_2026_08_03.csv,2026-08-03 10:50:01,4,15000.0
T002398,S001,C044,P027,2,18000.0,2026-08-03 10:05:03,sales_2026_08_03.csv,2026-08-03 10:05:03,2,18000.0
T002399,S005,C022,P013,3,35000.0,2026-08-03 09:21:47,sales_2026_08_03.csv,2026-08-03 09:21:47,3,35000.0
T002400,S005,C050,P019,2,55000.0,2026-08-03 14:06:28,sales_2026_08_03.csv,2026-08-03 14:06:28,2,55000.0
T002401,S005,C015,P006,3,280000.0,2026-08-03 14:33:39,sales_2026_08_03.csv,2026-08-03 14:33:39,3,280000.0
T002402,S003,C091,P028,1,28000.0,2026-08-03 16:42:53,sales_2026_08_03.csv,2026-08-03 16:42:53,1,28000.0
T002403,S003,C091,P028,3,28000.0,2026-08-03 16:17:01,sales_2026_08_03.csv,2026-08-03 16:17:01,3,28000.0
T002404,S003,C053,P002,2,520000.0,2026-08-03 17:49:04,sales_2026_08_03.csv,2026-08-03 17:49:04,2,520000.0
T002405,S004,C031,P003,2,15000.0,2026-08-03 16:51:48,sales_2026_08_03.csv,2026-08-03 16:51:48,2,15000.0
T002406,S004,C039,P012,1,12000.0,2026-08-03 10:43:11,sales_2026_08_03.csv,2026-08-03 10:43:11,1,12000.0
T002407,S005,C039,P007,3,165000.0,2026-08-03 14:06:52,sales_2026_08_03.csv,2026-08-03 14:06:52,3,165000.0
T002408,S001,C048,P006,3,,2026-08-03 11:16:17,sales_2026_08_03.csv,2026-08-03 11:16:17,3,280000.0
T002409,S001,C100,P026,4,30000.0,2026-08-03 11:37:39,sales_2026_08_03.csv,2026-08-03 11:37:39,4,30000.0
T002410,S001,C057,P007,3,165000.0,2026-08-03 18:15:04,sales_2026_08_03.csv,2026-08-03 18:15:04,3,165000.0
T002411,S001,C062,P017,3,85000.0,2026-08-03 15:30:03,sales_2026_08_03.csv,2026-08-03 15:30:03,3,85000.0
T002412,S005,C020,P029,4,32000.0,2026-08-03 18:43:13,sales_2026_08_03.csv,2026-08-03 18:43:13,4,32000.0
T002413,S003,C062,P007,2,165000.0,2026-08-03 12:35:09,sales_2026_08_03.csv,2026-08-03 12:35:09,2,165000.0
T002414,S005,C040,P024,1,40000.0,2026-08-03 13:54:42,sales_2026_08_03.csv,2026-08-03 13:54:42,1,40000.0
T002415,S003,C019,P025,4,210000.0,2026-08-03 13:21:29,sales_2026_08_03.csv,2026-08-03 13:21:29,4,210000.0
T002416,S001,C067,P025,2,210000.0,2026-08-03 09:10:48,sales_2026_08_03.csv,2026-08-03 09:10:48,2,210000.0
T002417,S002,C027,P022,2,18000.0,2026-08-03 10:36:13,sales_2026_08_03.csv,2026-08-03 10:36:13,2,18000.0
T002418,S001,C059,P024,4,40000.0,2026-08-03 13:48:14,sales_2026_08_03.csv,2026-08-03 13:48:14,4,40000.0
T002419,S005,C015,P013,1,35000.0,2026-08-03 08:44:28,sales_2026_08_03.csv,2026-08-03 08:44:28,1,35000.0
T002420,S003,C006,P001,4,450000.0,2026-08-03 18:14:45,sales_2026_08_03.csv,2026-08-03 18:14:45,4,450000.0
T002421,S005,C012,P022,4,18000.0,2026-08-03 09:21:44,sales_2026_08_03.csv,2026-08-03 09:21:44,4,18000.0
T002422,S004,C006,P011,1,75000.0,2026-08-03 10:10:40,sales_2026_08_03.csv,2026-08-03 10:10:40,1,75000.0
T002423,S005,C099,P004,4,25000.0,2026-08-03 16:25:06,sales_2026_08_03.csv,2026-08-03 16:25:06,4,25000.0
T002424,S003,C003,P022,4,18000.0,2026-08-03 09:03:58,sales_2026_08_03.csv,2026-08-03 09:03:58,4,18000.0
T002425,S003,C082,P019,1,55000.0,2026-08-03 17:54:11,sales_2026_08_03.csv,2026-08-03 17:54:11,1,55000.0
T002426,S002,C042,P029,4,32000.0,2026-08-03 15:58:57,sales_2026_08_03.csv,2026-08-03 15:58:57,4,32000.0
T002427,S002,C037,P007,1,165000.0,2026-08-03 08:45:17,sales_2026_08_03.csv,2026-08-03 08:45:17,1,165000.0
T002428,S005,C041,P009,1,45000.0,2026-08-03 15:36:37,sales_2026_08_03.csv,2026-08-03 15:36:37,1,45000.0
T002429,S004,C086,P025,4,210000.0,2026-08-03 14:56:52,sales_2026_08_03.csv,2026-08-03 14:56:52,4,210000.0
T002430,S003,C020,P004,2,25000.0,2026-08-03 16:19:51,sales_2026_08_03.csv,2026-08-03 16:19:51,2,25000.0
T002431,S003,C015,P006,1,280000.0,2026-08-03 17:06:36,sales_2026_08_03.csv,2026-08-03 17:06:36,1,280000.0
T002432,S005,UNKNOWN,P001,4,450000.0,2026-08-03 15:54:06,sales_2026_08_03.csv,2026-08-03 15:54:06,4,450000.0
T002433,S001,C027,P017,4,85000.0,2026-08-03 14:26:52,sales_2026_08_03.csv,2026-08-03 14:26:52,4,85000.0
T002434,S003,C071,P018,2,25000.0,2026-08-03 11:32:49,sales_2026_08_03.csv,2026-08-03 11:32:49,2,25000.0
T002435,S003,C019,P011,4,75000.0,2026-08-03 15:40:12,sales_2026_08_03.csv,2026-08-03 15:40:12,4,75000.0
T002436,S003,C074,P023,1,22000.0,2026-08-03 18:31:36,sales_2026_08_03.csv,2026-08-03 18:31:36,1,22000.0
T002437,S002,C010,P008,1,390000.0,2026-08-03 14:27:45,sales_2026_08_03.csv,2026-08-03 14:27:45,1,390000.0
T002438,S005,C044,P010,1,8000.0,2026-08-03 15:18:28,sales_2026_08_03.csv,2026-08-03 15:18:28,1,8000.0
T002439,S004,C007,P018,2,25000.0,2026-08-03 12:48:30,sales_2026_08_03.csv,2026-08-03 12:48:30,2,25000.0
T002440,S001,C061,P005,3,120000.0,2026-08-03 16:19:02,sales_2026_08_03.csv,2026-08-03 16:19:02,3,120000.0
T002441,S001,C014,P029,2,32000.0,2026-08-03 18:58:27,sales_2026_08_03.csv,2026-08-03 18:58:27,2,32000.0
T002442,S001,C012,P013,2,35000.0,2026-08-03 09:45:51,sales_2026_08_03.csv,2026-08-03 09:45:51,2,35000.0
T002443,S004,C023,P014,1,7000.0,2026-08-03 10:13:35,sales_2026_08_03.csv,2026-08-03 10:13:35,1,7000.0
T002444,S005,C076,P023,3,22000.0,2026-08-03 13:56:01,sales_2026_08_03.csv,2026-08-03 13:56:01,3,22000.0
T002445,S004,C079,P021,2,10000.0,2026-08-03 13:17:42,sales_2026_08_03.csv,2026-08-03 13:17:42,2,10000.0
T002446,S003,C043,P012,4,12000.0,2026-08-03 14:17:14,sales_2026_08_03.csv,2026-08-03 14:17:14,4,12000.0
T002447,S002,C092,P027,1,18000.0,2026-08-03 08:32:23,sales_2026_08_03.csv,2026-08-03 08:32:23,1,18000.0
T002448,S005,UNKNOWN,P025,2,210000.0,2026-08-03 12:26:49,sales_2026_08_03.csv,2026-08-03 12:26:49,2,210000.0
T002449,S004,C073,P030,4,50000.0,2026-08-03 14:24:45,sales_2026_08_03.csv,2026-08-03 14:24:45,4,50000.0
T002450,S001,C090,P005,4,120000.0,2026-08-03 14:26:13,sales_2026_08_03.csv,2026-08-03 14:26:13,4,120000.0
T002451,S001,C059,P015,2,30000.0,2026-08-03 15:13:50,sales_2026_08_03.csv,2026-08-03 15:13:50,2,30000.0
T002452,S004,C061,P010,3,8000.0,2026-08-03 15:55:20,sales_2026_08_03.csv,2026-08-03 15:55:20,3,8000.0
T002453,S002,C019,P008,1,390000.0,2026-08-03 15:03:25,sales_2026_08_03.csv,2026-08-03 15:03:25,1,390000.0
T002454,S005,C034,P028,2,28000.0,2026-08-03 16:41:33,sales_2026_08_03.csv,2026-08-03 16:41:33,2,28000.0
T002455,S003,C051,P030,4,50000.0,2026-08-03 14:52:20,sales_2026_08_03.csv,2026-08-03 14:52:20,4,50000.0
T002456,S003,C042,P006,4,280000.0,2026-08-03 13:54:45,sales_2026_08_03.csv,2026-08-03 13:54:45,4,280000.0
T002457,S004,C004,P015,1,30000.0,2026-08-03 14:40:05,sales_2026_08_03.csv,2026-08-03 14:40:05,1,30000.0
T002458,S004,C015,P003,4,15000.0,2026-08-03 09:06:47,sales_2026_08_03.csv,2026-08-03 09:06:47,4,15000.0
T002459,S004,C060,P012,1,12000.0,2026-08-03 11:00:16,sales_2026_08_03.csv,2026-08-03 11:00:16,1,12000.0
T002460,S002,C037,P028,4,28000.0,2026-08-03 13:48:05,sales_2026_08_03.csv,2026-08-03 13:48:05,4,28000.0
T002461,S003,C078,P025,4,210000.0,2026-08-03 17:36:10,sales_2026_08_03.csv,2026-08-03 17:36:10,4,210000.0
T002462,S002,C066,P019,3,55000.0,2026-08-03 15:28:10,sales_2026_08_03.csv,2026-08-03 15:28:10,3,55000.0
T002463,S004,C092,P004,2,25000.0,2026-08-03 08:59:40,sales_2026_08_03.csv,2026-08-03 08:59:40,2,25000.0
T002464,S001,C042,P026,2,30000.0,2026-08-03 14:30:54,sales_2026_08_03.csv,2026-08-03 14:30:54,2,30000.0
T002465,S001,C039,P018,1,25000.0,2026-08-03 10:26:20,sales_2026_08_03.csv,2026-08-03 10:26:20,1,25000.0
T002466,S004,C052,P018,1,25000.0,2026-08-03 16:04:27,sales_2026_08_03.csv,2026-08-03 16:04:27,1,25000.0
T002467,S004,C031,P019,4,55000.0,2026-08-03 17:06:06,sales_2026_08_03.csv,2026-08-03 17:06:06,4,55000.0
T002468,S002,C071,P020,2,180000.0,2026-08-03 14:31:40,sales_2026_08_03.csv,2026-08-03 14:31:40,2,180000.0
T002469,S004,C050,P006,4,280000.0,2026-08-03 14:30:17,sales_2026_08_03.csv,2026-08-03 14:30:17,4,280000.0
T002470,S003,C027,P003,2,15000.0,2026-08-03 11:43:28,sales_2026_08_03.csv,2026-08-03 11:43:28,2,15000.0
T002471,S005,C056,P027,3,18000.0,2026-08-03 12:54:31,sales_2026_08_03.csv,2026-08-03 12:54:31,3,18000.0
T002472,S004,C073,P026,4,30000.0,2026-08-03 17:30:18,sales_2026_08_03.csv,2026-08-03 17:30:18,4,30000.0
T002473,S003,C070,P026,1,30000.0,2026-08-03 15:57:23,sales_2026_08_03.csv,2026-08-03 15:57:23,1,30000.0
T002474,S002,C023,P023,2,22000.0,2026-08-03 13:43:02,sales_2026_08_03.csv,2026-08-03 13:43:02,2,22000.0
T002475,S001,C095,P022,2,18000.0,2026-08-03 12:03:02,sales_2026_08_03.csv,2026-08-03 12:03:02,2,18000.0
T002476,S005,C063,P030,2,50000.0,2026-08-03 08:33:15,sales_2026_08_03.csv,2026-08-03 08:33:15,2,50000.0
T002477,S005,C077,P004,4,25000.0,2026-08-03 09:34:23,sales_2026_08_03.csv,2026-08-03 09:34:23,4,25000.0
T002478,S003,C072,P015,2,30000.0,2026-08-03 10:07:23,sales_2026_08_03.csv,2026-08-03 10:07:23,2,30000.0
T002479,S004,C023,P004,1,25000.0,2026-08-03 12:06:25,sales_2026_08_03.csv,2026-08-03 12:06:25,1,25000.0
T002480,S004,C009,P010,4,8000.0,2026-08-03 18:23:08,sales_2026_08_03.csv,2026-08-03 18:23:08,4,8000.0
T002481,S001,C088,P020,2,180000.0,2026-08-03 13:33:24,sales_2026_08_03.csv,2026-08-03 13:33:24,2,180000.0
T002482,S005,C099,P027,4,18000.0,2026-08-03 10:34:59,sales_2026_08_03.csv,2026-08-03 10:34:59,4,18000.0
T002483,S004,C042,P027,4,18000.0,2026-08-03 09:09:47,sales_2026_08_03.csv,2026-08-03 09:09:47,4,18000.0
T002484,S001,C012,P016,1,95000.0,2026-08-03 11:43:16,sales_2026_08_03.csv,2026-08-03 11:43:16,1,95000.0
T002485,S002,C075,P007,1,165000.0,2026-08-03 16:58:22,sales_2026_08_03.csv,2026-08-03 16:58:22,1,165000.0
T002486,S001,C097,P029,4,32000.0,2026-08-03 12:13:00,sales_2026_08_03.csv,2026-08-03 12:13:00,4,32000.0
T002487,S002,C058,P005,4,120000.0,2026-08-03 16:29:51,sales_2026_08_03.csv,2026-08-03 16:29:51,4,120000.0
T002488,S003,C050,P018,4,25000.0,2026-08-03 16:49:47,sales_2026_08_03.csv,2026-08-03 16:49:47,4,25000.0
T002489,S005,C058,P020,3,180000.0,2026-08-03 09:13:08,sales_2026_08_03.csv,2026-08-03 09:13:08,3,180000.0
T002490,S002,C088,P007,4,165000.0,2026-08-03 14:41:42,sales_2026_08_03.csv,2026-08-03 14:41:42,4,165000.0
T002491,S003,C039,P029,4,32000.0,2026-08-03 18:33:00,sales_2026_08_03.csv,2026-08-03 18:33:00,4,32000.0
T002492,S003,C056,P019,1,55000.0,2026-08-03 12:25:24,sales_2026_08_03.csv,2026-08-03 12:25:24,1,55000.0
T002493,S003,C012,P023,1,22000.0,2026-08-03 08:33:37,sales_2026_08_03.csv,2026-08-03 08:33:37,1,22000.0
T002494,S001,C079,P019,4,55000.0,2026-08-03 18:09:22,sales_2026_08_03.csv,2026-08-03 18:09:22,4,55000.0
T002495,S004,C017,P017,4,85000.0,2026-08-03 17:43:13,sales_2026_08_03.csv,2026-08-03 17:43:13,4,85000.0
T002496,S003,C008,P028,3,28000.0,2026-08-03 13:44:36,sales_2026_08_03.csv,2026-08-03 13:44:36,3,28000.0
T002497,S005,C007,P012,4,12000.0,2026-08-03 14:04:29,sales_2026_08_03.csv,2026-08-03 14:04:29,4,12000.0
T002498,S005,C046,P001,3,450000.0,2026-08-03 10:19:44,sales_2026_08_03.csv,2026-08-03 10:19:44,3,450000.0
T002499,S003,C004,P004,3,25000.0,2026-08-03 17:00:50,sales_2026_08_03.csv,2026-08-03 17:00:50,3,25000.0
T002500,S004,C090,P008,3,390000.0,2026-08-03 13:29:04,sales_2026_08_03.csv,2026-08-03 13:29:04,3,390000.0
T002501,S004,C081,P019,1,55000.0,2026-08-03 08:22:21,sales_2026_08_03.csv,2026-08-03 08:22:21,1,55000.0
T002502,S004,C052,P011,3,75000.0,2026-08-03 15:30:47,sales_2026_08_03.csv,2026-08-03 15:30:47,3,75000.0
T002503,S004,C070,P013,4,35000.0,2026-08-03 18:27:19,sales_2026_08_03.csv,2026-08-03 18:27:19,4,35000.0
T002504,S002,C061,P007,2,165000.0,2026-08-03 17:07:14,sales_2026_08_03.csv,2026-08-03 17:07:14,2,165000.0
T002505,S002,C072,P005,3,120000.0,2026-08-03 11:02:57,sales_2026_08_03.csv,2026-08-03 11:02:57,3,120000.0
T002506,S003,C054,P013,4,35000.0,2026-08-03 08:35:11,sales_2026_08_03.csv,2026-08-03 08:35:11,4,35000.0
T002507,S003,C086,P005,3,120000.0,2026-08-03 18:20:37,sales_2026_08_03.csv,2026-08-03 18:20:37,3,120000.0
T002508,S002,C002,P005,3,120000.0,2026-08-03 18:18:27,sales_2026_08_03.csv,2026-08-03 18:18:27,3,120000.0
T002509,S001,C019,P003,1,15000.0,2026-08-03 13:51:23,sales_2026_08_03.csv,2026-08-03 13:51:23,1,15000.0
T002510,S004,C085,P024,4,40000.0,2026-08-03 15:03:55,sales_2026_08_03.csv,2026-08-03 15:03:55,4,40000.0
T002511,S002,C011,P014,4,7000.0,2026-08-03 13:05:18,sales_2026_08_03.csv,2026-08-03 13:05:18,4,7000.0
T002512,S004,C059,P005,3,120000.0,2026-08-03 12:37:02,sales_2026_08_03.csv,2026-08-03 12:37:02,3,120000.0
T002513,S005,C055,P029,4,32000.0,2026-08-03 09:18:50,sales_2026_08_03.csv,2026-08-03 09:18:50,4,32000.0
T002514,S002,C059,P020,2,180000.0,2026-08-03 09:03:51,sales_2026_08_03.csv,2026-08-03 09:03:51,2,180000.0
T002515,S004,C071,P017,3,85000.0,2026-08-03 10:33:36,sales_2026_08_03.csv,2026-08-03 10:33:36,3,85000.0
T002516,S004,C050,P027,2,18000.0,2026-08-03 17:12:10,sales_2026_08_03.csv,2026-08-03 17:12:10,2,18000.0
T002517,S002,C024,P012,2,12000.0,2026-08-03 09:36:14,sales_2026_08_03.csv,2026-08-03 09:36:14,2,12000.0
T002518,S005,C001,P014,1,7000.0,2026-08-03 10:29:37,sales_2026_08_03.csv,2026-08-03 10:29:37,1,7000.0
T002519,S004,C094,P019,4,55000.0,2026-08-03 14:02:05,sales_2026_08_03.csv,2026-08-03 14:02:05,4,55000.0
T002520,S005,C035,P008,4,390000.0,2026-08-03 10:21:59,sales_2026_08_03.csv,2026-08-03 10:21:59,4,390000.0
T002521,S005,C074,P014,2,7000.0,2026-08-03 09:47:42,sales_2026_08_03.csv,2026-08-03 09:47:42,2,7000.0
T002522,S001,UNKNOWN,P012,2,12000.0,2026-08-03 14:11:47,sales_2026_08_03.csv,2026-08-03 14:11:47,2,12000.0
T002523,S004,C091,P019,4,55000.0,2026-08-03 12:02:56,sales_2026_08_03.csv,2026-08-03 12:02:56,4,55000.0
T002524,S001,C075,P012,4,12000.0,2026-08-03 14:53:15,sales_2026_08_03.csv,2026-08-03 14:53:15,4,12000.0
T002525,S001,C019,P016,2,95000.0,2026-08-03 18:02:03,sales_2026_08_03.csv,2026-08-03 18:02:03,2,95000.0
T002526,S005,C097,P024,2,40000.0,2026-08-03 09:39:39,sales_2026_08_03.csv,2026-08-03 09:39:39,2,40000.0
T002527,S003,C060,P025,4,210000.0,2026-08-03 18:02:51,sales_2026_08_03.csv,2026-08-03 18:02:51,4,210000.0
T002528,S001,C067,P017,1,85000.0,2026-08-03 17:55:38,sales_2026_08_03.csv,2026-08-03 17:55:38,1,85000.0
T002529,S005,C012,P029,4,32000.0,2026-08-03 17:07:11,sales_2026_08_03.csv,2026-08-03 17:07:11,4,32000.0
T002530,S004,C081,P008,2,390000.0,2026-08-03 14:56:38,sales_2026_08_03.csv,2026-08-03 14:56:38,2,390000.0
T002531,S001,C088,P024,3,40000.0,2026-08-03 14:49:17,sales_2026_08_03.csv,2026-08-03 14:49:17,3,40000.0
T002532,S005,C075,P021,3,10000.0,2026-08-03 15:01:52,sales_2026_08_03.csv,2026-08-03 15:01:52,3,10000.0
T002533,S005,C007,P010,3,8000.0,2026-08-03 15:35:43,sales_2026_08_03.csv,2026-08-03 15:35:43,3,8000.0
T002534,S003,C069,P029,3,32000.0,2026-08-03 08:10:52,sales_2026_08_03.csv,2026-08-03 08:10:52,3,32000.0
T002535,S001,C061,P025,1,210000.0,2026-08-03 18:32:20,sales_2026_08_03.csv,2026-08-03 18:32:20,1,210000.0
T002536,S005,C061,P015,4,30000.0,2026-08-03 14:26:29,sales_2026_08_03.csv,2026-08-03 14:26:29,4,30000.0
T002537,S003,C054,P019,1,55000.0,2026-08-03 16:35:46,sales_2026_08_03.csv,2026-08-03 16:35:46,1,55000.0
T002538,S003,C038,P012,1,12000.0,2026-08-03 12:09:00,sales_2026_08_03.csv,2026-08-03 12:09:00,1,12000.0
T002539,S001,C089,P006,2,280000.0,2026-08-03 08:08:10,sales_2026_08_03.csv,2026-08-03 08:08:10,2,280000.0
T002540,S005,C096,P030,4,50000.0,2026-08-03 13:36:25,sales_2026_08_03.csv,2026-08-03 13:36:25,4,50000.0
T002541,S005,C034,P010,2,8000.0,2026-08-03 13:34:44,sales_2026_08_03.csv,2026-08-03 13:34:44,2,8000.0
T002542,S004,C075,P002,1,520000.0,2026-08-03 12:48:24,sales_2026_08_03.csv,2026-08-03 12:48:24,1,520000.0
T002543,S005,C007,P006,3,280000.0,2026-08-03 11:44:12,sales_2026_08_03.csv,2026-08-03 11:44:12,3,280000.0
T002544,S003,C095,P022,4,18000.0,2026-08-03 10:44:53,sales_2026_08_03.csv,2026-08-03 10:44:53,4,18000.0
T002545,S001,C037,P020,1,180000.0,2026-08-03 13:48:10,sales_2026_08_03.csv,2026-08-03 13:48:10,1,180000.0
T002546,S001,C017,P016,4,95000.0,2026-08-03 12:07:41,sales_2026_08_03.csv,2026-08-03 12:07:41,4,95000.0
T002547,S001,C036,P017,1,85000.0,2026-08-03 18:40:09,sales_2026_08_03.csv,2026-08-03 18:40:09,1,85000.0
T002548,S002,C079,P009,2,45000.0,2026-08-03 09:54:07,sales_2026_08_03.csv,2026-08-03 09:54:07,2,45000.0
T002549,S003,C033,P009,3,45000.0,2026-08-03 11:30:58,sales_2026_08_03.csv,2026-08-03 11:30:58,3,45000.0
T002550,S001,C078,P001,4,450000.0,2026-08-03 11:14:00,sales_2026_08_03.csv,2026-08-03 11:14:00,4,450000.0
T002551,S005,UNKNOWN,P006,3,280000.0,2026-08-03 13:58:35,sales_2026_08_03.csv,2026-08-03 13:58:35,3,280000.0
T002552,S004,C048,P005,1,120000.0,2026-08-03 13:29:31,sales_2026_08_03.csv,2026-08-03 13:29:31,1,120000.0
T002553,S002,C034,P026,1,30000.0,2026-08-03 15:04:52,sales_2026_08_03.csv,2026-08-03 15:04:52,1,30000.0
T002554,S002,C063,P026,4,30000.0,2026-08-03 18:27:00,sales_2026_08_03.csv,2026-08-03 18:27:00,4,30000.0
T002555,S005,C005,P006,2,280000.0,2026-08-03 11:08:14,sales_2026_08_03.csv,2026-08-03 11:08:14,2,280000.0
T002556,S001,C019,P011,3,75000.0,2026-08-03 15:37:13,sales_2026_08_03.csv,2026-08-03 15:37:13,3,75000.0
T002557,S002,C064,P020,4,180000.0,2026-08-03 08:16:31,sales_2026_08_03.csv,2026-08-03 08:16:31,4,180000.0
T002558,S004,C099,P025,1,210000.0,2026-08-03 10:53:10,sales_2026_08_03.csv,2026-08-03 10:53:10,1,210000.0
T002559,S002,C085,P013,2,35000.0,2026-08-03 13:06:03,sales_2026_08_03.csv,2026-08-03 13:06:03,2,35000.0
T002560,S002,C027,P015,4,30000.0,2026-08-03 08:20:27,sales_2026_08_03.csv,2026-08-03 08:20:27,4,30000.0
T002561,S003,C007,P019,4,55000.0,2026-08-03 14:47:39,sales_2026_08_03.csv,2026-08-03 14:47:39,4,55000.0
T002562,S003,C097,P021,3,10000.0,2026-08-03 15:27:41,sales_2026_08_03.csv,2026-08-03 15:27:41,3,10000.0
T002563,S001,C007,P027,1,18000.0,2026-08-03 16:12:50,sales_2026_08_03.csv,2026-08-03 16:12:50,1,18000.0
T002564,S004,C052,P006,1,280000.0,2026-08-03 13:40:56,sales_2026_08_03.csv,2026-08-03 13:40:56,1,280000.0
T002565,S003,C061,P016,3,95000.0,2026-08-03 14:38:36,sales_2026_08_03.csv,2026-08-03 14:38:36,3,95000.0
T002566,S005,C030,P024,2,40000.0,2026-08-03 12:21:24,sales_2026_08_03.csv,2026-08-03 12:21:24,2,40000.0
T002567,S004,C061,P013,2,35000.0,2026-08-03 08:27:13,sales_2026_08_03.csv,2026-08-03 08:27:13,2,35000.0
T002568,S002,C068,P009,3,45000.0,2026-08-03 09:05:58,sales_2026_08_03.csv,2026-08-03 09:05:58,3,45000.0
T002569,S004,C002,P028,2,28000.0,2026-08-03 15:12:17,sales_2026_08_03.csv,2026-08-03 15:12:17,2,28000.0
T002570,S004,C049,P010,1,8000.0,2026-08-03 18:57:03,sales_2026_08_03.csv,2026-08-03 18:57:03,1,8000.0
T002571,S003,C068,P022,2,18000.0,2026-08-03 08:10:25,sales_2026_08_03.csv,2026-08-03 08:10:25,2,18000.0
T002572,S001,C013,P022,3,18000.0,2026-08-03 14:08:00,sales_2026_08_03.csv,2026-08-03 14:08:00,3,18000.0
T002573,S005,C082,P030,3,50000.0,2026-08-03 16:15:39,sales_2026_08_03.csv,2026-08-03 16:15:39,3,50000.0
T002574,S004,C079,P012,2,12000.0,2026-08-03 17:05:40,sales_2026_08_03.csv,2026-08-03 17:05:40,2,12000.0
T002575,S003,C043,P030,2,50000.0,2026-08-03 13:59:50,sales_2026_08_03.csv,2026-08-03 13:59:50,2,50000.0
T002576,S003,C013,P009,1,45000.0,2026-08-03 14:49:08,sales_2026_08_03.csv,2026-08-03 14:49:08,1,45000.0
T002577,S005,C051,P009,2,45000.0,2026-08-03 15:39:50,sales_2026_08_03.csv,2026-08-03 15:39:50,2,45000.0
T002578,S002,C094,P015,4,30000.0,2026-08-03 17:26:55,sales_2026_08_03.csv,2026-08-03 17:26:55,4,30000.0
T002579,S005,C099,P022,4,18000.0,2026-08-03 09:20:42,sales_2026_08_03.csv,2026-08-03 09:20:42,4,18000.0
T002580,S005,C044,P007,1,165000.0,2026-08-03 18:11:16,sales_2026_08_03.csv,2026-08-03 18:11:16,1,165000.0
T002581,S002,C041,P022,2,18000.0,2026-08-03 08:17:10,sales_2026_08_03.csv,2026-08-03 08:17:10,2,18000.0
T002582,S001,C087,P018,2,25000.0,2026-08-03 17:11:53,sales_2026_08_03.csv,2026-08-03 17:11:53,2,25000.0
T002583,S001,C002,P001,2,450000.0,2026-08-03 08:50:38,sales_2026_08_03.csv,2026-08-03 08:50:38,2,450000.0
T002584,S001,C068,P014,3,7000.0,2026-08-03 10:08:27,sales_2026_08_03.csv,2026-08-03 10:08:27,3,7000.0
T002585,S004,C045,P004,2,25000.0,2026-08-03 08:02:34,sales_2026_08_03.csv,2026-08-03 08:02:34,2,25000.0
T002586,S003,C033,P008,3,390000.0,2026-08-03 12:53:52,sales_2026_08_03.csv,2026-08-03 12:53:52,3,390000.0
T002587,S001,C004,P007,4,165000.0,2026-08-03 11:40:40,sales_2026_08_03.csv,2026-08-03 11:40:40,4,165000.0
T002588,S001,C008,P020,1,180000.0,2026-08-03 09:49:33,sales_2026_08_03.csv,2026-08-03 09:49:33,1,180000.0
T002589,S002,C077,P020,1,180000.0,2026-08-03 12:57:43,sales_2026_08_03.csv,2026-08-03 12:57:43,1,180000.0
T002590,S001,C091,P021,1,10000.0,2026-08-03 12:25:33,sales_2026_08_03.csv,2026-08-03 12:25:33,1,10000.0
T002591,S001,C078,P004,4,25000.0,2026-08-03 16:26:39,sales_2026_08_03.csv,2026-08-03 16:26:39,4,25000.0
T002592,S004,C085,P005,3,120000.0,2026-08-03 17:49:27,sales_2026_08_03.csv,2026-08-03 17:49:27,3,120000.0
T002593,S005,C024,P025,4,210000.0,2026-08-03 15:10:41,sales_2026_08_03.csv,2026-08-03 15:10:41,4,210000.0
T002594,S001,C090,P029,4,32000.0,2026-08-03 09:22:06,sales_2026_08_03.csv,2026-08-03 09:22:06,4,32000.0
T002595,S003,C038,P006,4,280000.0,2026-08-03 11:14:57,sales_2026_08_03.csv,2026-08-03 11:14:57,4,280000.0
T002596,S001,C082,P015,3,30000.0,2026-08-03 18:02:47,sales_2026_08_03.csv,2026-08-03 18:02:47,3,30000.0
T002597,S003,C099,P015,2,30000.0,2026-08-03 08:58:33,sales_2026_08_03.csv,2026-08-03 08:58:33,2,30000.0
T002598,S003,UNKNOWN,P014,2,7000.0,2026-08-03 12:28:31,sales_2026_08_03.csv,2026-08-03 12:28:31,2,7000.0
T002599,S001,C036,P006,4,280000.0,2026-08-03 18:22:03,sales_2026_08_03.csv,2026-08-03 18:22:03,4,280000.0
T002600,S001,C049,P025,3,210000.0,2026-08-03 18:27:26,sales_2026_08_03.csv,2026-08-03 18:27:26,3,210000.0
T002601,S003,C008,P013,2,35000.0,2026-08-03 12:31:23,sales_2026_08_03.csv,2026-08-03 12:31:23,2,35000.0
T002602,S003,C023,P009,4,45000.0,2026-08-03 15:20:28,sales_2026_08_03.csv,2026-08-03 15:20:28,4,45000.0
T002603,S001,C063,P015,3,30000.0,2026-08-03 13:01:27,sales_2026_08_03.csv,2026-08-03 13:01:27,3,30000.0
T002604,S002,C079,P030,3,50000.0,2026-08-03 16:17:17,sales_2026_08_03.csv,2026-08-03 16:17:17,3,50000.0
T002605,S002,C083,P013,2,35000.0,2026-08-03 08:20:50,sales_2026_08_03.csv,2026-08-03 08:20:50,2,35000.0
T002606,S001,C019,P016,1,95000.0,2026-08-03 09:35:08,sales_2026_08_03.csv,2026-08-03 09:35:08,1,95000.0
T002607,S004,C028,P018,2,25000.0,2026-08-03 14:45:22,sales_2026_08_03.csv,2026-08-03 14:45:22,2,25000.0
T002608,S001,C057,P020,4,180000.0,2026-08-03 10:33:29,sales_2026_08_03.csv,2026-08-03 10:33:29,4,180000.0
T002609,S003,C014,P023,4,22000.0,2026-08-03 15:19:35,sales_2026_08_03.csv,2026-08-03 15:19:35,4,22000.0
T002610,S001,C010,P002,1,520000.0,2026-08-03 11:51:48,sales_2026_08_03.csv,2026-08-03 11:51:48,1,520000.0
T002611,S003,C100,P019,2,55000.0,2026-08-03 17:45:11,sales_2026_08_03.csv,2026-08-03 17:45:11,2,55000.0
T002612,S001,C064,P015,4,30000.0,2026-08-03 17:00:42,sales_2026_08_03.csv,2026-08-03 17:00:42,4,30000.0
T002613,S001,C005,P005,3,120000.0,2026-08-03 13:25:16,sales_2026_08_03.csv,2026-08-03 13:25:16,3,120000.0
T002614,S004,C035,P022,2,18000.0,2026-08-03 16:30:06,sales_2026_08_03.csv,2026-08-03 16:30:06,2,18000.0
T002615,S003,C051,P005,1,120000.0,2026-08-03 10:58:57,sales_2026_08_03.csv,2026-08-03 10:58:57,1,120000.0
T002616,S001,C066,P019,1,55000.0,2026-08-03 13:26:12,sales_2026_08_03.csv,2026-08-03 13:26:12,1,55000.0
T002617,S004,C062,P023,2,22000.0,2026-08-03 10:10:20,sales_2026_08_03.csv,2026-08-03 10:10:20,2,22000.0
T002618,S004,C094,P014,2,7000.0,2026-08-03 17:28:11,sales_2026_08_03.csv,2026-08-03 17:28:11,2,7000.0
T002619,S001,C070,P025,3,210000.0,2026-08-03 17:03:13,sales_2026_08_03.csv,2026-08-03 17:03:13,3,210000.0
T002620,S001,C050,P008,4,390000.0,2026-08-03 17:55:25,sales_2026_08_03.csv,2026-08-03 17:55:25,4,390000.0
T002621,S004,C016,P023,2,22000.0,2026-08-03 17:39:08,sales_2026_08_03.csv,2026-08-03 17:39:08,2,22000.0
T002622,S005,C046,P019,4,55000.0,2026-08-03 18:33:20,sales_2026_08_03.csv,2026-08-03 18:33:20,4,55000.0
T002623,S003,C052,P011,2,75000.0,2026-08-03 10:30:42,sales_2026_08_03.csv,2026-08-03 10:30:42,2,75000.0
T002624,S001,C047,P002,3,520000.0,2026-08-03 18:15:00,sales_2026_08_03.csv,2026-08-03 18:15:00,3,520000.0
T002625,S003,C011,P018,4,25000.0,2026-08-03 14:17:00,sales_2026_08_03.csv,2026-08-03 14:17:00,4,25000.0
T002626,S004,C098,P027,1,18000.0,2026-08-03 12:38:50,sales_2026_08_03.csv,2026-08-03 12:38:50,1,18000.0
T002627,S003,C083,P025,3,210000.0,2026-08-03 14:09:50,sales_2026_08_03.csv,2026-08-03 14:09:50,3,210000.0
T002628,S002,C071,P007,2,165000.0,2026-08-03 11:46:07,sales_2026_08_03.csv,2026-08-03 11:46:07,2,165000.0
T002629,S004,C085,P002,1,520000.0,2026-08-03 11:10:26,sales_2026_08_03.csv,2026-08-03 11:10:26,1,520000.0
T002630,S003,C090,P007,3,165000.0,2026-08-03 10:39:16,sales_2026_08_03.csv,2026-08-03 10:39:16,3,165000.0
T002631,S001,C081,P013,4,35000.0,2026-08-03 08:54:24,sales_2026_08_03.csv,2026-08-03 08:54:24,4,35000.0
T002632,S003,C063,P023,3,22000.0,2026-08-03 13:27:43,sales_2026_08_03.csv,2026-08-03 13:27:43,3,22000.0
T002633,S004,C095,P003,4,15000.0,2026-08-03 17:45:55,sales_2026_08_03.csv,2026-08-03 17:45:55,4,15000.0
T002634,S002,C005,P007,3,165000.0,2026-08-03 14:55:54,sales_2026_08_03.csv,2026-08-03 14:55:54,3,165000.0
T002635,S001,C093,P007,3,165000.0,2026-08-03 13:43:50,sales_2026_08_03.csv,2026-08-03 13:43:50,3,165000.0
T002636,S002,C063,P019,1,55000.0,2026-08-03 12:42:52,sales_2026_08_03.csv,2026-08-03 12:42:52,1,55000.0
T002637,S001,C070,P013,1,35000.0,2026-08-03 13:06:30,sales_2026_08_03.csv,2026-08-03 13:06:30,1,35000.0
T002638,S003,C064,P021,3,10000.0,2026-08-03 10:18:07,sales_2026_08_03.csv,2026-08-03 10:18:07,3,10000.0
T002639,S004,C003,P018,1,25000.0,2026-08-03 17:03:08,sales_2026_08_03.csv,2026-08-03 17:03:08,1,25000.0
T002640,S003,C008,P002,2,520000.0,2026-08-03 10:10:55,sales_2026_08_03.csv,2026-08-03 10:10:55,2,520000.0
T002641,S001,C052,P011,3,75000.0,2026-08-03 15:52:58,sales_2026_08_03.csv,2026-08-03 15:52:58,3,75000.0
T002642,S002,C084,P004,4,25000.0,2026-08-03 16:21:35,sales_2026_08_03.csv,2026-08-03 16:21:35,4,25000.0
T002643,S005,C059,P022,4,18000.0,2026-08-03 14:19:24,sales_2026_08_03.csv,2026-08-03 14:19:24,4,18000.0
T002644,S005,C020,P022,2,18000.0,2026-08-03 17:29:31,sales_2026_08_03.csv,2026-08-03 17:29:31,2,18000.0
T002645,S005,C030,P024,2,40000.0,2026-08-03 11:12:05,sales_2026_08_03.csv,2026-08-03 11:12:05,2,40000.0
T002646,S001,C005,P030,4,50000.0,2026-08-03 17:41:52,sales_2026_08_03.csv,2026-08-03 17:41:52,4,50000.0
T002647,S002,C063,P024,2,40000.0,2026-08-03 16:01:24,sales_2026_08_03.csv,2026-08-03 16:01:24,2,40000.0
T002648,S001,C061,P021,4,10000.0,2026-08-03 16:47:10,sales_2026_08_03.csv,2026-08-03 16:47:10,4,10000.0
T002649,S005,C006,P030,1,50000.0,2026-08-03 15:18:37,sales_2026_08_03.csv,2026-08-03 15:18:37,1,50000.0
T002650,S002,C002,P008,1,390000.0,2026-08-03 17:18:35,sales_2026_08_03.csv,2026-08-03 17:18:35,1,390000.0
T002651,S001,C040,P006,1,280000.0,2026-08-03 18:55:26,sales_2026_08_03.csv,2026-08-03 18:55:26,1,280000.0
T002652,S001,C059,P027,1,18000.0,2026-08-03 12:37:18,sales_2026_08_03.csv,2026-08-03 12:37:18,1,18000.0
T002653,S002,C076,P020,1,180000.0,2026-08-03 16:57:11,sales_2026_08_03.csv,2026-08-03 16:57:11,1,180000.0
T002654,S001,C015,P003,2,15000.0,2026-08-03 16:11:25,sales_2026_08_03.csv,2026-08-03 16:11:25,2,15000.0
T002655,S005,C079,P016,1,95000.0,2026-08-03 12:58:53,sales_2026_08_03.csv,2026-08-03 12:58:53,1,95000.0
T002656,S001,C026,P008,4,390000.0,2026-08-03 18:11:47,sales_2026_08_03.csv,2026-08-03 18:11:47,4,390000.0
T002657,S003,C095,P014,1,7000.0,2026-08-03 12:20:19,sales_2026_08_03.csv,2026-08-03 12:20:19,1,7000.0
T002658,S004,C042,P022,2,18000.0,2026-08-03 14:13:12,sales_2026_08_03.csv,2026-08-03 14:13:12,2,18000.0
T002659,S005,C070,P004,3,25000.0,2026-08-03 09:09:55,sales_2026_08_03.csv,2026-08-03 09:09:55,3,25000.0
T002660,S003,C028,P005,4,120000.0,2026-08-03 10:29:00,sales_2026_08_03.csv,2026-08-03 10:29:00,4,120000.0
T002661,S001,C076,P025,2,210000.0,2026-08-03 17:14:51,sales_2026_08_03.csv,2026-08-03 17:14:51,2,210000.0
T002662,S003,C009,P006,3,280000.0,2026-08-03 12:21:43,sales_2026_08_03.csv,2026-08-03 12:21:43,3,280000.0
T002663,S003,C019,P004,4,25000.0,2026-08-03 12:20:05,sales_2026_08_03.csv,2026-08-03 12:20:05,4,25000.0
T002664,S004,C022,P025,3,210000.0,2026-08-03 10:42:20,sales_2026_08_03.csv,2026-08-03 10:42:20,3,210000.0
T002665,S003,C071,P023,1,22000.0,2026-08-03 13:24:27,sales_2026_08_03.csv,2026-08-03 13:24:27,1,22000.0
T002666,S004,C032,P006,3,280000.0,2026-08-03 16:51:50,sales_2026_08_03.csv,2026-08-03 16:51:50,3,280000.0
T002667,S005,C006,P030,2,50000.0,2026-08-03 17:50:48,sales_2026_08_03.csv,2026-08-03 17:50:48,2,50000.0
T002668,S001,C081,P005,3,120000.0,2026-08-03 08:46:16,sales_2026_08_03.csv,2026-08-03 08:46:16,3,120000.0
T002669,S004,C100,P020,3,180000.0,2026-08-03 14:19:22,sales_2026_08_03.csv,2026-08-03 14:19:22,3,180000.0
T002670,S001,C063,P006,2,280000.0,2026-08-03 13:08:24,sales_2026_08_03.csv,2026-08-03 13:08:24,2,280000.0
T002671,S001,C001,P003,2,15000.0,2026-08-03 14:45:25,sales_2026_08_03.csv,2026-08-03 14:45:25,2,15000.0
T002672,S001,C091,P006,3,280000.0,2026-08-03 12:55:12,sales_2026_08_03.csv,2026-08-03 12:55:12,3,280000.0
T002673,S005,C037,P021,2,10000.0,2026-08-03 12:23:06,sales_2026_08_03.csv,2026-08-03 12:23:06,2,10000.0
T002674,S004,C089,P014,2,7000.0,2026-08-03 13:11:26,sales_2026_08_03.csv,2026-08-03 13:11:26,2,7000.0
T002675,S002,C019,P005,2,120000.0,2026-08-03 14:24:07,sales_2026_08_03.csv,2026-08-03 14:24:07,2,120000.0
T002676,S003,C067,P021,1,10000.0,2026-08-03 13:30:38,sales_2026_08_03.csv,2026-08-03 13:30:38,1,10000.0
T002677,S004,C031,P015,1,30000.0,2026-08-03 13:11:36,sales_2026_08_03.csv,2026-08-03 13:11:36,1,30000.0
T002678,S005,C089,P006,4,280000.0,2026-08-03 16:59:46,sales_2026_08_03.csv,2026-08-03 16:59:46,4,280000.0
T002679,S005,C024,P002,3,520000.0,2026-08-03 16:12:07,sales_2026_08_03.csv,2026-08-03 16:12:07,3,520000.0
T002680,S004,C079,P023,1,22000.0,2026-08-03 11:45:18,sales_2026_08_03.csv,2026-08-03 11:45:18,1,22000.0
T002681,S003,C045,P003,3,15000.0,2026-08-03 16:48:22,sales_2026_08_03.csv,2026-08-03 16:48:22,3,15000.0
T002682,S001,C072,P014,3,7000.0,2026-08-03 17:23:24,sales_2026_08_03.csv,2026-08-03 17:23:24,3,7000.0
T002683,S002,C016,P008,2,390000.0,2026-08-03 09:41:18,sales_2026_08_03.csv,2026-08-03 09:41:18,2,390000.0
T002684,S001,C080,P017,1,85000.0,2026-08-03 14:24:34,sales_2026_08_03.csv,2026-08-03 14:24:34,1,85000.0
T002685,S005,C065,P012,3,12000.0,2026-08-03 11:08:18,sales_2026_08_03.csv,2026-08-03 11:08:18,3,12000.0
T002686,S004,C099,P008,4,390000.0,2026-08-03 16:07:51,sales_2026_08_03.csv,2026-08-03 16:07:51,4,390000.0
T002687,S002,C036,P021,2,10000.0,2026-08-03 10:37:35,sales_2026_08_03.csv,2026-08-03 10:37:35,2,10000.0
T002688,S002,C015,P002,3,520000.0,2026-08-03 15:23:07,sales_2026_08_03.csv,2026-08-03 15:23:07,3,520000.0
T002689,S002,C088,P026,1,30000.0,2026-08-03 10:48:22,sales_2026_08_03.csv,2026-08-03 10:48:22,1,30000.0
T002690,S004,C064,P028,2,28000.0,2026-08-03 13:37:21,sales_2026_08_03.csv,2026-08-03 13:37:21,2,28000.0
T002691,S002,C086,P006,1,280000.0,2026-08-03 18:26:06,sales_2026_08_03.csv,2026-08-03 18:26:06,1,280000.0
T002692,S001,C007,P030,2,50000.0,2026-08-03 12:11:39,sales_2026_08_03.csv,2026-08-03 12:11:39,2,50000.0
T002693,S003,C037,P021,1,10000.0,2026-08-03 17:37:59,sales_2026_08_03.csv,2026-08-03 17:37:59,1,10000.0
T002694,S004,C033,P007,1,165000.0,2026-08-03 18:51:23,sales_2026_08_03.csv,2026-08-03 18:51:23,1,165000.0
T002695,S005,C098,P011,2,75000.0,2026-08-03 17:37:24,sales_2026_08_03.csv,2026-08-03 17:37:24,2,75000.0
T002696,S001,C014,P015,1,30000.0,2026-08-03 09:49:28,sales_2026_08_03.csv,2026-08-03 09:49:28,1,30000.0
T002697,S001,C069,P024,4,40000.0,2026-08-03 17:00:58,sales_2026_08_03.csv,2026-08-03 17:00:58,4,40000.0
T002698,S002,C004,P006,3,280000.0,2026-08-03 08:21:13,sales_2026_08_03.csv,2026-08-03 08:21:13,3,280000.0
T002699,S005,C015,P016,4,95000.0,2026-08-03 12:19:34,sales_2026_08_03.csv,2026-08-03 12:19:34,4,95000.0
T002700,S002,C093,P003,4,15000.0,2026-08-03 17:34:41,sales_2026_08_03.csv,2026-08-03 17:34:41,4,15000.0
T002701,S005,C075,P015,3,30000,2026-08-04 13:41:08,sales_2026_08_04.csv,2026-08-04 13:41:08,3,30000.0
T002702,S004,C026,P011,3,75000,2026-08-04 18:08:55,sales_2026_08_04.csv,2026-08-04 18:08:55,3,75000.0
T002703,S003,C030,P024,4,40000,2026-08-04 10:46:07,sales_2026_08_04.csv,2026-08-04 10:46:07,4,40000.0
T002704,S001,C042,P025,2,210000,2026-08-04 15:20:36,sales_2026_08_04.csv,2026-08-04 15:20:36,2,210000.0
T002705,S001,C031,P008,2,390000,2026-08-04 12:42:44,sales_2026_08_04.csv,2026-08-04 12:42:44,2,390000.0
T002706,S004,C026,P024,1,40000,2026-08-04 10:47:52,sales_2026_08_04.csv,2026-08-04 10:47:52,1,40000.0
T002707,S002,C010,P013,3,35000,2026-08-04 17:16:20,sales_2026_08_04.csv,2026-08-04 17:16:20,3,35000.0
T002708,S005,C063,P016,4,95000,2026-08-04 11:23:10,sales_2026_08_04.csv,2026-08-04 11:23:10,4,95000.0
T002709,S004,C019,P002,1,520000,2026-08-04 09:45:23,sales_2026_08_04.csv,2026-08-04 09:45:23,1,520000.0
T002710,S005,C059,P007,2,165000,2026-08-04 13:41:43,sales_2026_08_04.csv,2026-08-04 13:41:43,2,165000.0
T002711,S004,C048,P006,4,280000,2026-08-04 17:53:13,sales_2026_08_04.csv,2026-08-04 17:53:13,4,280000.0
T002712,S004,C093,P005,1,120000,2026-08-04 15:46:59,sales_2026_08_04.csv,2026-08-04 15:46:59,1,120000.0
T002713,S003,C035,P007,2,165000,2026-08-04 10:10:32,sales_2026_08_04.csv,2026-08-04 10:10:32,2,165000.0
T002714,S003,C017,P007,3,165000,2026-08-04 08:22:22,sales_2026_08_04.csv,2026-08-04 08:22:22,3,165000.0
T002715,S005,C008,P002,2,520000,2026-08-04 14:04:28,sales_2026_08_04.csv,2026-08-04 14:04:28,2,520000.0
T002716,S002,C015,P009,2,45000,2026-08-04 14:31:38,sales_2026_08_04.csv,2026-08-04 14:31:38,2,45000.0
T002717,S004,C059,P028,2,28000,2026-08-04 16:47:36,sales_2026_08_04.csv,2026-08-04 16:47:36,2,28000.0
T002718,S002,C098,P014,1,7000,2026-08-04 08:37:41,sales_2026_08_04.csv,2026-08-04 08:37:41,1,7000.0
T002719,S002,C038,P011,3,75000,2026-08-04 10:49:33,sales_2026_08_04.csv,2026-08-04 10:49:33,3,75000.0
T002720,S002,C082,P020,3,180000,2026-08-04 09:01:34,sales_2026_08_04.csv,2026-08-04 09:01:34,3,180000.0
T002721,S002,C074,P020,3,180000,2026-08-04 18:53:17,sales_2026_08_04.csv,2026-08-04 18:53:17,3,180000.0
T002722,S002,C012,P018,1,25000,2026-08-04 11:19:12,sales_2026_08_04.csv,2026-08-04 11:19:12,1,25000.0
T002723,S005,C063,P014,4,7000,2026-08-04 13:52:09,sales_2026_08_04.csv,2026-08-04 13:52:09,4,7000.0
T002724,S002,C076,P028,1,28000,2026-08-04 10:20:39,sales_2026_08_04.csv,2026-08-04 10:20:39,1,28000.0
T002725,S004,C036,P016,4,95000,2026-08-04 17:28:11,sales_2026_08_04.csv,2026-08-04 17:28:11,4,95000.0
T002726,S004,C095,P001,2,450000,2026-08-04 13:12:43,sales_2026_08_04.csv,2026-08-04 13:12:43,2,450000.0
T002727,S002,C032,P028,4,28000,2026-08-04 09:56:46,sales_2026_08_04.csv,2026-08-04 09:56:46,4,28000.0
T002728,S004,C075,P011,1,75000,2026-08-04 16:31:07,sales_2026_08_04.csv,2026-08-04 16:31:07,1,75000.0
T002729,S005,C020,P008,1,390000,2026-08-04 16:28:44,sales_2026_08_04.csv,2026-08-04 16:28:44,1,390000.0
T002730,S005,C001,P030,2,50000,2026-08-04 18:53:25,sales_2026_08_04.csv,2026-08-04 18:53:25,2,50000.0
T002731,S001,C006,P014,1,7000,2026-08-04 18:24:19,sales_2026_08_04.csv,2026-08-04 18:24:19,1,7000.0
T002732,S005,C005,P016,1,95000,2026-08-04 08:23:09,sales_2026_08_04.csv,2026-08-04 08:23:09,1,95000.0
T002733,S005,C051,P014,3,7000,2026-08-04 13:51:28,sales_2026_08_04.csv,2026-08-04 13:51:28,3,7000.0
T002734,S001,C058,P016,4,95000,2026-08-04 09:11:30,sales_2026_08_04.csv,2026-08-04 09:11:30,4,95000.0
T002735,S002,C011,P016,1,95000,2026-08-04 14:14:23,sales_2026_08_04.csv,2026-08-04 14:14:23,1,95000.0
T002736,S001,C089,P018,4,25000,2026-08-04 12:27:48,sales_2026_08_04.csv,2026-08-04 12:27:48,4,25000.0
T002737,S004,C028,P024,4,40000,2026-08-04 17:58:05,sales_2026_08_04.csv,2026-08-04 17:58:05,4,40000.0
T002738,S003,C038,P005,4,120000,2026-08-04 13:35:43,sales_2026_08_04.csv,2026-08-04 13:35:43,4,120000.0
T002739,S001,C003,P008,3,390000,2026-08-04 13:46:56,sales_2026_08_04.csv,2026-08-04 13:46:56,3,390000.0
T002740,S003,C021,P016,3,95000,2026-08-04 14:14:16,sales_2026_08_04.csv,2026-08-04 14:14:16,3,95000.0
T002741,S004,C074,P023,3,22000,2026-08-04 12:48:17,sales_2026_08_04.csv,2026-08-04 12:48:17,3,22000.0
T002742,S005,C004,P024,3,40000,2026-08-04 16:15:43,sales_2026_08_04.csv,2026-08-04 16:15:43,3,40000.0
T002743,S004,C099,P015,4,30000,2026-08-04 14:44:43,sales_2026_08_04.csv,2026-08-04 14:44:43,4,30000.0
T002744,S004,C024,P005,1,120000,2026-08-04 14:27:44,sales_2026_08_04.csv,2026-08-04 14:27:44,1,120000.0
T002745,S003,C081,P026,2,30000,2026-08-04 08:17:41,sales_2026_08_04.csv,2026-08-04 08:17:41,2,30000.0
T002746,S001,C081,P015,1,30000,2026-08-04 14:30:15,sales_2026_08_04.csv,2026-08-04 14:30:15,1,30000.0
T002747,S004,C089,P003,4,15000,2026-08-04 13:33:40,sales_2026_08_04.csv,2026-08-04 13:33:40,4,15000.0
T002748,S005,C005,P011,2,75000,2026-08-04 08:58:30,sales_2026_08_04.csv,2026-08-04 08:58:30,2,75000.0
T002749,S004,C097,P010,3,8000,2026-08-04 08:36:36,sales_2026_08_04.csv,2026-08-04 08:36:36,3,8000.0
T002750,S005,C070,P009,4,45000,2026-08-04 16:58:49,sales_2026_08_04.csv,2026-08-04 16:58:49,4,45000.0
T002751,S002,C088,P019,4,55000,2026-08-04 11:07:37,sales_2026_08_04.csv,2026-08-04 11:07:37,4,55000.0
T002752,S005,C043,P003,1,15000,2026-08-04 11:17:41,sales_2026_08_04.csv,2026-08-04 11:17:41,1,15000.0
T002753,S001,C066,P024,4,40000,2026-08-04 10:24:25,sales_2026_08_04.csv,2026-08-04 10:24:25,4,40000.0
T002754,S003,C007,P030,4,50000,2026-08-04 09:41:45,sales_2026_08_04.csv,2026-08-04 09:41:45,4,50000.0
T002755,S004,C047,P004,1,25000,2026-08-04 10:24:46,sales_2026_08_04.csv,2026-08-04 10:24:46,1,25000.0
T002756,S005,C006,P015,4,30000,2026-08-04 14:37:30,sales_2026_08_04.csv,2026-08-04 14:37:30,4,30000.0
T002757,S003,C023,P012,2,12000,2026-08-04 15:12:59,sales_2026_08_04.csv,2026-08-04 15:12:59,2,12000.0
T002758,S005,C091,P021,3,10000,2026-08-04 14:06:06,sales_2026_08_04.csv,2026-08-04 14:06:06,3,10000.0
T002759,S005,C091,P003,3,15000,2026-08-04 09:06:59,sales_2026_08_04.csv,2026-08-04 09:06:59,3,15000.0
T002760,S002,C018,P025,2,210000,2026-08-04 13:48:16,sales_2026_08_04.csv,2026-08-04 13:48:16,2,210000.0
T002761,S002,C070,P011,1,75000,2026-08-04 13:14:03,sales_2026_08_04.csv,2026-08-04 13:14:03,1,75000.0
T002762,S004,C095,P004,1,25000,2026-08-04 16:39:34,sales_2026_08_04.csv,2026-08-04 16:39:34,1,25000.0
T002763,S005,C090,P025,1,210000,2026-08-04 09:01:04,sales_2026_08_04.csv,2026-08-04 09:01:04,1,210000.0
T002764,S002,C042,P007,3,165000,2026-08-04 10:25:33,sales_2026_08_04.csv,2026-08-04 10:25:33,3,165000.0
T002765,S003,C065,P012,2,12000,2026-08-04 11:27:24,sales_2026_08_04.csv,2026-08-04 11:27:24,2,12000.0
T002766,S004,C036,P022,1,18000,2026-08-04 16:22:46,sales_2026_08_04.csv,2026-08-04 16:22:46,1,18000.0
T002767,S001,C048,P002,3,520000,2026-08-04 10:37:35,sales_2026_08_04.csv,2026-08-04 10:37:35,3,520000.0
T002768,S004,C063,P012,3,12000,2026-08-04 15:50:53,sales_2026_08_04.csv,2026-08-04 15:50:53,3,12000.0
T002769,S005,C016,P017,3,85000,2026-08-04 14:21:44,sales_2026_08_04.csv,2026-08-04 14:21:44,3,85000.0
T002770,S005,C087,P016,4,95000,2026-08-04 12:59:33,sales_2026_08_04.csv,2026-08-04 12:59:33,4,95000.0
T002771,S005,C038,P027,2,18000,2026-08-04 13:55:44,sales_2026_08_04.csv,2026-08-04 13:55:44,2,18000.0
T002772,S005,C048,P015,4,30000,2026-08-04 15:48:19,sales_2026_08_04.csv,2026-08-04 15:48:19,4,30000.0
T002773,S001,C025,P026,1,30000,2026-08-04 13:03:07,sales_2026_08_04.csv,2026-08-04 13:03:07,1,30000.0
T002774,S004,C012,P029,3,32000,2026-08-04 10:27:47,sales_2026_08_04.csv,2026-08-04 10:27:47,3,32000.0
T002775,S004,C023,P003,4,15000,2026-08-04 16:53:21,sales_2026_08_04.csv,2026-08-04 16:53:21,4,15000.0
T002776,S001,C014,P010,4,8000,2026-08-04 08:53:56,sales_2026_08_04.csv,2026-08-04 08:53:56,4,8000.0
T002777,S003,C015,P006,3,280000,2026-08-04 13:48:20,sales_2026_08_04.csv,2026-08-04 13:48:20,3,280000.0
T002778,S002,C064,P023,3,22000,2026-08-04 17:21:10,sales_2026_08_04.csv,2026-08-04 17:21:10,3,22000.0
T002779,S002,C067,P005,2,120000,2026-08-04 13:52:25,sales_2026_08_04.csv,2026-08-04 13:52:25,2,120000.0
T002780,S001,C038,P021,3,10000,2026-08-04 16:17:06,sales_2026_08_04.csv,2026-08-04 16:17:06,3,10000.0
T002781,S005,C017,P014,4,7000,2026-08-04 11:42:22,sales_2026_08_04.csv,2026-08-04 11:42:22,4,7000.0
T002782,S003,C054,P016,4,95000,2026-08-04 08:06:21,sales_2026_08_04.csv,2026-08-04 08:06:21,4,95000.0
T002783,S001,C038,P015,2,30000,2026-08-04 14:41:47,sales_2026_08_04.csv,2026-08-04 14:41:47,2,30000.0
T002784,S001,C003,P007,1,165000,2026-08-04 12:57:45,sales_2026_08_04.csv,2026-08-04 12:57:45,1,165000.0
T002785,S002,C067,P028,3,28000,2026-08-04 14:41:01,sales_2026_08_04.csv,2026-08-04 14:41:01,3,28000.0
T002786,S003,C053,P021,1,10000,2026-08-04 11:03:09,sales_2026_08_04.csv,2026-08-04 11:03:09,1,10000.0
T002787,S003,C084,P019,1,55000,2026-08-04 15:02:20,sales_2026_08_04.csv,2026-08-04 15:02:20,1,55000.0
T002788,S003,C063,P021,2,10000,2026-08-04 14:17:09,sales_2026_08_04.csv,2026-08-04 14:17:09,2,10000.0
T002789,S005,C071,P019,3,55000,2026-08-04 16:46:12,sales_2026_08_04.csv,2026-08-04 16:46:12,3,55000.0
T002790,S004,C039,P015,1,30000,2026-08-04 17:56:19,sales_2026_08_04.csv,2026-08-04 17:56:19,1,30000.0
T002791,S002,C040,P019,1,55000,2026-08-04 08:14:26,sales_2026_08_04.csv,2026-08-04 08:14:26,1,55000.0
T002792,S003,C030,P006,1,280000,2026-08-04 10:12:41,sales_2026_08_04.csv,2026-08-04 10:12:41,1,280000.0
T002793,S003,C037,P016,4,95000,2026-08-04 10:17:12,sales_2026_08_04.csv,2026-08-04 10:17:12,4,95000.0
T002794,S001,C019,P025,3,210000,2026-08-04 12:36:12,sales_2026_08_04.csv,2026-08-04 12:36:12,3,210000.0
T002795,S003,C059,P012,1,12000,2026-08-04 12:53:07,sales_2026_08_04.csv,2026-08-04 12:53:07,1,12000.0
T002796,S005,C021,P006,1,280000,2026-08-04 13:14:16,sales_2026_08_04.csv,2026-08-04 13:14:16,1,280000.0
T002797,S005,C037,P023,3,22000,2026-08-04 13:44:06,sales_2026_08_04.csv,2026-08-04 13:44:06,3,22000.0
T002798,S002,C091,P006,2,280000,2026-08-04 16:25:56,sales_2026_08_04.csv,2026-08-04 16:25:56,2,280000.0
T002799,S002,C021,P023,3,22000,2026-08-04 10:48:09,sales_2026_08_04.csv,2026-08-04 10:48:09,3,22000.0
T002800,S001,C006,P008,2,390000,2026-08-04 09:11:36,sales_2026_08_04.csv,2026-08-04 09:11:36,2,390000.0
T002801,S005,C017,P011,4,75000,2026-08-04 16:17:00,sales_2026_08_04.csv,2026-08-04 16:17:00,4,75000.0
T002802,S003,C048,P015,2,30000,2026-08-04 15:25:26,sales_2026_08_04.csv,2026-08-04 15:25:26,2,30000.0
T002803,S002,C072,P006,3,280000,2026-08-04 14:42:23,sales_2026_08_04.csv,2026-08-04 14:42:23,3,280000.0
T002804,S001,C086,P023,1,22000,2026-08-04 17:39:49,sales_2026_08_04.csv,2026-08-04 17:39:49,1,22000.0
T002805,S003,C019,P011,4,75000,2026-08-04 18:42:56,sales_2026_08_04.csv,2026-08-04 18:42:56,4,75000.0
T002806,S004,C070,P012,4,12000,2026-08-04 18:13:01,sales_2026_08_04.csv,2026-08-04 18:13:01,4,12000.0
T002807,S005,C039,P006,3,280000,2026-08-04 08:37:32,sales_2026_08_04.csv,2026-08-04 08:37:32,3,280000.0
T002808,S001,C052,P004,2,25000,2026-08-04 10:41:47,sales_2026_08_04.csv,2026-08-04 10:41:47,2,25000.0
T002809,S004,C099,P030,1,50000,2026-08-04 17:08:12,sales_2026_08_04.csv,2026-08-04 17:08:12,1,50000.0
T002810,S004,C041,P005,4,120000,2026-08-04 13:44:33,sales_2026_08_04.csv,2026-08-04 13:44:33,4,120000.0
T002811,S001,C095,P005,3,120000,2026-08-04 09:25:22,sales_2026_08_04.csv,2026-08-04 09:25:22,3,120000.0
T002812,S005,C043,P018,1,25000,2026-08-04 17:27:54,sales_2026_08_04.csv,2026-08-04 17:27:54,1,25000.0
T002813,S003,C061,P021,2,10000,2026-08-04 14:00:46,sales_2026_08_04.csv,2026-08-04 14:00:46,2,10000.0
T002814,S003,C097,P029,2,32000,2026-08-04 10:13:25,sales_2026_08_04.csv,2026-08-04 10:13:25,2,32000.0
T002815,S002,C073,P019,4,55000,2026-08-04 16:20:28,sales_2026_08_04.csv,2026-08-04 16:20:28,4,55000.0
T002816,S004,C044,P024,3,40000,2026-08-04 11:53:06,sales_2026_08_04.csv,2026-08-04 11:53:06,3,40000.0
T002817,S001,C094,P023,3,22000,2026-08-04 18:29:08,sales_2026_08_04.csv,2026-08-04 18:29:08,3,22000.0
T002818,S001,C018,P016,3,95000,2026-08-04 13:26:13,sales_2026_08_04.csv,2026-08-04 13:26:13,3,95000.0
T002819,S005,C015,P022,2,18000,2026-08-04 13:45:03,sales_2026_08_04.csv,2026-08-04 13:45:03,2,18000.0
T002820,S001,C052,P010,2,8000,2026-08-04 14:43:26,sales_2026_08_04.csv,2026-08-04 14:43:26,2,8000.0
T002821,S002,C058,P020,1,180000,2026-08-04 10:05:30,sales_2026_08_04.csv,2026-08-04 10:05:30,1,180000.0
T002822,S001,C042,P012,4,12000,2026-08-04 12:11:16,sales_2026_08_04.csv,2026-08-04 12:11:16,4,12000.0
T002823,S005,C083,P002,2,520000,2026-08-04 13:58:58,sales_2026_08_04.csv,2026-08-04 13:58:58,2,520000.0
T002824,S005,C068,P007,2,165000,2026-08-04 16:20:42,sales_2026_08_04.csv,2026-08-04 16:20:42,2,165000.0
T002825,S003,C026,P008,1,390000,2026-08-04 16:20:34,sales_2026_08_04.csv,2026-08-04 16:20:34,1,390000.0
T002826,S001,C069,P001,1,450000,2026-08-04 12:04:35,sales_2026_08_04.csv,2026-08-04 12:04:35,1,450000.0
T002827,S004,C087,P028,3,28000,2026-08-04 17:44:44,sales_2026_08_04.csv,2026-08-04 17:44:44,3,28000.0
T002828,S001,C066,P022,1,18000,2026-08-04 14:27:40,sales_2026_08_04.csv,2026-08-04 14:27:40,1,18000.0
T002829,S002,C063,P013,1,35000,2026-08-04 08:49:46,sales_2026_08_04.csv,2026-08-04 08:49:46,1,35000.0
T002830,S005,C078,P011,4,75000,2026-08-04 15:54:30,sales_2026_08_04.csv,2026-08-04 15:54:30,4,75000.0
T002831,S001,C086,P017,2,85000,2026-08-04 14:51:09,sales_2026_08_04.csv,2026-08-04 14:51:09,2,85000.0
T002833,S004,C048,P023,2,22000,2026-08-04 11:25:49,sales_2026_08_04.csv,2026-08-04 11:25:49,2,22000.0
T002834,S003,C002,P013,4,35000,2026-08-04 12:31:42,sales_2026_08_04.csv,2026-08-04 12:31:42,4,35000.0
T002835,S003,C045,P010,2,8000,2026-08-04 13:53:51,sales_2026_08_04.csv,2026-08-04 13:53:51,2,8000.0
T002836,S004,C072,P010,4,8000,2026-08-04 11:00:37,sales_2026_08_04.csv,2026-08-04 11:00:37,4,8000.0
T002837,S002,C094,P003,4,15000,2026-08-04 13:05:55,sales_2026_08_04.csv,2026-08-04 13:05:55,4,15000.0
T002838,S004,C095,P029,3,32000,2026-08-04 18:31:46,sales_2026_08_04.csv,2026-08-04 18:31:46,3,32000.0
T002839,S004,C037,P014,2,7000,2026-08-04 10:11:52,sales_2026_08_04.csv,2026-08-04 10:11:52,2,7000.0
T002840,S004,C094,P006,3,280000,2026-08-04 08:04:22,sales_2026_08_04.csv,2026-08-04 08:04:22,3,280000.0
T002841,S004,C018,P029,2,32000,2026-08-04 18:46:47,sales_2026_08_04.csv,2026-08-04 18:46:47,2,32000.0
T002842,S005,C077,P027,2,18000,2026-08-04 15:31:30,sales_2026_08_04.csv,2026-08-04 15:31:30,2,18000.0
T002843,S002,C027,P003,3,15000,2026-08-04 10:21:41,sales_2026_08_04.csv,2026-08-04 10:21:41,3,15000.0
T002844,S004,C068,P010,2,8000,2026-08-04 13:45:31,sales_2026_08_04.csv,2026-08-04 13:45:31,2,8000.0
T002845,S001,C076,P011,1,75000,2026-08-04 12:33:49,sales_2026_08_04.csv,2026-08-04 12:33:49,1,75000.0
T002846,S004,C012,P025,2,210000,2026-08-04 17:11:02,sales_2026_08_04.csv,2026-08-04 17:11:02,2,210000.0
T002847,S004,C082,P001,1,450000,2026-08-04 17:16:10,sales_2026_08_04.csv,2026-08-04 17:16:10,1,450000.0
T002848,S003,C054,P030,2,50000,2026-08-04 15:09:53,sales_2026_08_04.csv,2026-08-04 15:09:53,2,50000.0
T002849,S005,C060,P006,3,280000,2026-08-04 11:17:51,sales_2026_08_04.csv,2026-08-04 11:17:51,3,280000.0
T002850,S005,C097,P023,4,22000,2026-08-04 10:28:08,sales_2026_08_04.csv,2026-08-04 10:28:08,4,22000.0
T002851,S002,C026,P030,1,50000,2026-08-04 16:15:04,sales_2026_08_04.csv,2026-08-04 16:15:04,1,50000.0
T002852,S004,C038,P006,3,280000,2026-08-04 17:47:45,sales_2026_08_04.csv,2026-08-04 17:47:45,3,280000.0
T002853,S004,C006,P018,2,25000,2026-08-04 08:11:06,sales_2026_08_04.csv,2026-08-04 08:11:06,2,25000.0
T002854,S003,C075,P027,1,18000,2026-08-04 12:45:57,sales_2026_08_04.csv,2026-08-04 12:45:57,1,18000.0
T002855,S004,C072,P010,1,8000,2026-08-04 18:08:38,sales_2026_08_04.csv,2026-08-04 18:08:38,1,8000.0
T002856,S004,C029,P024,1,40000,2026-08-04 17:41:20,sales_2026_08_04.csv,2026-08-04 17:41:20,1,40000.0
T002857,S001,C020,P001,1,450000,2026-08-04 09:18:48,sales_2026_08_04.csv,2026-08-04 09:18:48,1,450000.0
T002858,S003,C082,P009,2,45000,2026-08-04 09:35:07,sales_2026_08_04.csv,2026-08-04 09:35:07,2,45000.0
T002859,S004,C016,P027,2,18000,2026-08-04 11:38:06,sales_2026_08_04.csv,2026-08-04 11:38:06,2,18000.0
T002860,S003,C054,P021,3,10000,2026-08-04 13:54:27,sales_2026_08_04.csv,2026-08-04 13:54:27,3,10000.0
T002861,S004,C089,P006,1,280000,2026-08-04 09:22:24,sales_2026_08_04.csv,2026-08-04 09:22:24,1,280000.0
T002862,S002,C004,P021,1,10000,2026-08-04 10:08:31,sales_2026_08_04.csv,2026-08-04 10:08:31,1,10000.0
T002863,S003,C064,P004,1,25000,2026-08-04 11:27:39,sales_2026_08_04.csv,2026-08-04 11:27:39,1,25000.0
T002864,S005,C096,P003,3,15000,2026-08-04 11:23:52,sales_2026_08_04.csv,2026-08-04 11:23:52,3,15000.0
T002865,S005,C062,P012,2,12000,2026-08-04 13:09:54,sales_2026_08_04.csv,2026-08-04 13:09:54,2,12000.0
T002866,S004,C034,P019,3,55000,2026-08-04 11:38:26,sales_2026_08_04.csv,2026-08-04 11:38:26,3,55000.0
T002867,S004,C089,P021,1,10000,2026-08-04 12:30:11,sales_2026_08_04.csv,2026-08-04 12:30:11,1,10000.0
T002868,S001,C048,P027,1,18000,2026-08-04 13:25:05,sales_2026_08_04.csv,2026-08-04 13:25:05,1,18000.0
T002869,S005,C003,P017,4,85000,2026-08-04 12:22:38,sales_2026_08_04.csv,2026-08-04 12:22:38,4,85000.0
T002870,S003,C021,P028,1,28000,2026-08-04 15:46:40,sales_2026_08_04.csv,2026-08-04 15:46:40,1,28000.0
T002871,S001,C019,P019,1,55000,2026-08-04 10:07:48,sales_2026_08_04.csv,2026-08-04 10:07:48,1,55000.0
T002872,S004,C089,P011,1,75000,2026-08-04 17:43:13,sales_2026_08_04.csv,2026-08-04 17:43:13,1,75000.0
T002873,S003,C021,P005,4,120000,2026-08-04 14:15:57,sales_2026_08_04.csv,2026-08-04 14:15:57,4,120000.0
T002874,S003,C047,P002,3,520000,2026-08-04 15:06:00,sales_2026_08_04.csv,2026-08-04 15:06:00,3,520000.0
T002875,S003,C007,P014,3,7000,2026-08-04 13:59:06,sales_2026_08_04.csv,2026-08-04 13:59:06,3,7000.0
T002876,S003,C068,P010,4,8000,2026-08-04 16:03:52,sales_2026_08_04.csv,2026-08-04 16:03:52,4,8000.0
T002877,S001,C066,P021,1,10000,2026-08-04 12:18:40,sales_2026_08_04.csv,2026-08-04 12:18:40,1,10000.0
T002878,S002,C098,P007,4,165000,2026-08-04 12:26:24,sales_2026_08_04.csv,2026-08-04 12:26:24,4,165000.0
T002879,S005,C097,P004,1,25000,2026-08-04 17:33:12,sales_2026_08_04.csv,2026-08-04 17:33:12,1,25000.0
T002880,S005,C042,P006,3,280000,2026-08-04 14:11:17,sales_2026_08_04.csv,2026-08-04 14:11:17,3,280000.0
T002881,S003,C088,P028,2,28000,2026-08-04 09:22:05,sales_2026_08_04.csv,2026-08-04 09:22:05,2,28000.0
T002882,S003,C035,P026,2,30000,2026-08-04 12:48:44,sales_2026_08_04.csv,2026-08-04 12:48:44,2,30000.0
T002883,S003,C013,P022,4,18000,2026-08-04 11:22:47,sales_2026_08_04.csv,2026-08-04 11:22:47,4,18000.0
T002884,S005,C046,P018,1,25000,2026-08-04 12:42:10,sales_2026_08_04.csv,2026-08-04 12:42:10,1,25000.0
T002885,S002,C002,P027,4,18000,2026-08-04 13:18:15,sales_2026_08_04.csv,2026-08-04 13:18:15,4,18000.0
T002886,S005,C037,P005,2,120000,2026-08-04 15:20:08,sales_2026_08_04.csv,2026-08-04 15:20:08,2,120000.0
T002887,S004,C053,P012,3,12000,2026-08-04 11:17:31,sales_2026_08_04.csv,2026-08-04 11:17:31,3,12000.0
T002888,S002,C014,P011,4,75000,2026-08-04 14:31:20,sales_2026_08_04.csv,2026-08-04 14:31:20,4,75000.0
T002889,S002,C065,P007,1,165000,2026-08-04 12:28:59,sales_2026_08_04.csv,2026-08-04 12:28:59,1,165000.0
T002890,S002,C072,P008,4,390000,2026-08-04 12:19:36,sales_2026_08_04.csv,2026-08-04 12:19:36,4,390000.0
T002891,S005,C069,P020,3,180000,2026-08-04 14:44:20,sales_2026_08_04.csv,2026-08-04 14:44:20,3,180000.0
T002892,S005,C090,P023,3,22000,2026-08-04 17:35:43,sales_2026_08_04.csv,2026-08-04 17:35:43,3,22000.0
T002893,S001,C054,P025,1,210000,2026-08-04 13:41:03,sales_2026_08_04.csv,2026-08-04 13:41:03,1,210000.0
T002894,S001,C015,P015,3,30000,2026-08-04 09:40:34,sales_2026_08_04.csv,2026-08-04 09:40:34,3,30000.0
T002895,S002,C003,P027,3,18000,2026-08-04 09:17:58,sales_2026_08_04.csv,2026-08-04 09:17:58,3,18000.0
T002896,S003,C040,P016,2,95000,2026-08-04 11:37:57,sales_2026_08_04.csv,2026-08-04 11:37:57,2,95000.0
T002897,S003,C018,P023,1,22000,2026-08-04 17:02:43,sales_2026_08_04.csv,2026-08-04 17:02:43,1,22000.0
T002898,S004,C077,P027,1,18000,2026-08-04 10:48:27,sales_2026_08_04.csv,2026-08-04 10:48:27,1,18000.0
T002899,S003,C023,P017,4,85000,2026-08-04 17:39:03,sales_2026_08_04.csv,2026-08-04 17:39:03,4,85000.0
T002900,S003,C004,P023,1,22000,2026-08-04 11:03:23,sales_2026_08_04.csv,2026-08-04 11:03:23,1,22000.0
T002901,S001,C029,P024,3,40000,2026-08-04 16:33:34,sales_2026_08_04.csv,2026-08-04 16:33:34,3,40000.0
T002902,S002,C089,P005,4,120000,2026-08-04 14:06:04,sales_2026_08_04.csv,2026-08-04 14:06:04,4,120000.0
T002903,S003,C017,P008,1,390000,2026-08-04 17:36:35,sales_2026_08_04.csv,2026-08-04 17:36:35,1,390000.0
T002904,S002,C011,P007,1,165000,2026-08-04 09:19:43,sales_2026_08_04.csv,2026-08-04 09:19:43,1,165000.0
T002905,S001,C010,P014,3,7000,2026-08-04 14:38:31,sales_2026_08_04.csv,2026-08-04 14:38:31,3,7000.0
T002906,S004,C097,P001,1,450000,2026-08-04 09:51:43,sales_2026_08_04.csv,2026-08-04 09:51:43,1,450000.0
T002907,S001,C026,P014,3,7000,2026-08-04 10:48:31,sales_2026_08_04.csv,2026-08-04 10:48:31,3,7000.0
T002908,S001,C085,P004,3,25000,2026-08-04 12:31:45,sales_2026_08_04.csv,2026-08-04 12:31:45,3,25000.0
T002909,S005,C008,P017,3,85000,2026-08-04 13:13:28,sales_2026_08_04.csv,2026-08-04 13:13:28,3,85000.0
T002910,S001,C033,P016,2,95000,2026-08-04 11:45:59,sales_2026_08_04.csv,2026-08-04 11:45:59,2,95000.0
T002911,S001,C039,P002,3,520000,2026-08-04 13:39:29,sales_2026_08_04.csv,2026-08-04 13:39:29,3,520000.0
T002912,S001,C097,P022,3,18000,2026-08-04 14:21:01,sales_2026_08_04.csv,2026-08-04 14:21:01,3,18000.0
T002913,S001,C078,P004,1,25000,2026-08-04 18:02:43,sales_2026_08_04.csv,2026-08-04 18:02:43,1,25000.0
T002914,S005,C026,P007,3,165000,2026-08-04 15:53:55,sales_2026_08_04.csv,2026-08-04 15:53:55,3,165000.0
T002915,S003,C004,P006,4,280000,2026-08-04 18:10:18,sales_2026_08_04.csv,2026-08-04 18:10:18,4,280000.0
T002916,S002,C096,P003,3,15000,2026-08-04 16:39:29,sales_2026_08_04.csv,2026-08-04 16:39:29,3,15000.0
T002917,S005,C045,P009,2,45000,2026-08-04 16:06:56,sales_2026_08_04.csv,2026-08-04 16:06:56,2,45000.0
T002918,S002,C065,P012,2,12000,2026-08-04 15:49:46,sales_2026_08_04.csv,2026-08-04 15:49:46,2,12000.0
T002919,S005,C031,P025,1,210000,04/08/2026,sales_2026_08_04.csv,2026-08-04 00:00:00,1,210000.0
T002920,S005,C009,P017,1,85000,2026-08-04 15:13:19,sales_2026_08_04.csv,2026-08-04 15:13:19,1,85000.0
T002921,S005,C098,P004,1,25000,2026-08-04 09:42:46,sales_2026_08_04.csv,2026-08-04 09:42:46,1,25000.0
T002922,S005,C028,P001,4,450000,2026-08-04 17:10:01,sales_2026_08_04.csv,2026-08-04 17:10:01,4,450000.0
T002923,S002,C037,P023,1,22000,2026-08-04 09:26:21,sales_2026_08_04.csv,2026-08-04 09:26:21,1,22000.0
T002924,S005,C001,P006,4,280000,2026-08-04 18:53:30,sales_2026_08_04.csv,2026-08-04 18:53:30,4,280000.0
T002925,S001,C028,P024,1,40000,2026-08-04 15:18:12,sales_2026_08_04.csv,2026-08-04 15:18:12,1,40000.0
T002926,S005,C091,P030,2,50000,2026-08-04 16:11:17,sales_2026_08_04.csv,2026-08-04 16:11:17,2,50000.0
T002927,S003,C090,P016,2,95000,2026-08-04 09:22:44,sales_2026_08_04.csv,2026-08-04 09:22:44,2,95000.0
T002928,S002,C057,P019,2,55000,2026-08-04 13:55:29,sales_2026_08_04.csv,2026-08-04 13:55:29,2,55000.0
T002929,S001,C024,P022,4,18000,2026-08-04 08:13:52,sales_2026_08_04.csv,2026-08-04 08:13:52,4,18000.0
T002930,S003,C049,P027,4,18000,2026-08-04 15:08:44,sales_2026_08_04.csv,2026-08-04 15:08:44,4,18000.0
T002931,S002,C066,P014,4,7000,2026-08-04 18:13:50,sales_2026_08_04.csv,2026-08-04 18:13:50,4,7000.0
T002932,S004,C015,P008,1,390000,2026-08-04 09:01:51,sales_2026_08_04.csv,2026-08-04 09:01:51,1,390000.0
T002933,S003,C016,P025,4,210000,2026-08-04 10:04:00,sales_2026_08_04.csv,2026-08-04 10:04:00,4,210000.0
T002934,S001,C067,P015,1,30000,2026-08-04 13:09:13,sales_2026_08_04.csv,2026-08-04 13:09:13,1,30000.0
T002935,S004,C098,P005,4,120000,2026-08-04 16:45:05,sales_2026_08_04.csv,2026-08-04 16:45:05,4,120000.0
T002936,S003,C072,P012,3,12000,2026-08-04 10:09:39,sales_2026_08_04.csv,2026-08-04 10:09:39,3,12000.0
T002937,S001,C011,P024,2,40000,2026-08-04 15:34:24,sales_2026_08_04.csv,2026-08-04 15:34:24,2,40000.0
T002938,S004,C015,P011,1,75000,2026-08-04 13:46:06,sales_2026_08_04.csv,2026-08-04 13:46:06,1,75000.0
T002939,S003,C059,P013,1,35000,2026-08-04 11:34:33,sales_2026_08_04.csv,2026-08-04 11:34:33,1,35000.0
T002940,S003,C088,P020,1,180000,2026-08-04 15:29:30,sales_2026_08_04.csv,2026-08-04 15:29:30,1,180000.0
T002941,S004,C029,P027,4,18000,2026-08-04 09:36:40,sales_2026_08_04.csv,2026-08-04 09:36:40,4,18000.0
T002942,S004,C038,P018,4,25000,2026-08-04 15:12:54,sales_2026_08_04.csv,2026-08-04 15:12:54,4,25000.0
T002943,S004,C025,P028,4,28000,2026-08-04 18:01:35,sales_2026_08_04.csv,2026-08-04 18:01:35,4,28000.0
T002944,S001,C061,P028,1,28000,2026-08-04 16:10:31,sales_2026_08_04.csv,2026-08-04 16:10:31,1,28000.0
T002945,S003,C023,P022,3,18000,2026-08-04 09:14:38,sales_2026_08_04.csv,2026-08-04 09:14:38,3,18000.0
T002946,S004,C087,P001,2,450000,2026-08-04 18:11:46,sales_2026_08_04.csv,2026-08-04 18:11:46,2,450000.0
T002948,S001,C016,P017,2,85000,2026-08-04 17:12:59,sales_2026_08_04.csv,2026-08-04 17:12:59,2,85000.0
T002949,S004,C052,P005,2,120000,2026-08-04 09:44:52,sales_2026_08_04.csv,2026-08-04 09:44:52,2,120000.0
T002950,S005,C014,P023,3,22000,2026-08-04 18:55:03,sales_2026_08_04.csv,2026-08-04 18:55:03,3,22000.0
T002951,S002,C009,P024,1,40000,2026-08-04 10:48:30,sales_2026_08_04.csv,2026-08-04 10:48:30,1,40000.0
T002952,S002,C044,P012,2,12000,2026-08-04 10:11:52,sales_2026_08_04.csv,2026-08-04 10:11:52,2,12000.0
T002953,S005,C052,P007,3,165000,2026-08-04 10:47:23,sales_2026_08_04.csv,2026-08-04 10:47:23,3,165000.0
T002954,S002,C055,P004,1,25000,2026-08-04 10:52:26,sales_2026_08_04.csv,2026-08-04 10:52:26,1,25000.0
T002955,S004,C036,P024,4,40000,2026-08-04 18:17:01,sales_2026_08_04.csv,2026-08-04 18:17:01,4,40000.0
T002956,S005,C076,P025,3,210000,2026-08-04 12:24:18,sales_2026_08_04.csv,2026-08-04 12:24:18,3,210000.0
T002957,S004,C046,P009,4,45000,2026-08-04 10:08:12,sales_2026_08_04.csv,2026-08-04 10:08:12,4,45000.0
T002958,S005,C052,P016,3,95000,2026-08-04 15:28:50,sales_2026_08_04.csv,2026-08-04 15:28:50,3,95000.0
T002959,S005,C036,P016,3,95000,2026-08-04 10:23:50,sales_2026_08_04.csv,2026-08-04 10:23:50,3,95000.0
T002960,S004,C014,P005,3,120000,2026-08-04 14:43:54,sales_2026_08_04.csv,2026-08-04 14:43:54,3,120000.0
T002961,S003,C063,P004,4,25000,2026-08-04 09:55:05,sales_2026_08_04.csv,2026-08-04 09:55:05,4,25000.0
T002962,S002,C081,P016,3,95000,2026-08-04 17:07:33,sales_2026_08_04.csv,2026-08-04 17:07:33,3,95000.0
T002963,S001,C013,P005,2,120000,2026-08-04 16:10:53,sales_2026_08_04.csv,2026-08-04 16:10:53,2,120000.0
T002964,S001,C009,P024,1,40000,2026-08-04 15:53:56,sales_2026_08_04.csv,2026-08-04 15:53:56,1,40000.0
T002965,S001,C023,P016,3,95000,2026-08-04 10:07:05,sales_2026_08_04.csv,2026-08-04 10:07:05,3,95000.0
T002966,S005,C087,P013,1,35000,2026-08-04 16:12:01,sales_2026_08_04.csv,2026-08-04 16:12:01,1,35000.0
T002967,S002,C039,P011,1,75000,2026-08-04 13:28:18,sales_2026_08_04.csv,2026-08-04 13:28:18,1,75000.0
T002968,S005,C013,P020,1,180000,2026-08-04 18:35:54,sales_2026_08_04.csv,2026-08-04 18:35:54,1,180000.0
T002969,S001,C085,P025,3,210000,2026-08-04 18:14:50,sales_2026_08_04.csv,2026-08-04 18:14:50,3,210000.0
T002970,S005,C099,P025,1,210000,2026-08-04 10:15:49,sales_2026_08_04.csv,2026-08-04 10:15:49,1,210000.0
T002971,S004,C026,P016,3,95000,2026-08-04 14:38:58,sales_2026_08_04.csv,2026-08-04 14:38:58,3,95000.0
T002972,S004,C063,P010,4,8000,2026-08-04 18:12:31,sales_2026_08_04.csv,2026-08-04 18:12:31,4,8000.0
T002973,S003,C070,P017,4,85000,2026-08-04 09:32:32,sales_2026_08_04.csv,2026-08-04 09:32:32,4,85000.0
T002974,S005,C070,P011,2,75000,2026-08-04 18:03:07,sales_2026_08_04.csv,2026-08-04 18:03:07,2,75000.0
T002975,S001,C056,P001,3,450000,2026-08-04 17:32:13,sales_2026_08_04.csv,2026-08-04 17:32:13,3,450000.0
T002976,S001,C050,P029,3,32000,2026-08-04 08:32:49,sales_2026_08_04.csv,2026-08-04 08:32:49,3,32000.0
T002977,S003,C049,P015,2,30000,2026-08-04 17:04:16,sales_2026_08_04.csv,2026-08-04 17:04:16,2,30000.0
T002978,S004,C005,P015,3,30000,2026-08-04 09:27:38,sales_2026_08_04.csv,2026-08-04 09:27:38,3,30000.0
T002979,S002,C072,P002,1,520000,2026-08-04 17:23:53,sales_2026_08_04.csv,2026-08-04 17:23:53,1,520000.0
T002980,S003,C091,P022,4,18000,2026-08-04 16:16:54,sales_2026_08_04.csv,2026-08-04 16:16:54,4,18000.0
T002981,S004,C056,P006,1,280000,2026-08-04 14:48:40,sales_2026_08_04.csv,2026-08-04 14:48:40,1,280000.0
T002982,S003,C092,P005,4,120000,2026-08-04 15:02:31,sales_2026_08_04.csv,2026-08-04 15:02:31,4,120000.0
T002983,S004,C098,P013,3,35000,2026-08-04 13:08:27,sales_2026_08_04.csv,2026-08-04 13:08:27,3,35000.0
T002984,S005,C087,P004,1,25000,2026-08-04 11:05:18,sales_2026_08_04.csv,2026-08-04 11:05:18,1,25000.0
T002985,S005,C088,P016,3,95000,2026-08-04 08:46:04,sales_2026_08_04.csv,2026-08-04 08:46:04,3,95000.0
T002986,S005,C061,P018,1,25000,2026-08-04 12:21:47,sales_2026_08_04.csv,2026-08-04 12:21:47,1,25000.0
T002987,S005,C021,P016,4,95000,2026-08-04 15:13:38,sales_2026_08_04.csv,2026-08-04 15:13:38,4,95000.0
T002988,S001,C051,P017,3,85000,2026-08-04 13:52:31,sales_2026_08_04.csv,2026-08-04 13:52:31,3,85000.0
T002989,S004,C076,P009,1,45000,2026-08-04 11:38:59,sales_2026_08_04.csv,2026-08-04 11:38:59,1,45000.0
T002990,S005,C087,P013,1,35000,2026-08-04 16:20:23,sales_2026_08_04.csv,2026-08-04 16:20:23,1,35000.0
T002991,S003,C042,P012,4,12000,2026-08-04 10:50:20,sales_2026_08_04.csv,2026-08-04 10:50:20,4,12000.0
T002992,S001,C076,P002,2,520000,2026-08-04 11:29:31,sales_2026_08_04.csv,2026-08-04 11:29:31,2,520000.0
T002993,S002,C047,P002,4,520000,2026-08-04 13:22:25,sales_2026_08_04.csv,2026-08-04 13:22:25,4,520000.0
T002994,S005,C004,P012,4,12000,2026-08-04 12:56:13,sales_2026_08_04.csv,2026-08-04 12:56:13,4,12000.0
T002995,S003,C049,P025,3,210000,2026-08-04 13:48:41,sales_2026_08_04.csv,2026-08-04 13:48:41,3,210000.0
T002996,S004,C045,P004,2,25000,2026-08-04 17:38:21,sales_2026_08_04.csv,2026-08-04 17:38:21,2,25000.0
T002997,S004,C045,P012,3,12000,2026-08-04 16:27:45,sales_2026_08_04.csv,2026-08-04 16:27:45,3,12000.0
T002998,S002,C032,P002,4,520000,2026-08-04 10:44:11,sales_2026_08_04.csv,2026-08-04 10:44:11,4,520000.0
T002999,S003,C076,P008,1,390000,2026-08-04 14:24:17,sales_2026_08_04.csv,2026-08-04 14:24:17,1,390000.0
T003000,S001,C040,P003,2,15000,2026-08-04 12:47:36,sales_2026_08_04.csv,2026-08-04 12:47:36,2,15000.0
T003001,S003,C022,P004,1,25000,2026-08-04 12:22:59,sales_2026_08_04.csv,2026-08-04 12:22:59,1,25000.0
T003002,S005,C042,P001,2,450000,2026-08-04 11:51:22,sales_2026_08_04.csv,2026-08-04 11:51:22,2,450000.0
T003003,S004,C085,P002,3,520000,2026-08-04 14:31:09,sales_2026_08_04.csv,2026-08-04 14:31:09,3,520000.0
T003004,S004,C073,P028,2,28000,2026-08-04 09:14:23,sales_2026_08_04.csv,2026-08-04 09:14:23,2,28000.0
T003005,S004,C035,P017,3,85000,2026-08-04 09:55:30,sales_2026_08_04.csv,2026-08-04 09:55:30,3,85000.0
T003006,S004,C076,P001,2,450000,2026-08-04 12:33:50,sales_2026_08_04.csv,2026-08-04 12:33:50,2,450000.0
T003007,S003,C049,P001,1,450000,04/08/2026,sales_2026_08_04.csv,2026-08-04 00:00:00,1,450000.0
T003008,S004,C042,P019,2,55000,2026-08-04 17:20:50,sales_2026_08_04.csv,2026-08-04 17:20:50,2,55000.0
T003009,S001,C063,P019,4,55000,2026-08-04 08:03:00,sales_2026_08_04.csv,2026-08-04 08:03:00,4,55000.0
T003010,S002,C044,P004,3,25000,2026-08-04 15:02:45,sales_2026_08_04.csv,2026-08-04 15:02:45,3,25000.0
T003011,S005,C098,P016,2,95000,2026-08-04 13:09:37,sales_2026_08_04.csv,2026-08-04 13:09:37,2,95000.0
T003012,S003,C022,P022,4,18000,2026-08-04 12:09:27,sales_2026_08_04.csv,2026-08-04 12:09:27,4,18000.0
T003013,S003,C047,P020,1,180000,2026-08-04 12:05:51,sales_2026_08_04.csv,2026-08-04 12:05:51,1,180000.0
T003014,S002,C064,P014,2,7000,2026-08-04 12:12:35,sales_2026_08_04.csv,2026-08-04 12:12:35,2,7000.0
T003015,S001,C069,P021,1,10000,2026-08-04 09:38:54,sales_2026_08_04.csv,2026-08-04 09:38:54,1,10000.0
T003016,S003,C034,P007,4,165000,2026-08-04 09:25:03,sales_2026_08_04.csv,2026-08-04 09:25:03,4,165000.0
T003017,S003,C074,P002,3,520000,2026-08-04 15:53:36,sales_2026_08_04.csv,2026-08-04 15:53:36,3,520000.0
T003018,S002,C080,P013,3,35000,2026-08-04 18:01:33,sales_2026_08_04.csv,2026-08-04 18:01:33,3,35000.0
T003019,S001,C092,P024,1,40000,2026-08-04 11:19:04,sales_2026_08_04.csv,2026-08-04 11:19:04,1,40000.0
T003020,S005,C013,P028,1,28000,2026-08-04 14:20:46,sales_2026_08_04.csv,2026-08-04 14:20:46,1,28000.0
T003021,S003,C035,P019,3,55000,2026-08-04 17:52:36,sales_2026_08_04.csv,2026-08-04 17:52:36,3,55000.0
T003022,S005,C068,P003,2,15000,2026-08-04 10:35:41,sales_2026_08_04.csv,2026-08-04 10:35:41,2,15000.0
T003023,S004,C027,P016,4,95000,2026-08-04 15:24:10,sales_2026_08_04.csv,2026-08-04 15:24:10,4,95000.0
T003024,S001,C084,P012,4,12000,2026-08-04 12:53:41,sales_2026_08_04.csv,2026-08-04 12:53:41,4,12000.0
T003025,S003,C065,P027,2,18000,2026-08-04 12:16:46,sales_2026_08_04.csv,2026-08-04 12:16:46,2,18000.0
T003026,S003,C056,P026,3,30000,2026-08-04 10:19:00,sales_2026_08_04.csv,2026-08-04 10:19:00,3,30000.0
T003027,S005,C041,P022,4,18000,2026-08-04 09:56:06,sales_2026_08_04.csv,2026-08-04 09:56:06,4,18000.0
T003028,S004,C052,P007,2,165000,2026-08-04 11:27:38,sales_2026_08_04.csv,2026-08-04 11:27:38,2,165000.0
T003029,S005,C066,P009,3,45000,2026-08-04 15:29:15,sales_2026_08_04.csv,2026-08-04 15:29:15,3,45000.0
T003030,S005,C024,P015,4,30000,2026-08-04 16:40:52,sales_2026_08_04.csv,2026-08-04 16:40:52,4,30000.0
T003031,S001,C081,P029,1,32000,2026-08-04 10:16:23,sales_2026_08_04.csv,2026-08-04 10:16:23,1,32000.0
T003032,S005,C024,P023,4,22000,2026-08-04 13:21:59,sales_2026_08_04.csv,2026-08-04 13:21:59,4,22000.0
T003033,S004,C028,P019,1,55000,2026-08-04 17:04:28,sales_2026_08_04.csv,2026-08-04 17:04:28,1,55000.0
T003034,S004,C035,P022,3,18000,2026-08-04 08:16:52,sales_2026_08_04.csv,2026-08-04 08:16:52,3,18000.0
T003035,S005,C079,P030,4,50000,2026-08-04 14:40:52,sales_2026_08_04.csv,2026-08-04 14:40:52,4,50000.0
T003036,S004,C073,P028,3,28000,2026-08-04 17:30:51,sales_2026_08_04.csv,2026-08-04 17:30:51,3,28000.0
T003037,S001,C067,P024,2,40000,2026-08-04 13:04:26,sales_2026_08_04.csv,2026-08-04 13:04:26,2,40000.0
T003038,S003,C060,P007,3,165000,2026-08-04 10:10:32,sales_2026_08_04.csv,2026-08-04 10:10:32,3,165000.0
T003039,S002,C020,P005,1,120000,2026-08-04 17:16:53,sales_2026_08_04.csv,2026-08-04 17:16:53,1,120000.0
T003040,S003,C056,P024,1,40000,2026-08-04 13:32:52,sales_2026_08_04.csv,2026-08-04 13:32:52,1,40000.0
T003041,S003,C009,P014,2,7000,2026-08-04 10:32:06,sales_2026_08_04.csv,2026-08-04 10:32:06,2,7000.0
T003042,S002,C053,P021,3,10000,2026-08-04 16:49:33,sales_2026_08_04.csv,2026-08-04 16:49:33,3,10000.0
T003043,S003,C083,P009,2,45000,2026-08-04 09:31:33,sales_2026_08_04.csv,2026-08-04 09:31:33,2,45000.0
T003044,S003,C088,P006,1,280000,2026-08-04 09:48:37,sales_2026_08_04.csv,2026-08-04 09:48:37,1,280000.0
T003045,S002,C052,P020,4,180000,2026-08-04 11:30:53,sales_2026_08_04.csv,2026-08-04 11:30:53,4,180000.0
T003046,S001,C020,P008,2,390000,2026-08-04 08:46:53,sales_2026_08_04.csv,2026-08-04 08:46:53,2,390000.0
T003047,S001,C032,P007,2,165000,2026-08-04 18:03:11,sales_2026_08_04.csv,2026-08-04 18:03:11,2,165000.0
T003048,S003,C060,P026,2,30000,2026-08-04 15:09:49,sales_2026_08_04.csv,2026-08-04 15:09:49,2,30000.0
T003049,S005,C056,P016,1,95000,2026-08-04 09:34:20,sales_2026_08_04.csv,2026-08-04 09:34:20,1,95000.0
T003050,S001,C026,P014,3,7000,2026-08-04 08:43:23,sales_2026_08_04.csv,2026-08-04 08:43:23,3,7000.0
T003051,S003,C018,P006,2,280000,2026-08-04 11:29:01,sales_2026_08_04.csv,2026-08-04 11:29:01,2,280000.0
T003052,S003,C036,P001,1,450000,2026-08-04 13:50:35,sales_2026_08_04.csv,2026-08-04 13:50:35,1,450000.0
T003053,S005,C023,P022,4,18000,2026-08-04 08:45:38,sales_2026_08_04.csv,2026-08-04 08:45:38,4,18000.0
T003054,S001,C093,P021,4,10000,2026-08-04 13:55:51,sales_2026_08_04.csv,2026-08-04 13:55:51,4,10000.0
T003055,S001,C008,P016,3,95000,2026-08-04 09:03:43,sales_2026_08_04.csv,2026-08-04 09:03:43,3,95000.0
T003056,S001,C041,P028,4,28000,2026-08-04 08:07:32,sales_2026_08_04.csv,2026-08-04 08:07:32,4,28000.0
T003057,S003,C009,P020,4,180000,2026-08-04 15:14:09,sales_2026_08_04.csv,2026-08-04 15:14:09,4,180000.0
T003058,S004,C047,P029,2,32000,2026-08-04 08:04:41,sales_2026_08_04.csv,2026-08-04 08:04:41,2,32000.0
T003059,S001,C051,P022,3,18000,2026-08-04 08:57:42,sales_2026_08_04.csv,2026-08-04 08:57:42,3,18000.0
T003060,S002,C031,P027,3,18000,2026-08-04 16:30:16,sales_2026_08_04.csv,2026-08-04 16:30:16,3,18000.0
T003062,S001,C067,P017,1,85000,2026-08-04 10:28:23,sales_2026_08_04.csv,2026-08-04 10:28:23,1,85000.0
T003063,S005,C100,P022,1,18000,2026-08-04 10:44:48,sales_2026_08_04.csv,2026-08-04 10:44:48,1,18000.0
T003064,S005,C033,P030,3,50000,2026-08-04 11:19:39,sales_2026_08_04.csv,2026-08-04 11:19:39,3,50000.0
T003065,S001,C031,P016,4,95000,2026-08-04 17:00:43,sales_2026_08_04.csv,2026-08-04 17:00:43,4,95000.0
T003066,S001,C099,P020,4,180000,2026-08-04 13:56:05,sales_2026_08_04.csv,2026-08-04 13:56:05,4,180000.0
T003067,S003,C043,P026,2,30000,2026-08-04 18:13:43,sales_2026_08_04.csv,2026-08-04 18:13:43,2,30000.0
T003068,S005,C095,P027,1,18000,2026-08-04 13:06:34,sales_2026_08_04.csv,2026-08-04 13:06:34,1,18000.0
T003069,S002,C055,P013,2,35000,2026-08-04 16:12:05,sales_2026_08_04.csv,2026-08-04 16:12:05,2,35000.0
T003070,S002,C014,P007,3,165000,2026-08-04 16:47:40,sales_2026_08_04.csv,2026-08-04 16:47:40,3,165000.0
T003071,S002,C036,P006,4,280000,2026-08-04 12:17:48,sales_2026_08_04.csv,2026-08-04 12:17:48,4,280000.0
T003072,S004,C033,P015,4,30000,2026-08-04 09:51:59,sales_2026_08_04.csv,2026-08-04 09:51:59,4,30000.0
T003073,S005,C008,P028,4,28000,2026-08-04 09:57:28,sales_2026_08_04.csv,2026-08-04 09:57:28,4,28000.0
T003074,S005,C048,P016,4,95000,2026-08-04 12:17:33,sales_2026_08_04.csv,2026-08-04 12:17:33,4,95000.0
T003075,S001,C041,P023,4,22000,2026-08-04 09:25:16,sales_2026_08_04.csv,2026-08-04 09:25:16,4,22000.0
T003076,S004,C061,P018,2,25000,2026-08-04 17:55:14,sales_2026_08_04.csv,2026-08-04 17:55:14,2,25000.0
T003077,S002,C036,P022,1,18000,2026-08-04 10:54:54,sales_2026_08_04.csv,2026-08-04 10:54:54,1,18000.0
T003078,S002,C047,P029,1,32000,2026-08-04 11:32:02,sales_2026_08_04.csv,2026-08-04 11:32:02,1,32000.0
T003079,S003,C040,P016,2,95000,2026-08-04 14:48:28,sales_2026_08_04.csv,2026-08-04 14:48:28,2,95000.0
T003080,S005,C005,P001,2,450000,2026-08-04 09:44:43,sales_2026_08_04.csv,2026-08-04 09:44:43,2,450000.0
T003081,S001,C089,P027,1,18000,2026-08-04 18:19:20,sales_2026_08_04.csv,2026-08-04 18:19:20,1,18000.0
T003082,S002,C033,P030,4,50000,2026-08-04 10:26:07,sales_2026_08_04.csv,2026-08-04 10:26:07,4,50000.0
T003083,S004,C040,P018,1,25000,2026-08-04 08:35:46,sales_2026_08_04.csv,2026-08-04 08:35:46,1,25000.0
T003084,S003,C088,P021,4,10000,2026-08-04 15:46:03,sales_2026_08_04.csv,2026-08-04 15:46:03,4,10000.0
T003085,S005,C031,P004,4,25000,2026-08-04 11:11:46,sales_2026_08_04.csv,2026-08-04 11:11:46,4,25000.0
T003086,S004,C050,P028,3,28000,2026-08-04 08:39:28,sales_2026_08_04.csv,2026-08-04 08:39:28,3,28000.0
T003087,S004,C033,P001,3,450000,2026-08-04 14:22:34,sales_2026_08_04.csv,2026-08-04 14:22:34,3,450000.0
T003088,S001,C097,P010,2,8000,2026-08-04 15:48:54,sales_2026_08_04.csv,2026-08-04 15:48:54,2,8000.0
T003089,S003,C027,P008,3,390000,2026-08-04 12:49:44,sales_2026_08_04.csv,2026-08-04 12:49:44,3,390000.0
T003090,S002,C057,P028,1,28000,2026-08-04 08:15:33,sales_2026_08_04.csv,2026-08-04 08:15:33,1,28000.0
T003091,S003,C099,P021,4,10000,2026-08-04 11:05:41,sales_2026_08_04.csv,2026-08-04 11:05:41,4,10000.0
T003092,S004,C005,P021,2,10000,2026-08-04 15:29:30,sales_2026_08_04.csv,2026-08-04 15:29:30,2,10000.0
T003093,S001,C100,P009,2,45000,2026-08-04 12:07:59,sales_2026_08_04.csv,2026-08-04 12:07:59,2,45000.0
T003094,S004,C095,P016,3,95000,2026-08-04 14:32:56,sales_2026_08_04.csv,2026-08-04 14:32:56,3,95000.0
T003095,S003,C092,P014,3,7000,2026-08-04 08:03:04,sales_2026_08_04.csv,2026-08-04 08:03:04,3,7000.0
T003096,S001,C021,P014,2,7000,2026-08-04 13:13:40,sales_2026_08_04.csv,2026-08-04 13:13:40,2,7000.0
T003097,S003,C065,P023,3,22000,2026-08-04 09:39:57,sales_2026_08_04.csv,2026-08-04 09:39:57,3,22000.0
T003098,S003,C054,P003,1,15000,2026-08-04 16:23:12,sales_2026_08_04.csv,2026-08-04 16:23:12,1,15000.0
T003099,S005,C095,P020,3,180000,2026-08-04 16:55:22,sales_2026_08_04.csv,2026-08-04 16:55:22,3,180000.0
T003100,S004,C089,P011,2,75000,2026-08-04 18:58:25,sales_2026_08_04.csv,2026-08-04 18:58:25,2,75000.0
T003101,S001,C083,P001,2,450000,2026-08-04 15:09:38,sales_2026_08_04.csv,2026-08-04 15:09:38,2,450000.0
T003102,S002,C081,P021,1,10000,2026-08-04 18:06:12,sales_2026_08_04.csv,2026-08-04 18:06:12,1,10000.0
T003104,S002,C081,P013,2,35000,2026-08-04 16:41:57,sales_2026_08_04.csv,2026-08-04 16:41:57,2,35000.0
T003105,S003,C074,P010,2,8000,2026-08-04 08:41:14,sales_2026_08_04.csv,2026-08-04 08:41:14,2,8000.0
T003106,S001,C021,P003,1,15000,2026-08-04 15:31:04,sales_2026_08_04.csv,2026-08-04 15:31:04,1,15000.0
T003107,S005,C092,P008,1,390000,2026-08-04 11:01:42,sales_2026_08_04.csv,2026-08-04 11:01:42,1,390000.0
T003108,S002,C077,P025,3,210000,2026-08-04 10:47:00,sales_2026_08_04.csv,2026-08-04 10:47:00,3,210000.0
T003109,S004,C041,P022,1,18000,2026-08-04 14:52:02,sales_2026_08_04.csv,2026-08-04 14:52:02,1,18000.0
T003110,S004,C095,P015,3,30000,2026-08-04 16:03:48,sales_2026_08_04.csv,2026-08-04 16:03:48,3,30000.0
T003111,S003,C023,P005,4,120000,2026-08-04 09:22:09,sales_2026_08_04.csv,2026-08-04 09:22:09,4,120000.0
T003112,S005,C042,P022,2,18000,2026-08-04 10:34:26,sales_2026_08_04.csv,2026-08-04 10:34:26,2,18000.0
T003113,S003,C026,P026,4,30000,2026-08-04 13:56:15,sales_2026_08_04.csv,2026-08-04 13:56:15,4,30000.0
T003114,S004,C048,P003,1,15000,2026-08-04 15:36:49,sales_2026_08_04.csv,2026-08-04 15:36:49,1,15000.0
T003115,S004,C049,P006,1,280000,2026-08-04 11:00:57,sales_2026_08_04.csv,2026-08-04 11:00:57,1,280000.0
T003116,S005,C029,P027,3,18000,2026-08-04 13:33:57,sales_2026_08_04.csv,2026-08-04 13:33:57,3,18000.0
T003117,S001,C072,P001,4,450000,2026-08-04 14:16:59,sales_2026_08_04.csv,2026-08-04 14:16:59,4,450000.0
T003118,S005,C081,P021,4,10000,2026-08-04 14:11:17,sales_2026_08_04.csv,2026-08-04 14:11:17,4,10000.0
T003119,S001,C060,P008,1,390000,2026-08-04 08:47:01,sales_2026_08_04.csv,2026-08-04 08:47:01,1,390000.0
T003120,S003,C090,P007,4,165000,2026-08-04 08:25:28,sales_2026_08_04.csv,2026-08-04 08:25:28,4,165000.0
T003121,S002,C007,P028,2,28000,2026-08-04 08:10:37,sales_2026_08_04.csv,2026-08-04 08:10:37,2,28000.0
T003122,S005,C055,P013,2,35000,2026-08-04 14:32:47,sales_2026_08_04.csv,2026-08-04 14:32:47,2,35000.0
T003123,S003,C020,P020,1,180000,2026-08-04 13:07:37,sales_2026_08_04.csv,2026-08-04 13:07:37,1,180000.0
T003124,S003,C022,P003,4,15000,2026-08-04 08:46:31,sales_2026_08_04.csv,2026-08-04 08:46:31,4,15000.0
T003125,S001,C002,P019,1,55000,2026-08-04 10:59:01,sales_2026_08_04.csv,2026-08-04 10:59:01,1,55000.0
T003126,S005,C056,P023,4,22000,2026-08-04 12:27:49,sales_2026_08_04.csv,2026-08-04 12:27:49,4,22000.0
T003127,S004,C087,P025,3,210000,2026-08-04 08:22:21,sales_2026_08_04.csv,2026-08-04 08:22:21,3,210000.0
T003128,S001,C029,P016,3,95000,2026-08-04 08:44:30,sales_2026_08_04.csv,2026-08-04 08:44:30,3,95000.0
T003129,S002,C025,P023,3,22000,2026-08-04 09:37:37,sales_2026_08_04.csv,2026-08-04 09:37:37,3,22000.0
T003130,S003,C037,P028,4,28000,2026-08-04 11:15:26,sales_2026_08_04.csv,2026-08-04 11:15:26,4,28000.0
T003131,S004,C049,P024,1,40000,2026-08-04 11:42:13,sales_2026_08_04.csv,2026-08-04 11:42:13,1,40000.0
T003132,S004,C027,P005,1,120000,2026-08-04 09:48:58,sales_2026_08_04.csv,2026-08-04 09:48:58,1,120000.0
T003133,S002,C037,P020,3,180000,2026-08-04 11:18:30,sales_2026_08_04.csv,2026-08-04 11:18:30,3,180000.0
T003134,S002,C054,P024,2,40000,2026-08-04 16:52:46,sales_2026_08_04.csv,2026-08-04 16:52:46,2,40000.0
T003135,S004,C019,P006,1,280000,2026-08-04 12:21:17,sales_2026_08_04.csv,2026-08-04 12:21:17,1,280000.0
T003136,S003,C034,P001,1,450000,2026-08-04 13:18:40,sales_2026_08_04.csv,2026-08-04 13:18:40,1,450000.0
T003137,S005,C058,P008,2,390000,2026-08-04 08:30:30,sales_2026_08_04.csv,2026-08-04 08:30:30,2,390000.0
T003138,S002,C048,P030,1,50000,2026-08-04 17:22:32,sales_2026_08_04.csv,2026-08-04 17:22:32,1,50000.0
T003139,S004,C011,P019,1,55000,2026-08-04 16:36:35,sales_2026_08_04.csv,2026-08-04 16:36:35,1,55000.0
T003140,S004,C018,P001,4,450000,2026-08-04 13:07:26,sales_2026_08_04.csv,2026-08-04 13:07:26,4,450000.0
T003141,S003,C089,P028,2,28000,2026-08-04 16:32:22,sales_2026_08_04.csv,2026-08-04 16:32:22,2,28000.0
T003142,S002,C092,P013,4,35000,2026-08-04 09:19:28,sales_2026_08_04.csv,2026-08-04 09:19:28,4,35000.0
T003143,S004,C095,P013,4,35000,2026-08-04 18:22:51,sales_2026_08_04.csv,2026-08-04 18:22:51,4,35000.0
T003144,S003,C010,P020,1,180000,2026-08-04 08:36:07,sales_2026_08_04.csv,2026-08-04 08:36:07,1,180000.0
T003145,S005,C008,P004,3,25000,2026-08-04 08:51:15,sales_2026_08_04.csv,2026-08-04 08:51:15,3,25000.0
T003146,S003,C031,P002,3,520000,2026-08-04 08:42:44,sales_2026_08_04.csv,2026-08-04 08:42:44,3,520000.0
T003147,S003,C078,P016,3,95000,2026-08-04 10:32:55,sales_2026_08_04.csv,2026-08-04 10:32:55,3,95000.0
T003148,S005,C091,P022,1,18000,2026-08-04 08:43:57,sales_2026_08_04.csv,2026-08-04 08:43:57,1,18000.0
T003149,S001,C001,P024,1,40000,2026-08-04 13:56:53,sales_2026_08_04.csv,2026-08-04 13:56:53,1,40000.0
T003150,S005,C080,P009,1,45000,04/08/2026,sales_2026_08_04.csv,2026-08-04 00:00:00,1,45000.0
T003151,S003,C051,P013,3,35000,2026-08-04 11:16:13,sales_2026_08_04.csv,2026-08-04 11:16:13,3,35000.0
T003152,S003,C017,P022,4,18000,2026-08-04 15:14:38,sales_2026_08_04.csv,2026-08-04 15:14:38,4,18000.0
T003153,S005,C006,P029,3,32000,2026-08-04 09:54:48,sales_2026_08_04.csv,2026-08-04 09:54:48,3,32000.0
T003154,S002,C034,P019,3,55000,2026-08-04 14:09:04,sales_2026_08_04.csv,2026-08-04 14:09:04,3,55000.0
T003155,S005,C064,P006,4,280000,2026-08-04 13:15:28,sales_2026_08_04.csv,2026-08-04 13:15:28,4,280000.0
T003156,S003,C060,P030,3,50000,2026-08-04 11:45:08,sales_2026_08_04.csv,2026-08-04 11:45:08,3,50000.0
T003157,S001,C041,P005,1,120000,2026-08-04 09:24:25,sales_2026_08_04.csv,2026-08-04 09:24:25,1,120000.0
T003158,S005,C056,P023,4,22000,2026-08-04 16:07:09,sales_2026_08_04.csv,2026-08-04 16:07:09,4,22000.0
T003159,S003,C015,P005,2,120000,2026-08-04 15:40:33,sales_2026_08_04.csv,2026-08-04 15:40:33,2,120000.0
T003160,S001,C017,P011,1,75000,2026-08-04 08:24:32,sales_2026_08_04.csv,2026-08-04 08:24:32,1,75000.0
T003161,S003,C096,P016,3,95000,2026-08-04 14:52:28,sales_2026_08_04.csv,2026-08-04 14:52:28,3,95000.0
T003162,S004,C037,P012,4,12000,2026-08-04 16:21:22,sales_2026_08_04.csv,2026-08-04 16:21:22,4,12000.0
T003163,S003,C079,P029,2,32000,2026-08-04 16:57:59,sales_2026_08_04.csv,2026-08-04 16:57:59,2,32000.0
T003164,S003,C067,P027,2,18000,2026-08-04 17:05:10,sales_2026_08_04.csv,2026-08-04 17:05:10,2,18000.0
T003165,S004,C022,P011,1,75000,2026-08-04 08:17:18,sales_2026_08_04.csv,2026-08-04 08:17:18,1,75000.0
T003166,S004,C098,P011,1,75000,2026-08-04 18:53:59,sales_2026_08_04.csv,2026-08-04 18:53:59,1,75000.0
T003167,S005,C085,P005,1,120000,2026-08-04 18:19:58,sales_2026_08_04.csv,2026-08-04 18:19:58,1,120000.0
T003168,S004,C007,P021,3,10000,2026-08-04 09:36:23,sales_2026_08_04.csv,2026-08-04 09:36:23,3,10000.0
T003169,S002,C007,P007,4,165000,2026-08-04 09:35:10,sales_2026_08_04.csv,2026-08-04 09:35:10,4,165000.0
T003170,S002,C005,P008,1,390000,2026-08-04 14:19:50,sales_2026_08_04.csv,2026-08-04 14:19:50,1,390000.0
T003171,S003,C021,P016,2,95000,2026-08-04 11:11:56,sales_2026_08_04.csv,2026-08-04 11:11:56,2,95000.0
T003172,S004,C056,P023,1,22000,2026-08-04 14:41:04,sales_2026_08_04.csv,2026-08-04 14:41:04,1,22000.0
T003173,S004,C006,P004,1,25000,2026-08-04 10:41:44,sales_2026_08_04.csv,2026-08-04 10:41:44,1,25000.0
T003174,S003,C091,P015,3,30000,2026-08-04 13:21:07,sales_2026_08_04.csv,2026-08-04 13:21:07,3,30000.0
T003175,S004,C059,P018,3,25000,2026-08-04 10:22:43,sales_2026_08_04.csv,2026-08-04 10:22:43,3,25000.0
T003176,S001,C093,P016,3,95000,2026-08-04 16:21:33,sales_2026_08_04.csv,2026-08-04 16:21:33,3,95000.0
T003177,S002,C016,P028,2,28000,2026-08-04 10:49:29,sales_2026_08_04.csv,2026-08-04 10:49:29,2,28000.0
T003178,S001,C027,P012,3,12000,2026-08-04 14:22:02,sales_2026_08_04.csv,2026-08-04 14:22:02,3,12000.0
T003179,S003,C024,P028,1,28000,2026-08-04 14:12:58,sales_2026_08_04.csv,2026-08-04 14:12:58,1,28000.0
T003180,S002,C096,P027,1,18000,2026-08-04 14:15:25,sales_2026_08_04.csv,2026-08-04 14:15:25,1,18000.0
T003181,S003,C073,P017,4,85000,2026-08-04 13:54:28,sales_2026_08_04.csv,2026-08-04 13:54:28,4,85000.0
T003182,S005,C028,P029,4,32000,2026-08-04 11:24:24,sales_2026_08_04.csv,2026-08-04 11:24:24,4,32000.0
T003183,S001,C068,P019,4,55000,2026-08-04 16:56:25,sales_2026_08_04.csv,2026-08-04 16:56:25,4,55000.0
T003184,S005,C024,P025,4,210000,2026-08-04 16:09:27,sales_2026_08_04.csv,2026-08-04 16:09:27,4,210000.0
T003185,S001,C032,P014,3,7000,2026-08-04 13:46:30,sales_2026_08_04.csv,2026-08-04 13:46:30,3,7000.0
T003186,S004,C087,P025,4,210000,2026-08-04 17:19:48,sales_2026_08_04.csv,2026-08-04 17:19:48,4,210000.0
T003187,S003,C004,P004,2,25000,2026-08-04 08:56:31,sales_2026_08_04.csv,2026-08-04 08:56:31,2,25000.0
T003188,S001,C051,P010,1,8000,2026-08-04 10:34:05,sales_2026_08_04.csv,2026-08-04 10:34:05,1,8000.0
T003189,S005,C014,P012,1,12000,2026-08-04 10:19:35,sales_2026_08_04.csv,2026-08-04 10:19:35,1,12000.0
T003190,S003,C020,P027,1,18000,2026-08-04 18:47:29,sales_2026_08_04.csv,2026-08-04 18:47:29,1,18000.0
T003191,S001,C059,P001,1,450000,2026-08-04 14:53:44,sales_2026_08_04.csv,2026-08-04 14:53:44,1,450000.0
T003192,S004,C059,P027,2,18000,2026-08-04 09:54:58,sales_2026_08_04.csv,2026-08-04 09:54:58,2,18000.0
T003193,S003,C077,P021,3,10000,2026-08-04 18:40:33,sales_2026_08_04.csv,2026-08-04 18:40:33,3,10000.0
T003194,S001,C043,P022,4,18000,2026-08-04 18:43:39,sales_2026_08_04.csv,2026-08-04 18:43:39,4,18000.0
T003195,S005,C058,P002,3,520000,2026-08-04 15:24:33,sales_2026_08_04.csv,2026-08-04 15:24:33,3,520000.0
T003196,S005,C017,P011,1,75000,2026-08-04 17:22:35,sales_2026_08_04.csv,2026-08-04 17:22:35,1,75000.0
T003197,S001,C083,P007,3,165000,2026-08-04 10:47:39,sales_2026_08_04.csv,2026-08-04 10:47:39,3,165000.0
T003198,S003,C008,P010,2,8000,2026-08-04 14:43:11,sales_2026_08_04.csv,2026-08-04 14:43:11,2,8000.0
T003199,S001,C071,P024,1,40000,2026-08-04 16:59:49,sales_2026_08_04.csv,2026-08-04 16:59:49,1,40000.0
T003200,S004,C012,P020,2,180000,2026-08-04 08:49:29,sales_2026_08_04.csv,2026-08-04 08:49:29,2,180000.0
T003201,S003,C023,P013,2,35000,2026-08-04 17:11:36,sales_2026_08_04.csv,2026-08-04 17:11:36,2,35000.0
T003202,S004,C012,P008,2,390000,2026-08-04 13:55:51,sales_2026_08_04.csv,2026-08-04 13:55:51,2,390000.0
T003203,S002,C021,P001,4,450000,2026-08-04 08:22:14,sales_2026_08_04.csv,2026-08-04 08:22:14,4,450000.0
T003205,S002,C016,P021,3,10000,2026-08-04 10:04:08,sales_2026_08_04.csv,2026-08-04 10:04:08,3,10000.0
T003206,S004,C056,P010,1,8000,2026-08-04 16:40:16,sales_2026_08_04.csv,2026-08-04 16:40:16,1,8000.0
T003207,S003,C088,P024,4,40000,2026-08-04 18:47:40,sales_2026_08_04.csv,2026-08-04 18:47:40,4,40000.0
T003208,S002,C046,P020,3,180000,2026-08-04 13:07:28,sales_2026_08_04.csv,2026-08-04 13:07:28,3,180000.0
T003209,S001,C048,P022,1,18000,2026-08-04 11:14:50,sales_2026_08_04.csv,2026-08-04 11:14:50,1,18000.0
T003210,S002,C063,P017,3,85000,2026-08-04 11:48:25,sales_2026_08_04.csv,2026-08-04 11:48:25,3,85000.0
T003211,S004,C061,P015,2,30000,2026-08-04 09:50:55,sales_2026_08_04.csv,2026-08-04 09:50:55,2,30000.0
T003212,S005,C077,P009,2,45000,2026-08-04 10:37:03,sales_2026_08_04.csv,2026-08-04 10:37:03,2,45000.0
T003213,S001,C097,P014,1,7000,2026-08-04 09:27:05,sales_2026_08_04.csv,2026-08-04 09:27:05,1,7000.0
T003214,S003,C079,P014,3,7000,2026-08-04 12:01:50,sales_2026_08_04.csv,2026-08-04 12:01:50,3,7000.0
T003215,S004,C081,P006,1,280000,2026-08-04 13:39:26,sales_2026_08_04.csv,2026-08-04 13:39:26,1,280000.0
T003216,S001,C006,P014,1,7000,2026-08-04 08:10:11,sales_2026_08_04.csv,2026-08-04 08:10:11,1,7000.0
T003217,S003,C060,P017,1,85000,2026-08-04 12:56:01,sales_2026_08_04.csv,2026-08-04 12:56:01,1,85000.0
T003218,S002,C083,P022,4,18000,2026-08-04 10:39:30,sales_2026_08_04.csv,2026-08-04 10:39:30,4,18000.0
T003219,S002,C064,P022,2,18000,2026-08-04 10:40:09,sales_2026_08_04.csv,2026-08-04 10:40:09,2,18000.0
T003220,S005,C011,P017,2,85000,2026-08-04 15:53:26,sales_2026_08_04.csv,2026-08-04 15:53:26,2,85000.0
T003221,S004,C056,P010,2,8000,2026-08-04 15:13:59,sales_2026_08_04.csv,2026-08-04 15:13:59,2,8000.0
T003222,S004,C039,P003,4,15000,2026-08-04 18:24:28,sales_2026_08_04.csv,2026-08-04 18:24:28,4,15000.0
T003223,S002,C088,P005,3,120000,2026-08-04 15:50:44,sales_2026_08_04.csv,2026-08-04 15:50:44,3,120000.0
T003224,S003,C032,P029,4,32000,2026-08-04 16:39:12,sales_2026_08_04.csv,2026-08-04 16:39:12,4,32000.0
T003225,S004,C038,P017,2,85000,2026-08-04 09:27:08,sales_2026_08_04.csv,2026-08-04 09:27:08,2,85000.0
T003226,S001,C071,P019,1,55000,2026-08-04 17:42:09,sales_2026_08_04.csv,2026-08-04 17:42:09,1,55000.0
T003227,S001,C066,P003,3,15000,2026-08-04 11:15:35,sales_2026_08_04.csv,2026-08-04 11:15:35,3,15000.0
T003228,S005,C055,P004,2,25000,2026-08-04 11:05:54,sales_2026_08_04.csv,2026-08-04 11:05:54,2,25000.0
T003229,S001,C060,P014,4,7000,2026-08-04 14:44:11,sales_2026_08_04.csv,2026-08-04 14:44:11,4,7000.0
T003230,S005,C033,P022,4,18000,2026-08-04 11:19:10,sales_2026_08_04.csv,2026-08-04 11:19:10,4,18000.0
T003231,S003,C075,P012,2,12000,2026-08-04 09:20:20,sales_2026_08_04.csv,2026-08-04 09:20:20,2,12000.0
T003232,S005,C003,P003,4,15000,2026-08-04 13:37:49,sales_2026_08_04.csv,2026-08-04 13:37:49,4,15000.0
T003233,S004,C023,P004,3,25000,2026-08-04 12:33:01,sales_2026_08_04.csv,2026-08-04 12:33:01,3,25000.0
T003234,S002,C051,P026,2,30000,2026-08-04 18:25:56,sales_2026_08_04.csv,2026-08-04 18:25:56,2,30000.0
T003235,S001,C054,P002,2,520000,2026-08-04 15:25:20,sales_2026_08_04.csv,2026-08-04 15:25:20,2,520000.0
T003236,S003,C041,P029,1,32000,2026-08-04 11:02:06,sales_2026_08_04.csv,2026-08-04 11:02:06,1,32000.0
T003237,S004,C097,P019,4,55000,2026-08-04 08:57:58,sales_2026_08_04.csv,2026-08-04 08:57:58,4,55000.0
T003238,S004,C080,P022,1,18000,2026-08-04 16:54:29,sales_2026_08_04.csv,2026-08-04 16:54:29,1,18000.0
T003239,S003,C044,P026,2,30000,2026-08-04 11:00:45,sales_2026_08_04.csv,2026-08-04 11:00:45,2,30000.0
T003240,S002,C028,P030,3,50000,2026-08-04 10:08:38,sales_2026_08_04.csv,2026-08-04 10:08:38,3,50000.0
T003241,S001,C096,P006,1,280000,2026-08-04 08:02:56,sales_2026_08_04.csv,2026-08-04 08:02:56,1,280000.0
T003242,S003,C087,P020,1,180000,2026-08-04 09:44:37,sales_2026_08_04.csv,2026-08-04 09:44:37,1,180000.0
T003243,S004,C069,P004,3,25000,2026-08-04 11:16:38,sales_2026_08_04.csv,2026-08-04 11:16:38,3,25000.0
T003244,S001,C051,P001,1,450000,2026-08-04 08:09:31,sales_2026_08_04.csv,2026-08-04 08:09:31,1,450000.0
T003245,S001,C022,P004,2,25000,2026-08-04 17:14:29,sales_2026_08_04.csv,2026-08-04 17:14:29,2,25000.0
T003246,S004,C059,P021,2,10000,2026-08-04 08:42:08,sales_2026_08_04.csv,2026-08-04 08:42:08,2,10000.0
T003247,S004,C085,P023,1,22000,2026-08-04 13:29:34,sales_2026_08_04.csv,2026-08-04 13:29:34,1,22000.0
T003248,S005,C093,P024,1,40000,2026-08-04 18:45:47,sales_2026_08_04.csv,2026-08-04 18:45:47,1,40000.0
T003249,S003,C080,P016,4,95000,2026-08-04 11:47:25,sales_2026_08_04.csv,2026-08-04 11:47:25,4,95000.0
T003250,S005,C047,P027,4,18000,2026-08-04 11:34:30,sales_2026_08_04.csv,2026-08-04 11:34:30,4,18000.0
T003251,S004,C039,P023,1,22000,2026-08-04 18:19:16,sales_2026_08_04.csv,2026-08-04 18:19:16,1,22000.0
T003252,S002,C018,P003,4,15000,2026-08-04 11:26:21,sales_2026_08_04.csv,2026-08-04 11:26:21,4,15000.0
T003253,S002,C015,P001,3,450000,04/08/2026,sales_2026_08_04.csv,2026-08-04 00:00:00,3,450000.0
T003254,S001,C090,P027,3,18000,2026-08-04 15:35:28,sales_2026_08_04.csv,2026-08-04 15:35:28,3,18000.0
T003255,S001,C027,P007,3,165000,2026-08-04 14:15:21,sales_2026_08_04.csv,2026-08-04 14:15:21,3,165000.0
T003256,S002,C084,P016,3,95000,2026-08-04 14:06:19,sales_2026_08_04.csv,2026-08-04 14:06:19,3,95000.0
T003257,S004,C081,P008,4,390000,2026-08-04 09:58:31,sales_2026_08_04.csv,2026-08-04 09:58:31,4,390000.0
T003258,S005,C025,P028,2,28000,2026-08-04 12:34:49,sales_2026_08_04.csv,2026-08-04 12:34:49,2,28000.0
T003259,S003,C099,P003,3,15000,2026-08-04 09:33:46,sales_2026_08_04.csv,2026-08-04 09:33:46,3,15000.0
T003260,S002,C061,P015,2,30000,2026-08-04 18:29:43,sales_2026_08_04.csv,2026-08-04 18:29:43,2,30000.0
T003261,S001,C015,P014,1,7000,2026-08-04 14:59:18,sales_2026_08_04.csv,2026-08-04 14:59:18,1,7000.0
T003262,S002,C095,P006,3,280000,2026-08-04 13:13:10,sales_2026_08_04.csv,2026-08-04 13:13:10,3,280000.0
T003263,S004,C063,P023,1,22000,2026-08-04 08:22:40,sales_2026_08_04.csv,2026-08-04 08:22:40,1,22000.0
T003264,S001,C058,P016,2,95000,2026-08-04 09:07:39,sales_2026_08_04.csv,2026-08-04 09:07:39,2,95000.0
T003265,S002,C026,P019,1,55000,2026-08-04 09:45:40,sales_2026_08_04.csv,2026-08-04 09:45:40,1,55000.0
T003266,S005,C051,P010,1,8000,2026-08-04 17:13:23,sales_2026_08_04.csv,2026-08-04 17:13:23,1,8000.0
T003267,S003,C002,P002,3,520000,2026-08-04 08:20:04,sales_2026_08_04.csv,2026-08-04 08:20:04,3,520000.0
T003268,S004,C054,P004,3,25000,2026-08-04 09:30:13,sales_2026_08_04.csv,2026-08-04 09:30:13,3,25000.0
T003269,S004,C095,P028,2,28000,2026-08-04 08:25:06,sales_2026_08_04.csv,2026-08-04 08:25:06,2,28000.0
T003270,S005,C094,P019,1,55000,2026-08-04 09:27:30,sales_2026_08_04.csv,2026-08-04 09:27:30,1,55000.0
T003271,S003,C005,P018,2,25000,2026-08-04 13:05:38,sales_2026_08_04.csv,2026-08-04 13:05:38,2,25000.0
T003272,S004,C063,P016,2,95000,2026-08-04 14:49:18,sales_2026_08_04.csv,2026-08-04 14:49:18,2,95000.0
T003273,S005,C093,P017,3,85000,2026-08-04 16:00:57,sales_2026_08_04.csv,2026-08-04 16:00:57,3,85000.0
T003274,S004,C030,P020,3,180000,2026-08-04 14:00:04,sales_2026_08_04.csv,2026-08-04 14:00:04,3,180000.0
T003275,S001,C068,P023,2,22000,2026-08-04 10:37:02,sales_2026_08_04.csv,2026-08-04 10:37:02,2,22000.0
T003276,S004,C074,P001,2,450000,2026-08-04 08:06:39,sales_2026_08_04.csv,2026-08-04 08:06:39,2,450000.0
T003277,S005,C009,P011,4,75000,2026-08-04 12:04:15,sales_2026_08_04.csv,2026-08-04 12:04:15,4,75000.0
T003278,S004,C061,P009,4,45000,2026-08-04 18:31:25,sales_2026_08_04.csv,2026-08-04 18:31:25,4,45000.0
T003279,S004,C080,P004,2,25000,2026-08-04 17:28:48,sales_2026_08_04.csv,2026-08-04 17:28:48,2,25000.0
T003280,S003,C058,P021,2,10000,2026-08-04 09:27:18,sales_2026_08_04.csv,2026-08-04 09:27:18,2,10000.0
T003281,S004,C003,P023,1,22000,2026-08-04 09:29:30,sales_2026_08_04.csv,2026-08-04 09:29:30,1,22000.0
T003282,S003,C093,P006,4,280000,2026-08-04 13:13:34,sales_2026_08_04.csv,2026-08-04 13:13:34,4,280000.0
T003283,S004,C045,P007,2,165000,2026-08-04 12:54:24,sales_2026_08_04.csv,2026-08-04 12:54:24,2,165000.0
T003284,S002,C065,P015,2,30000,2026-08-04 17:34:33,sales_2026_08_04.csv,2026-08-04 17:34:33,2,30000.0
T003285,S005,C088,P008,4,390000,2026-08-04 08:56:02,sales_2026_08_04.csv,2026-08-04 08:56:02,4,390000.0
T003286,S005,C092,P011,3,75000,2026-08-04 11:41:29,sales_2026_08_04.csv,2026-08-04 11:41:29,3,75000.0
T003287,S004,C017,P022,1,18000,2026-08-04 18:08:39,sales_2026_08_04.csv,2026-08-04 18:08:39,1,18000.0
T003288,S003,C093,P029,1,32000,2026-08-04 10:15:53,sales_2026_08_04.csv,2026-08-04 10:15:53,1,32000.0
T003289,S004,C054,P023,1,22000,2026-08-04 13:11:02,sales_2026_08_04.csv,2026-08-04 13:11:02,1,22000.0
T003290,S003,C061,P027,3,18000,2026-08-04 11:31:38,sales_2026_08_04.csv,2026-08-04 11:31:38,3,18000.0
T003291,S002,C080,P026,1,30000,2026-08-04 09:16:39,sales_2026_08_04.csv,2026-08-04 09:16:39,1,30000.0
T003292,S003,C089,P007,4,165000,2026-08-04 16:51:54,sales_2026_08_04.csv,2026-08-04 16:51:54,4,165000.0
T003293,S001,C086,P024,4,40000,2026-08-04 13:50:19,sales_2026_08_04.csv,2026-08-04 13:50:19,4,40000.0
T003294,S002,C023,P016,3,95000,2026-08-04 16:38:45,sales_2026_08_04.csv,2026-08-04 16:38:45,3,95000.0
T003295,S002,C078,P007,3,165000,2026-08-04 12:48:03,sales_2026_08_04.csv,2026-08-04 12:48:03,3,165000.0
T003296,S001,C054,P016,2,95000,2026-08-04 13:20:26,sales_2026_08_04.csv,2026-08-04 13:20:26,2,95000.0
T003297,S003,C031,P016,1,95000,2026-08-04 10:07:00,sales_2026_08_04.csv,2026-08-04 10:07:00,1,95000.0
T003298,S005,C007,P007,3,165000,2026-08-04 17:32:54,sales_2026_08_04.csv,2026-08-04 17:32:54,3,165000.0
T003300,S002,C023,P012,1,12000,2026-08-04 16:42:26,sales_2026_08_04.csv,2026-08-04 16:42:26,1,12000.0
T003301,S005,C005,P027,2,18000,2026-08-04 11:35:39,sales_2026_08_04.csv,2026-08-04 11:35:39,2,18000.0
T003302,S001,C044,P026,1,30000,2026-08-04 18:41:54,sales_2026_08_04.csv,2026-08-04 18:41:54,1,30000.0
T003303,S001,C080,P014,2,7000,2026-08-04 16:46:18,sales_2026_08_04.csv,2026-08-04 16:46:18,2,7000.0
T003304,S001,C072,P008,3,390000,2026-08-04 09:33:34,sales_2026_08_04.csv,2026-08-04 09:33:34,3,390000.0
T003305,S004,C034,P008,4,390000,2026-08-04 14:03:12,sales_2026_08_04.csv,2026-08-04 14:03:12,4,390000.0
T003306,S003,C099,P011,3,75000,2026-08-04 10:12:12,sales_2026_08_04.csv,2026-08-04 10:12:12,3,75000.0
T003307,S005,C035,P002,4,520000,2026-08-04 18:14:54,sales_2026_08_04.csv,2026-08-04 18:14:54,4,520000.0
T003308,S002,C089,P029,2,32000,2026-08-04 09:01:02,sales_2026_08_04.csv,2026-08-04 09:01:02,2,32000.0
T003309,S005,C078,P028,4,28000,2026-08-04 17:45:40,sales_2026_08_04.csv,2026-08-04 17:45:40,4,28000.0
T003310,S001,C091,P022,3,18000,2026-08-04 14:22:14,sales_2026_08_04.csv,2026-08-04 14:22:14,3,18000.0
T003311,S004,C059,P002,1,520000,2026-08-04 08:44:31,sales_2026_08_04.csv,2026-08-04 08:44:31,1,520000.0
T003312,S001,C014,P027,4,18000,2026-08-04 13:18:45,sales_2026_08_04.csv,2026-08-04 13:18:45,4,18000.0
T003313,S005,C079,P026,2,30000,2026-08-04 15:37:32,sales_2026_08_04.csv,2026-08-04 15:37:32,2,30000.0
T003314,S001,C072,P026,1,30000,2026-08-04 08:52:45,sales_2026_08_04.csv,2026-08-04 08:52:45,1,30000.0
T003315,S005,C014,P002,1,520000,2026-08-04 12:57:25,sales_2026_08_04.csv,2026-08-04 12:57:25,1,520000.0
T003316,S001,C027,P006,2,280000,2026-08-04 10:03:38,sales_2026_08_04.csv,2026-08-04 10:03:38,2,280000.0
T003317,S003,C021,P030,2,50000,2026-08-04 11:40:22,sales_2026_08_04.csv,2026-08-04 11:40:22,2,50000.0
T003318,S003,C091,P024,3,40000,2026-08-04 14:11:24,sales_2026_08_04.csv,2026-08-04 14:11:24,3,40000.0
T003319,S005,C064,P015,4,30000,2026-08-04 16:52:28,sales_2026_08_04.csv,2026-08-04 16:52:28,4,30000.0
T003320,S001,C020,P024,2,40000,2026-08-04 17:55:45,sales_2026_08_04.csv,2026-08-04 17:55:45,2,40000.0
T003321,S003,C043,P021,3,10000,2026-08-04 10:03:52,sales_2026_08_04.csv,2026-08-04 10:03:52,3,10000.0
T003322,S002,C016,P027,2,18000,2026-08-04 16:09:33,sales_2026_08_04.csv,2026-08-04 16:09:33,2,18000.0
T003323,S002,C057,P028,4,28000,2026-08-04 12:06:55,sales_2026_08_04.csv,2026-08-04 12:06:55,4,28000.0
T003324,S001,C032,P014,1,7000,2026-08-04 10:06:38,sales_2026_08_04.csv,2026-08-04 10:06:38,1,7000.0
T003325,S004,C044,P027,1,18000,2026-08-04 15:41:10,sales_2026_08_04.csv,2026-08-04 15:41:10,1,18000.0
T003326,S005,C022,P010,3,8000,2026-08-04 12:57:46,sales_2026_08_04.csv,2026-08-04 12:57:46,3,8000.0
T003327,S003,C048,P003,3,15000,2026-08-04 17:06:55,sales_2026_08_04.csv,2026-08-04 17:06:55,3,15000.0
T003328,S004,C047,P023,4,22000,2026-08-04 09:30:30,sales_2026_08_04.csv,2026-08-04 09:30:30,4,22000.0
T003329,S002,C020,P021,3,10000,2026-08-04 17:42:27,sales_2026_08_04.csv,2026-08-04 17:42:27,3,10000.0
T003330,S005,C054,P025,4,210000,2026-08-04 11:37:24,sales_2026_08_04.csv,2026-08-04 11:37:24,4,210000.0
T003331,S002,C018,P026,2,30000,2026-08-04 17:47:31,sales_2026_08_04.csv,2026-08-04 17:47:31,2,30000.0
T003332,S004,C053,P026,1,30000,2026-08-04 13:46:46,sales_2026_08_04.csv,2026-08-04 13:46:46,1,30000.0
T003333,S004,C059,P030,1,50000,2026-08-04 17:50:25,sales_2026_08_04.csv,2026-08-04 17:50:25,1,50000.0
T003334,S005,C088,P028,1,28000,2026-08-04 08:15:26,sales_2026_08_04.csv,2026-08-04 08:15:26,1,28000.0
T003335,S001,C057,P012,2,12000,2026-08-04 10:12:06,sales_2026_08_04.csv,2026-08-04 10:12:06,2,12000.0
T003336,S001,C092,P005,2,120000,2026-08-04 11:17:42,sales_2026_08_04.csv,2026-08-04 11:17:42,2,120000.0
T003337,S005,C009,P026,2,30000,2026-08-04 14:12:50,sales_2026_08_04.csv,2026-08-04 14:12:50,2,30000.0
T003338,S003,C041,P003,3,15000,2026-08-04 18:17:03,sales_2026_08_04.csv,2026-08-04 18:17:03,3,15000.0
T003339,S002,C056,P013,2,35000,2026-08-04 14:12:23,sales_2026_08_04.csv,2026-08-04 14:12:23,2,35000.0
T003340,S004,C098,P002,3,520000,2026-08-04 09:54:59,sales_2026_08_04.csv,2026-08-04 09:54:59,3,520000.0
T003341,S002,C074,P002,3,520000,2026-08-04 17:28:51,sales_2026_08_04.csv,2026-08-04 17:28:51,3,520000.0
T003342,S005,C038,P002,2,520000,2026-08-04 09:57:42,sales_2026_08_04.csv,2026-08-04 09:57:42,2,520000.0
T003343,S004,C088,P014,2,7000,2026-08-04 11:01:31,sales_2026_08_04.csv,2026-08-04 11:01:31,2,7000.0
T003344,S005,C039,P023,3,22000,2026-08-04 17:30:03,sales_2026_08_04.csv,2026-08-04 17:30:03,3,22000.0
T003345,S003,C045,P024,3,40000,2026-08-04 09:22:50,sales_2026_08_04.csv,2026-08-04 09:22:50,3,40000.0
T003346,S003,C068,P001,2,450000,2026-08-04 15:34:56,sales_2026_08_04.csv,2026-08-04 15:34:56,2,450000.0
T003347,S002,C090,P020,2,180000,2026-08-04 14:27:01,sales_2026_08_04.csv,2026-08-04 14:27:01,2,180000.0
T003348,S004,C083,P013,3,35000,2026-08-04 11:37:15,sales_2026_08_04.csv,2026-08-04 11:37:15,3,35000.0
T003349,S005,C080,P007,3,165000,04/08/2026,sales_2026_08_04.csv,2026-08-04 00:00:00,3,165000.0
T003350,S005,C084,P026,1,30000,2026-08-04 12:05:38,sales_2026_08_04.csv,2026-08-04 12:05:38,1,30000.0
T003351,S003,C084,P015,2,30000,2026-08-04 08:01:34,sales_2026_08_04.csv,2026-08-04 08:01:34,2,30000.0
T003352,S002,C039,P013,4,35000,2026-08-04 13:48:24,sales_2026_08_04.csv,2026-08-04 13:48:24,4,35000.0
T003353,S001,C069,P003,1,15000,2026-08-04 17:32:52,sales_2026_08_04.csv,2026-08-04 17:32:52,1,15000.0
T003354,S004,C093,P011,4,75000,2026-08-04 08:07:57,sales_2026_08_04.csv,2026-08-04 08:07:57,4,75000.0
T003355,S002,C067,P024,1,40000,2026-08-04 12:00:06,sales_2026_08_04.csv,2026-08-04 12:00:06,1,40000.0
T003356,S003,C028,P018,3,25000,2026-08-04 15:59:00,sales_2026_08_04.csv,2026-08-04 15:59:00,3,25000.0
T003357,S005,C071,P003,2,15000,2026-08-04 14:43:44,sales_2026_08_04.csv,2026-08-04 14:43:44,2,15000.0
T003358,S005,C044,P010,1,8000,2026-08-04 15:14:38,sales_2026_08_04.csv,2026-08-04 15:14:38,1,8000.0
T003359,S002,C003,P025,4,210000,2026-08-04 13:47:17,sales_2026_08_04.csv,2026-08-04 13:47:17,4,210000.0
T003360,S005,C076,P001,2,450000,2026-08-04 11:16:05,sales_2026_08_04.csv,2026-08-04 11:16:05,2,450000.0
T003361,S002,C100,P009,4,45000,2026-08-04 08:21:54,sales_2026_08_04.csv,2026-08-04 08:21:54,4,45000.0
T003362,S004,C065,P010,2,8000,2026-08-04 09:31:32,sales_2026_08_04.csv,2026-08-04 09:31:32,2,8000.0
T003363,S001,C048,P004,4,25000,2026-08-04 13:18:31,sales_2026_08_04.csv,2026-08-04 13:18:31,4,25000.0
T003364,S005,C046,P009,4,45000,2026-08-04 15:19:00,sales_2026_08_04.csv,2026-08-04 15:19:00,4,45000.0
T003365,S001,C097,P004,3,25000,2026-08-04 13:41:31,sales_2026_08_04.csv,2026-08-04 13:41:31,3,25000.0
T003366,S001,C058,P021,1,10000,2026-08-04 14:10:57,sales_2026_08_04.csv,2026-08-04 14:10:57,1,10000.0
T003367,S005,C095,P010,3,8000,2026-08-04 18:37:07,sales_2026_08_04.csv,2026-08-04 18:37:07,3,8000.0
T003368,S004,C044,P001,3,450000,2026-08-04 18:19:37,sales_2026_08_04.csv,2026-08-04 18:19:37,3,450000.0
T003369,S005,C073,P008,4,390000,2026-08-04 13:44:53,sales_2026_08_04.csv,2026-08-04 13:44:53,4,390000.0
T003370,S005,C077,P023,2,22000,2026-08-04 09:34:11,sales_2026_08_04.csv,2026-08-04 09:34:11,2,22000.0
T003371,S003,C039,P008,2,390000,2026-08-04 17:40:12,sales_2026_08_04.csv,2026-08-04 17:40:12,2,390000.0
T003372,S005,C087,P010,1,8000,2026-08-04 12:22:03,sales_2026_08_04.csv,2026-08-04 12:22:03,1,8000.0
T003373,S004,C067,P005,3,120000,2026-08-04 10:38:48,sales_2026_08_04.csv,2026-08-04 10:38:48,3,120000.0
T003374,S002,C014,P024,4,40000,2026-08-04 15:08:39,sales_2026_08_04.csv,2026-08-04 15:08:39,4,40000.0
T003375,S005,C075,P011,1,75000,2026-08-04 10:43:08,sales_2026_08_04.csv,2026-08-04 10:43:08,1,75000.0
T003376,S003,C059,P007,3,165000,2026-08-04 17:29:42,sales_2026_08_04.csv,2026-08-04 17:29:42,3,165000.0
T003377,S002,C092,P004,4,25000,2026-08-04 17:21:46,sales_2026_08_04.csv,2026-08-04 17:21:46,4,25000.0
T003378,S004,C011,P014,1,7000,2026-08-04 16:01:35,sales_2026_08_04.csv,2026-08-04 16:01:35,1,7000.0
T003379,S001,C055,P003,1,15000,2026-08-04 08:50:31,sales_2026_08_04.csv,2026-08-04 08:50:31,1,15000.0
T003380,S002,C061,P029,3,32000,2026-08-04 13:15:35,sales_2026_08_04.csv,2026-08-04 13:15:35,3,32000.0
T003381,S004,C010,P007,3,165000,2026-08-04 17:21:58,sales_2026_08_04.csv,2026-08-04 17:21:58,3,165000.0
T003382,S005,C052,P012,1,12000,2026-08-04 13:48:10,sales_2026_08_04.csv,2026-08-04 13:48:10,1,12000.0
T003383,S005,C067,P019,4,55000,2026-08-04 12:50:35,sales_2026_08_04.csv,2026-08-04 12:50:35,4,55000.0
T003384,S004,C034,P025,3,210000,2026-08-04 13:28:34,sales_2026_08_04.csv,2026-08-04 13:28:34,3,210000.0
T003385,S004,C082,P019,4,55000,2026-08-04 08:32:55,sales_2026_08_04.csv,2026-08-04 08:32:55,4,55000.0
T003386,S004,C089,P014,4,7000,2026-08-04 16:58:48,sales_2026_08_04.csv,2026-08-04 16:58:48,4,7000.0
T003387,S004,C094,P030,4,50000,2026-08-04 12:32:06,sales_2026_08_04.csv,2026-08-04 12:32:06,4,50000.0
T003388,S002,C019,P014,3,7000,2026-08-04 12:03:31,sales_2026_08_04.csv,2026-08-04 12:03:31,3,7000.0
T003389,S002,C063,P017,2,85000,2026-08-04 17:37:47,sales_2026_08_04.csv,2026-08-04 17:37:47,2,85000.0
T003390,S004,C017,P023,3,22000,2026-08-04 15:57:24,sales_2026_08_04.csv,2026-08-04 15:57:24,3,22000.0
T003391,S005,C068,P023,1,22000,2026-08-04 16:40:41,sales_2026_08_04.csv,2026-08-04 16:40:41,1,22000.0
T003392,S002,C059,P004,3,25000,2026-08-04 18:58:25,sales_2026_08_04.csv,2026-08-04 18:58:25,3,25000.0
T003393,S001,C096,P016,1,95000,2026-08-04 13:56:25,sales_2026_08_04.csv,2026-08-04 13:56:25,1,95000.0
T003394,S005,C048,P006,3,280000,2026-08-04 13:55:20,sales_2026_08_04.csv,2026-08-04 13:55:20,3,280000.0
T003395,S001,C078,P030,1,50000,2026-08-04 13:12:15,sales_2026_08_04.csv,2026-08-04 13:12:15,1,50000.0
T003396,S004,C015,P028,2,28000,2026-08-04 14:47:27,sales_2026_08_04.csv,2026-08-04 14:47:27,2,28000.0
T003397,S003,C074,P004,1,25000,2026-08-04 12:47:08,sales_2026_08_04.csv,2026-08-04 12:47:08,1,25000.0
T003398,S001,C067,P010,3,8000,04/08/2026,sales_2026_08_04.csv,2026-08-04 00:00:00,3,8000.0
T003399,S001,C048,P005,4,120000,2026-08-04 15:52:23,sales_2026_08_04.csv,2026-08-04 15:52:23,4,120000.0
T003400,S003,C039,P010,1,8000,2026-08-04 08:42:43,sales_2026_08_04.csv,2026-08-04 08:42:43,1,8000.0
T003401,S004,C004,P010,4,8000,2026-08-04 11:06:59,sales_2026_08_04.csv,2026-08-04 11:06:59,4,8000.0
T003402,S002,C019,P026,4,30000,2026-08-04 13:29:30,sales_2026_08_04.csv,2026-08-04 13:29:30,4,30000.0
T003403,S005,C054,P026,2,30000,2026-08-04 11:00:32,sales_2026_08_04.csv,2026-08-04 11:00:32,2,30000.0
T003404,S003,C037,P002,3,520000,2026-08-04 09:12:25,sales_2026_08_04.csv,2026-08-04 09:12:25,3,520000.0
T003405,S002,C095,P007,2,165000,2026-08-04 11:48:15,sales_2026_08_04.csv,2026-08-04 11:48:15,2,165000.0
T003406,S001,C016,P016,1,95000,2026-08-04 11:52:51,sales_2026_08_04.csv,2026-08-04 11:52:51,1,95000.0
T003407,S003,C009,P018,3,25000,2026-08-04 15:27:11,sales_2026_08_04.csv,2026-08-04 15:27:11,3,25000.0
T003408,S001,C054,P028,1,28000,2026-08-04 17:35:46,sales_2026_08_04.csv,2026-08-04 17:35:46,1,28000.0
T003409,S005,C040,P016,4,95000,2026-08-04 15:36:42,sales_2026_08_04.csv,2026-08-04 15:36:42,4,95000.0
T003410,S004,C044,P019,4,55000,2026-08-04 12:42:26,sales_2026_08_04.csv,2026-08-04 12:42:26,4,55000.0
T003411,S004,C061,P026,4,30000,2026-08-04 15:59:59,sales_2026_08_04.csv,2026-08-04 15:59:59,4,30000.0
T003412,S005,C017,P027,3,18000,2026-08-04 09:58:28,sales_2026_08_04.csv,2026-08-04 09:58:28,3,18000.0
T003413,S002,C065,P025,3,210000,2026-08-04 17:54:53,sales_2026_08_04.csv,2026-08-04 17:54:53,3,210000.0
T003414,S004,C098,P021,4,10000,2026-08-04 12:55:43,sales_2026_08_04.csv,2026-08-04 12:55:43,4,10000.0
T003415,S004,C020,P015,1,30000,2026-08-04 16:13:21,sales_2026_08_04.csv,2026-08-04 16:13:21,1,30000.0
T003416,S003,C012,P028,1,28000,2026-08-04 09:39:43,sales_2026_08_04.csv,2026-08-04 09:39:43,1,28000.0
T003417,S005,C086,P026,3,30000,2026-08-04 18:53:32,sales_2026_08_04.csv,2026-08-04 18:53:32,3,30000.0
T003418,S004,C050,P020,2,180000,2026-08-04 12:52:35,sales_2026_08_04.csv,2026-08-04 12:52:35,2,180000.0
T003419,S004,C044,P008,2,390000,2026-08-04 12:50:43,sales_2026_08_04.csv,2026-08-04 12:50:43,2,390000.0
T003420,S001,C086,P018,1,25000,2026-08-04 14:32:31,sales_2026_08_04.csv,2026-08-04 14:32:31,1,25000.0
T003421,S004,C095,P029,3,32000,2026-08-04 11:28:16,sales_2026_08_04.csv,2026-08-04 11:28:16,3,32000.0
T003422,S001,C022,P009,2,45000,2026-08-04 16:22:39,sales_2026_08_04.csv,2026-08-04 16:22:39,2,45000.0
T003423,S001,C074,P023,1,22000,2026-08-04 08:31:03,sales_2026_08_04.csv,2026-08-04 08:31:03,1,22000.0
T003424,S003,C072,P021,1,10000,2026-08-04 17:41:57,sales_2026_08_04.csv,2026-08-04 17:41:57,1,10000.0
T003425,S001,C083,P021,2,10000,2026-08-04 09:07:12,sales_2026_08_04.csv,2026-08-04 09:07:12,2,10000.0
T003426,S001,C025,P018,4,25000,2026-08-04 09:38:05,sales_2026_08_04.csv,2026-08-04 09:38:05,4,25000.0
T003427,S005,C074,P020,2,180000,2026-08-04 08:13:39,sales_2026_08_04.csv,2026-08-04 08:13:39,2,180000.0
T003428,S001,C073,P025,3,210000,2026-08-04 15:41:32,sales_2026_08_04.csv,2026-08-04 15:41:32,3,210000.0
T003429,S002,C097,P017,4,85000,2026-08-04 10:53:36,sales_2026_08_04.csv,2026-08-04 10:53:36,4,85000.0
T003430,S005,C003,P016,2,95000,2026-08-04 18:19:09,sales_2026_08_04.csv,2026-08-04 18:19:09,2,95000.0
T003431,S005,C024,P004,4,25000,2026-08-04 08:24:31,sales_2026_08_04.csv,2026-08-04 08:24:31,4,25000.0
T003432,S003,C027,P001,3,450000,2026-08-04 16:56:24,sales_2026_08_04.csv,2026-08-04 16:56:24,3,450000.0
T003433,S005,C057,P008,3,390000,2026-08-04 15:02:20,sales_2026_08_04.csv,2026-08-04 15:02:20,3,390000.0
T003434,S005,C078,P003,1,15000,2026-08-04 08:19:50,sales_2026_08_04.csv,2026-08-04 08:19:50,1,15000.0
T003435,S004,C076,P011,1,75000,2026-08-04 09:44:55,sales_2026_08_04.csv,2026-08-04 09:44:55,1,75000.0
T003436,S004,C003,P002,4,520000,2026-08-04 14:58:40,sales_2026_08_04.csv,2026-08-04 14:58:40,4,520000.0
T003437,S004,C024,P011,4,75000,2026-08-04 11:15:05,sales_2026_08_04.csv,2026-08-04 11:15:05,4,75000.0
T003438,S001,C068,P014,4,7000,2026-08-04 10:11:17,sales_2026_08_04.csv,2026-08-04 10:11:17,4,7000.0
T003439,S004,C033,P011,4,75000,2026-08-04 08:20:19,sales_2026_08_04.csv,2026-08-04 08:20:19,4,75000.0
T003440,S001,C013,P003,1,15000,2026-08-04 08:52:04,sales_2026_08_04.csv,2026-08-04 08:52:04,1,15000.0
T003441,S002,C037,P018,4,25000,2026-08-04 10:49:56,sales_2026_08_04.csv,2026-08-04 10:49:56,4,25000.0
T003442,S002,C033,P005,2,120000,2026-08-04 13:11:03,sales_2026_08_04.csv,2026-08-04 13:11:03,2,120000.0
T003443,S001,C020,P025,4,210000,2026-08-04 11:50:09,sales_2026_08_04.csv,2026-08-04 11:50:09,4,210000.0
T003444,S004,C087,P010,1,8000,2026-08-04 12:15:04,sales_2026_08_04.csv,2026-08-04 12:15:04,1,8000.0
T003445,S001,C079,P006,2,280000,2026-08-04 16:02:22,sales_2026_08_04.csv,2026-08-04 16:02:22,2,280000.0
T003446,S002,C004,P011,4,75000,2026-08-04 09:00:41,sales_2026_08_04.csv,2026-08-04 09:00:41,4,75000.0
T003447,S001,C039,P023,4,22000,04/08/2026,sales_2026_08_04.csv,2026-08-04 00:00:00,4,22000.0
T003448,S001,C041,P013,3,35000,2026-08-04 12:16:55,sales_2026_08_04.csv,2026-08-04 12:16:55,3,35000.0
T003449,S004,C042,P005,2,120000,2026-08-04 13:18:54,sales_2026_08_04.csv,2026-08-04 13:18:54,2,120000.0
T003450,S004,C016,P009,2,45000,2026-08-04 16:43:57,sales_2026_08_04.csv,2026-08-04 16:43:57,2,45000.0
T003451,S002,C031,P002,4,520000,2026-08-04 16:58:25,sales_2026_08_04.csv,2026-08-04 16:58:25,4,520000.0
T003452,S005,C076,P025,2,210000,2026-08-04 13:32:10,sales_2026_08_04.csv,2026-08-04 13:32:10,2,210000.0
T003453,S004,C066,P008,2,390000,2026-08-04 16:43:44,sales_2026_08_04.csv,2026-08-04 16:43:44,2,390000.0
T003454,S005,C050,P025,3,210000,2026-08-04 13:08:57,sales_2026_08_04.csv,2026-08-04 13:08:57,3,210000.0
T003455,S003,C008,P004,2,25000,2026-08-04 12:07:31,sales_2026_08_04.csv,2026-08-04 12:07:31,2,25000.0
T003456,S004,C071,P011,3,75000,2026-08-04 15:34:44,sales_2026_08_04.csv,2026-08-04 15:34:44,3,75000.0
T003457,S001,C062,P014,2,7000,2026-08-04 16:52:23,sales_2026_08_04.csv,2026-08-04 16:52:23,2,7000.0
T003458,S004,C082,P001,4,450000,2026-08-04 12:43:11,sales_2026_08_04.csv,2026-08-04 12:43:11,4,450000.0
T003459,S001,C035,P008,4,390000,2026-08-04 09:54:12,sales_2026_08_04.csv,2026-08-04 09:54:12,4,390000.0
T003460,S005,C087,P018,4,25000,2026-08-04 11:14:06,sales_2026_08_04.csv,2026-08-04 11:14:06,4,25000.0
T003461,S002,C098,P004,3,25000,2026-08-04 11:07:09,sales_2026_08_04.csv,2026-08-04 11:07:09,3,25000.0
T003462,S002,C039,P018,2,25000,2026-08-04 11:44:26,sales_2026_08_04.csv,2026-08-04 11:44:26,2,25000.0
T003463,S004,C058,P019,3,55000,2026-08-04 08:53:35,sales_2026_08_04.csv,2026-08-04 08:53:35,3,55000.0
T003464,S005,C027,P003,4,15000,2026-08-04 17:56:32,sales_2026_08_04.csv,2026-08-04 17:56:32,4,15000.0
T003465,S002,C048,P026,3,30000,2026-08-04 14:01:12,sales_2026_08_04.csv,2026-08-04 14:01:12,3,30000.0
T003466,S002,C032,P018,3,25000,2026-08-04 10:11:23,sales_2026_08_04.csv,2026-08-04 10:11:23,3,25000.0
T003467,S004,C072,P018,3,25000,2026-08-04 10:24:19,sales_2026_08_04.csv,2026-08-04 10:24:19,3,25000.0
T003468,S001,C001,P015,3,30000,2026-08-04 11:21:40,sales_2026_08_04.csv,2026-08-04 11:21:40,3,30000.0
T003469,S004,C080,P027,3,18000,2026-08-04 16:42:05,sales_2026_08_04.csv,2026-08-04 16:42:05,3,18000.0
T003470,S002,C001,P010,1,8000,2026-08-04 14:47:30,sales_2026_08_04.csv,2026-08-04 14:47:30,1,8000.0
T003471,S004,C035,P002,2,520000,2026-08-04 11:14:03,sales_2026_08_04.csv,2026-08-04 11:14:03,2,520000.0
T003472,S003,C088,P020,3,180000,2026-08-04 18:55:09,sales_2026_08_04.csv,2026-08-04 18:55:09,3,180000.0
T003473,S003,C081,P013,1,35000,2026-08-04 18:31:32,sales_2026_08_04.csv,2026-08-04 18:31:32,1,35000.0
T003474,S005,C066,P007,4,165000,2026-08-04 13:49:23,sales_2026_08_04.csv,2026-08-04 13:49:23,4,165000.0
T003475,S001,C021,P010,3,8000,2026-08-04 12:03:39,sales_2026_08_04.csv,2026-08-04 12:03:39,3,8000.0
T003476,S005,C073,P024,1,40000,2026-08-04 14:17:10,sales_2026_08_04.csv,2026-08-04 14:17:10,1,40000.0
T003477,S003,C012,P003,4,15000,2026-08-04 10:32:31,sales_2026_08_04.csv,2026-08-04 10:32:31,4,15000.0
T003478,S001,C018,P013,3,35000,2026-08-04 16:13:42,sales_2026_08_04.csv,2026-08-04 16:13:42,3,35000.0
T003479,S005,C036,P024,4,40000,2026-08-04 11:44:24,sales_2026_08_04.csv,2026-08-04 11:44:24,4,40000.0
T003480,S004,C027,P029,2,32000,2026-08-04 12:34:42,sales_2026_08_04.csv,2026-08-04 12:34:42,2,32000.0
T003481,S005,C041,P020,4,180000,2026-08-04 17:54:17,sales_2026_08_04.csv,2026-08-04 17:54:17,4,180000.0
T003482,S003,C082,P029,2,32000,2026-08-04 18:40:11,sales_2026_08_04.csv,2026-08-04 18:40:11,2,32000.0
T003483,S004,C035,P009,3,45000,2026-08-04 12:14:08,sales_2026_08_04.csv,2026-08-04 12:14:08,3,45000.0
T003484,S003,C044,P008,1,390000,2026-08-04 14:43:18,sales_2026_08_04.csv,2026-08-04 14:43:18,1,390000.0
T003485,S004,C077,P007,3,165000,2026-08-04 18:39:07,sales_2026_08_04.csv,2026-08-04 18:39:07,3,165000.0
T003486,S001,C089,P011,3,75000,2026-08-04 08:19:35,sales_2026_08_04.csv,2026-08-04 08:19:35,3,75000.0
T003487,S001,C078,P005,3,120000,2026-08-04 16:10:14,sales_2026_08_04.csv,2026-08-04 16:10:14,3,120000.0
T003488,S001,C002,P016,2,95000,2026-08-04 12:43:22,sales_2026_08_04.csv,2026-08-04 12:43:22,2,95000.0
T003489,S002,C053,P022,4,18000,2026-08-04 14:43:30,sales_2026_08_04.csv,2026-08-04 14:43:30,4,18000.0
T003490,S004,C098,P018,3,25000,2026-08-04 13:06:18,sales_2026_08_04.csv,2026-08-04 13:06:18,3,25000.0
T003491,S005,C011,P013,2,35000,2026-08-04 13:42:36,sales_2026_08_04.csv,2026-08-04 13:42:36,2,35000.0
T003492,S001,C069,P026,4,30000,2026-08-04 14:37:45,sales_2026_08_04.csv,2026-08-04 14:37:45,4,30000.0
T003493,S004,C087,P001,3,450000,2026-08-04 09:21:55,sales_2026_08_04.csv,2026-08-04 09:21:55,3,450000.0
T003494,S003,C049,P004,4,25000,2026-08-04 10:41:30,sales_2026_08_04.csv,2026-08-04 10:41:30,4,25000.0
T003495,S005,C046,P027,4,18000,2026-08-04 12:54:12,sales_2026_08_04.csv,2026-08-04 12:54:12,4,18000.0
T003496,S002,C099,P013,4,35000,2026-08-04 17:48:35,sales_2026_08_04.csv,2026-08-04 17:48:35,4,35000.0
T003497,S001,C016,P026,4,30000,04/08/2026,sales_2026_08_04.csv,2026-08-04 00:00:00,4,30000.0
T003498,S003,C025,P015,3,30000,2026-08-04 17:20:11,sales_2026_08_04.csv,2026-08-04 17:20:11,3,30000.0
T003499,S001,C029,P015,1,30000,2026-08-04 08:46:23,sales_2026_08_04.csv,2026-08-04 08:46:23,1,30000.0
T003500,S001,C098,P024,3,40000,2026-08-04 16:54:29,sales_2026_08_04.csv,2026-08-04 16:54:29,3,40000.0
T003501,S003,C025,P009,4,45000,2026-08-04 13:48:24,sales_2026_08_04.csv,2026-08-04 13:48:24,4,45000.0
T003502,S005,C081,P003,3,15000,2026-08-04 14:42:29,sales_2026_08_04.csv,2026-08-04 14:42:29,3,15000.0
T003503,S002,C030,P010,4,8000,2026-08-04 17:15:35,sales_2026_08_04.csv,2026-08-04 17:15:35,4,8000.0
T003504,S003,C005,P016,1,95000,2026-08-04 14:33:11,sales_2026_08_04.csv,2026-08-04 14:33:11,1,95000.0
T003505,S004,C091,P009,2,45000,2026-08-04 16:47:36,sales_2026_08_04.csv,2026-08-04 16:47:36,2,45000.0
T003506,S005,C027,P023,3,22000,2026-08-04 18:54:17,sales_2026_08_04.csv,2026-08-04 18:54:17,3,22000.0
T003507,S002,C082,P001,2,450000,2026-08-04 15:28:12,sales_2026_08_04.csv,2026-08-04 15:28:12,2,450000.0
T003508,S001,C036,P013,1,35000,2026-08-04 18:15:21,sales_2026_08_04.csv,2026-08-04 18:15:21,1,35000.0
T003509,S005,C064,P019,1,55000,2026-08-04 12:09:43,sales_2026_08_04.csv,2026-08-04 12:09:43,1,55000.0
T003510,S005,C025,P006,4,280000,2026-08-04 18:38:29,sales_2026_08_04.csv,2026-08-04 18:38:29,4,280000.0
T003511,S005,C087,P022,2,18000,2026-08-04 13:19:54,sales_2026_08_04.csv,2026-08-04 13:19:54,2,18000.0
T003512,S005,C073,P022,1,18000,2026-08-04 18:46:03,sales_2026_08_04.csv,2026-08-04 18:46:03,1,18000.0
T003513,S001,C076,P006,1,280000,2026-08-04 08:17:13,sales_2026_08_04.csv,2026-08-04 08:17:13,1,280000.0
T003514,S001,C017,P005,2,120000,2026-08-04 08:02:23,sales_2026_08_04.csv,2026-08-04 08:02:23,2,120000.0
T003515,S005,C030,P009,1,45000,2026-08-04 14:54:17,sales_2026_08_04.csv,2026-08-04 14:54:17,1,45000.0
T003516,S005,C094,P029,3,32000,2026-08-04 11:16:47,sales_2026_08_04.csv,2026-08-04 11:16:47,3,32000.0
T003517,S003,C025,P026,4,30000,2026-08-04 14:41:05,sales_2026_08_04.csv,2026-08-04 14:41:05,4,30000.0
T003518,S001,C089,P028,1,28000,2026-08-04 15:50:12,sales_2026_08_04.csv,2026-08-04 15:50:12,1,28000.0
T003519,S005,C079,P022,3,18000,2026-08-04 16:55:59,sales_2026_08_04.csv,2026-08-04 16:55:59,3,18000.0
T003520,S005,C059,P009,1,45000,2026-08-04 10:32:21,sales_2026_08_04.csv,2026-08-04 10:32:21,1,45000.0
T003521,S004,C083,P001,2,450000,2026-08-04 11:45:20,sales_2026_08_04.csv,2026-08-04 11:45:20,2,450000.0
T003522,S001,C042,P022,4,18000,2026-08-04 16:03:28,sales_2026_08_04.csv,2026-08-04 16:03:28,4,18000.0
T003523,S004,C036,P014,3,7000,2026-08-04 13:56:41,sales_2026_08_04.csv,2026-08-04 13:56:41,3,7000.0
T003524,S005,C060,P004,4,25000,2026-08-04 12:54:53,sales_2026_08_04.csv,2026-08-04 12:54:53,4,25000.0
T003525,S003,C067,P016,1,95000,2026-08-04 09:30:21,sales_2026_08_04.csv,2026-08-04 09:30:21,1,95000.0
T003526,S001,C093,P025,2,210000,2026-08-04 15:11:10,sales_2026_08_04.csv,2026-08-04 15:11:10,2,210000.0
T003527,S001,C036,P008,2,390000,2026-08-04 12:38:22,sales_2026_08_04.csv,2026-08-04 12:38:22,2,390000.0
T003528,S004,C069,P030,2,50000,2026-08-04 18:43:25,sales_2026_08_04.csv,2026-08-04 18:43:25,2,50000.0
T003529,S003,C001,P015,4,30000,2026-08-04 09:46:27,sales_2026_08_04.csv,2026-08-04 09:46:27,4,30000.0
T003530,S002,C043,P013,1,35000,2026-08-04 10:41:14,sales_2026_08_04.csv,2026-08-04 10:41:14,1,35000.0
T003531,S005,C004,P003,4,15000,2026-08-04 13:03:16,sales_2026_08_04.csv,2026-08-04 13:03:16,4,15000.0
T003532,S002,C089,P024,4,40000,2026-08-04 15:06:51,sales_2026_08_04.csv,2026-08-04 15:06:51,4,40000.0
T003533,S001,C032,P014,3,7000,2026-08-04 11:05:47,sales_2026_08_04.csv,2026-08-04 11:05:47,3,7000.0
T003534,S002,C043,P007,2,165000,2026-08-04 09:37:29,sales_2026_08_04.csv,2026-08-04 09:37:29,2,165000.0
T003535,S001,C081,P010,3,8000,2026-08-04 11:05:02,sales_2026_08_04.csv,2026-08-04 11:05:02,3,8000.0
T003536,S001,C004,P021,2,10000,2026-08-04 08:26:06,sales_2026_08_04.csv,2026-08-04 08:26:06,2,10000.0
T003537,S004,C004,P016,4,95000,2026-08-04 18:19:54,sales_2026_08_04.csv,2026-08-04 18:19:54,4,95000.0
T003538,S003,C033,P019,2,55000,2026-08-04 13:53:46,sales_2026_08_04.csv,2026-08-04 13:53:46,2,55000.0
T003539,S001,C061,P008,4,390000,2026-08-04 13:37:34,sales_2026_08_04.csv,2026-08-04 13:37:34,4,390000.0
T003540,S003,C007,P008,3,390000,2026-08-04 12:42:32,sales_2026_08_04.csv,2026-08-04 12:42:32,3,390000.0
T003541,S003,C067,P027,3,18000,2026-08-04 13:44:25,sales_2026_08_04.csv,2026-08-04 13:44:25,3,18000.0
T003542,S002,C010,P026,3,30000,2026-08-04 14:38:45,sales_2026_08_04.csv,2026-08-04 14:38:45,3,30000.0
T003543,S005,C080,P025,3,210000,2026-08-04 08:50:03,sales_2026_08_04.csv,2026-08-04 08:50:03,3,210000.0
T003544,S001,C081,P015,4,30000,2026-08-04 17:46:15,sales_2026_08_04.csv,2026-08-04 17:46:15,4,30000.0
T003545,S005,C016,P015,1,30000,2026-08-04 11:13:35,sales_2026_08_04.csv,2026-08-04 11:13:35,1,30000.0
T003546,S001,C005,P003,4,15000,2026-08-04 11:31:54,sales_2026_08_04.csv,2026-08-04 11:31:54,4,15000.0
T003547,S003,C089,P013,4,35000,2026-08-04 16:38:35,sales_2026_08_04.csv,2026-08-04 16:38:35,4,35000.0
T003548,S002,C008,P003,4,15000,2026-08-04 08:10:33,sales_2026_08_04.csv,2026-08-04 08:10:33,4,15000.0
T003549,S004,C008,P030,2,50000,2026-08-04 14:13:14,sales_2026_08_04.csv,2026-08-04 14:13:14,2,50000.0
T003550,S005,C081,P010,4,8000,2026-08-04 10:28:08,sales_2026_08_04.csv,2026-08-04 10:28:08,4,8000.0
T003551,S001,C014,P014,2,7000,2026-08-04 09:58:44,sales_2026_08_04.csv,2026-08-04 09:58:44,2,7000.0
T003552,S001,C072,P022,4,18000,2026-08-04 18:59:15,sales_2026_08_04.csv,2026-08-04 18:59:15,4,18000.0
T003553,S003,C049,P002,1,520000,2026-08-04 10:33:51,sales_2026_08_04.csv,2026-08-04 10:33:51,1,520000.0
T003554,S001,C080,P013,2,35000,2026-08-04 17:46:45,sales_2026_08_04.csv,2026-08-04 17:46:45,2,35000.0
T003556,S005,C085,P028,2,28000,2026-08-04 14:34:45,sales_2026_08_04.csv,2026-08-04 14:34:45,2,28000.0
T003557,S001,C059,P020,2,180000,2026-08-04 09:32:40,sales_2026_08_04.csv,2026-08-04 09:32:40,2,180000.0
T003558,S004,C055,P013,4,35000,2026-08-04 12:38:40,sales_2026_08_04.csv,2026-08-04 12:38:40,4,35000.0
T003559,S005,C080,P029,2,32000,2026-08-04 16:00:45,sales_2026_08_04.csv,2026-08-04 16:00:45,2,32000.0
T003560,S003,C084,P004,3,25000,2026-08-04 09:42:19,sales_2026_08_04.csv,2026-08-04 09:42:19,3,25000.0
T003561,S001,C059,P022,1,18000,2026-08-04 08:29:58,sales_2026_08_04.csv,2026-08-04 08:29:58,1,18000.0
T003562,S003,C076,P017,4,85000,2026-08-04 14:52:59,sales_2026_08_04.csv,2026-08-04 14:52:59,4,85000.0
T003563,S001,C014,P007,4,165000,2026-08-04 14:53:25,sales_2026_08_04.csv,2026-08-04 14:53:25,4,165000.0
T003564,S005,C092,P001,2,450000,2026-08-04 14:29:06,sales_2026_08_04.csv,2026-08-04 14:29:06,2,450000.0
T003565,S005,C025,P003,3,15000,2026-08-04 12:23:14,sales_2026_08_04.csv,2026-08-04 12:23:14,3,15000.0
T003566,S005,C017,P029,4,32000,2026-08-04 17:53:44,sales_2026_08_04.csv,2026-08-04 17:53:44,4,32000.0
T003567,S005,C033,P021,4,10000,2026-08-04 18:54:53,sales_2026_08_04.csv,2026-08-04 18:54:53,4,10000.0
T003568,S004,C062,P012,2,12000,2026-08-04 09:15:18,sales_2026_08_04.csv,2026-08-04 09:15:18,2,12000.0
T003569,S005,C057,P024,2,40000,2026-08-04 16:12:17,sales_2026_08_04.csv,2026-08-04 16:12:17,2,40000.0
T003570,S002,C018,P006,4,280000,2026-08-04 12:16:25,sales_2026_08_04.csv,2026-08-04 12:16:25,4,280000.0
T003571,S001,C008,P026,2,30000,2026-08-04 12:54:00,sales_2026_08_04.csv,2026-08-04 12:54:00,2,30000.0
T003572,S003,C075,P005,4,120000,2026-08-04 08:39:59,sales_2026_08_04.csv,2026-08-04 08:39:59,4,120000.0
T003573,S005,C084,P014,2,7000,2026-08-04 10:31:43,sales_2026_08_04.csv,2026-08-04 10:31:43,2,7000.0
T003574,S003,C040,P025,4,210000,2026-08-04 13:09:58,sales_2026_08_04.csv,2026-08-04 13:09:58,4,210000.0
T003575,S005,C100,P019,1,55000,2026-08-04 10:52:46,sales_2026_08_04.csv,2026-08-04 10:52:46,1,55000.0
T003576,S002,C061,P005,1,120000,2026-08-04 13:13:52,sales_2026_08_04.csv,2026-08-04 13:13:52,1,120000.0
T003577,S005,C044,P010,4,8000,2026-08-04 14:14:22,sales_2026_08_04.csv,2026-08-04 14:14:22,4,8000.0
T003578,S003,C002,P010,4,8000,2026-08-04 16:10:06,sales_2026_08_04.csv,2026-08-04 16:10:06,4,8000.0
T003579,S005,C085,P017,4,85000,2026-08-04 11:25:16,sales_2026_08_04.csv,2026-08-04 11:25:16,4,85000.0
T003580,S002,C008,P022,4,18000,2026-08-04 10:37:30,sales_2026_08_04.csv,2026-08-04 10:37:30,4,18000.0
T003581,S005,C072,P008,2,390000,2026-08-04 15:29:38,sales_2026_08_04.csv,2026-08-04 15:29:38,2,390000.0
T003582,S001,C055,P028,2,28000,2026-08-04 10:54:32,sales_2026_08_04.csv,2026-08-04 10:54:32,2,28000.0
T003583,S002,C026,P012,1,12000,2026-08-04 08:02:46,sales_2026_08_04.csv,2026-08-04 08:02:46,1,12000.0
T003584,S002,C009,P021,3,10000,2026-08-04 18:51:15,sales_2026_08_04.csv,2026-08-04 18:51:15,3,10000.0
T003585,S002,C086,P011,1,75000,2026-08-04 12:50:30,sales_2026_08_04.csv,2026-08-04 12:50:30,1,75000.0
T003586,S004,C077,P016,4,95000,2026-08-04 16:29:43,sales_2026_08_04.csv,2026-08-04 16:29:43,4,95000.0
T003587,S003,C075,P023,1,22000,2026-08-04 13:30:23,sales_2026_08_04.csv,2026-08-04 13:30:23,1,22000.0
T003588,S003,C079,P019,1,55000,2026-08-04 10:43:01,sales_2026_08_04.csv,2026-08-04 10:43:01,1,55000.0
T003589,S004,C043,P010,1,8000,2026-08-04 14:44:14,sales_2026_08_04.csv,2026-08-04 14:44:14,1,8000.0
T003590,S001,C059,P006,1,280000,2026-08-04 10:46:13,sales_2026_08_04.csv,2026-08-04 10:46:13,1,280000.0
T003591,S001,C064,P029,1,32000,2026-08-04 11:55:32,sales_2026_08_04.csv,2026-08-04 11:55:32,1,32000.0
T003592,S001,C082,P008,3,390000,2026-08-04 12:23:58,sales_2026_08_04.csv,2026-08-04 12:23:58,3,390000.0
T003593,S002,C060,P008,2,390000,2026-08-04 13:41:37,sales_2026_08_04.csv,2026-08-04 13:41:37,2,390000.0
T003594,S002,C031,P020,3,180000,2026-08-04 08:10:08,sales_2026_08_04.csv,2026-08-04 08:10:08,3,180000.0
T003595,S003,C095,P016,4,95000,2026-08-04 18:04:50,sales_2026_08_04.csv,2026-08-04 18:04:50,4,95000.0
T003596,S002,C052,P013,3,35000,2026-08-04 14:19:14,sales_2026_08_04.csv,2026-08-04 14:19:14,3,35000.0
T003597,S001,C047,P006,3,280000,2026-08-04 12:50:58,sales_2026_08_04.csv,2026-08-04 12:50:58,3,280000.0
T003598,S001,C046,P001,2,450000,2026-08-04 11:52:46,sales_2026_08_04.csv,2026-08-04 11:52:46,2,450000.0
T003599,S005,C015,P001,1,450000,2026-08-04 17:15:10,sales_2026_08_04.csv,2026-08-04 17:15:10,1,450000.0
T003600,S003,C057,P005,2,120000,2026-08-04 11:07:42,sales_2026_08_04.csv,2026-08-04 11:07:42,2,120000.0
T003601,S005,C098,P007,2,165000,2026-08-05 14:28:45,sales_2026_08_05.csv,2026-08-05 14:28:45,2,165000.0
T003602,S001,C004,P012,2,12000,2026-08-05 08:40:47,sales_2026_08_05.csv,2026-08-05 08:40:47,2,12000.0
T003603,S002,C037,P007,3,165000,2026-08-05 17:02:36,sales_2026_08_05.csv,2026-08-05 17:02:36,3,165000.0
T003604,S002,C034,P006,1,280000,2026-08-05 10:22:59,sales_2026_08_05.csv,2026-08-05 10:22:59,1,280000.0
T003605,S002,C044,P024,2,40000,2026-08-05 16:51:00,sales_2026_08_05.csv,2026-08-05 16:51:00,2,40000.0
T003606,S005,C032,P028,3,28000,2026-08-05 13:52:41,sales_2026_08_05.csv,2026-08-05 13:52:41,3,28000.0
T003607,S002,C003,P006,3,280000,2026-08-05 11:02:32,sales_2026_08_05.csv,2026-08-05 11:02:32,3,280000.0
T003608,S003,C013,P006,3,280000,2026-08-05 08:19:56,sales_2026_08_05.csv,2026-08-05 08:19:56,3,280000.0
T003609,S002,C049,P001,1,450000,2026-08-05 16:58:27,sales_2026_08_05.csv,2026-08-05 16:58:27,1,450000.0
T003610,S001,C044,P021,3,10000,2026-08-05 09:56:27,sales_2026_08_05.csv,2026-08-05 09:56:27,3,10000.0
T003611,S002,C040,P030,2,50000,2026-08-05 08:34:11,sales_2026_08_05.csv,2026-08-05 08:34:11,2,50000.0
T003612,S002,C048,P015,3,30000,2026-08-05 16:18:52,sales_2026_08_05.csv,2026-08-05 16:18:52,3,30000.0
T003613,S003,C085,P026,2,30000,2026-08-05 11:51:01,sales_2026_08_05.csv,2026-08-05 11:51:01,2,30000.0
T003614,S005,C080,P006,1,280000,2026-08-05 12:16:57,sales_2026_08_05.csv,2026-08-05 12:16:57,1,280000.0
T003615,S004,C092,P029,2,32000,2026-08-05 10:43:03,sales_2026_08_05.csv,2026-08-05 10:43:03,2,32000.0
T003616,S001,C019,P003,2,15000,2026-08-05 17:27:03,sales_2026_08_05.csv,2026-08-05 17:27:03,2,15000.0
T003617,S002,C025,P029,4,32000,2026-08-05 11:16:14,sales_2026_08_05.csv,2026-08-05 11:16:14,4,32000.0
T003618,S005,C049,P007,4,165000,2026-08-05 10:18:43,sales_2026_08_05.csv,2026-08-05 10:18:43,4,165000.0
T003620,S004,C082,P020,3,180000,2026-08-05 10:14:04,sales_2026_08_05.csv,2026-08-05 10:14:04,3,180000.0
T003621,S001,C098,P008,4,390000,2026-08-05 11:29:39,sales_2026_08_05.csv,2026-08-05 11:29:39,4,390000.0
T003622,S005,C025,P020,4,180000,2026-08-05 08:54:44,sales_2026_08_05.csv,2026-08-05 08:54:44,4,180000.0
T003623,S005,C038,P028,3,28000,2026-08-05 09:44:37,sales_2026_08_05.csv,2026-08-05 09:44:37,3,28000.0
T003624,S002,C042,P026,4,30000,2026-08-05 12:35:15,sales_2026_08_05.csv,2026-08-05 12:35:15,4,30000.0
T003625,S001,C081,P008,3,390000,2026-08-05 17:40:26,sales_2026_08_05.csv,2026-08-05 17:40:26,3,390000.0
T003626,S003,C017,P026,3,30000,2026-08-05 08:37:48,sales_2026_08_05.csv,2026-08-05 08:37:48,3,30000.0
T003628,S004,C027,P029,4,32000,2026-08-05 17:59:30,sales_2026_08_05.csv,2026-08-05 17:59:30,4,32000.0
T003629,S001,C061,P024,2,40000,2026-08-05 17:47:24,sales_2026_08_05.csv,2026-08-05 17:47:24,2,40000.0
T003630,S005,C009,P026,1,30000,2026-08-05 15:28:26,sales_2026_08_05.csv,2026-08-05 15:28:26,1,30000.0
T003631,S005,C050,P006,2,280000,2026-08-05 10:38:42,sales_2026_08_05.csv,2026-08-05 10:38:42,2,280000.0
T003632,S005,C048,P025,2,210000,2026-08-05 12:37:04,sales_2026_08_05.csv,2026-08-05 12:37:04,2,210000.0
T003633,S005,C060,P016,2,95000,2026-08-05 10:19:24,sales_2026_08_05.csv,2026-08-05 10:19:24,2,95000.0
T003634,S003,C092,P006,2,280000,2026-08-05 09:24:52,sales_2026_08_05.csv,2026-08-05 09:24:52,2,280000.0
T003635,S005,C089,P012,4,12000,2026-08-05 12:10:47,sales_2026_08_05.csv,2026-08-05 12:10:47,4,12000.0
T003636,S004,C061,P016,1,95000,2026-08-05 14:20:02,sales_2026_08_05.csv,2026-08-05 14:20:02,1,95000.0
T003637,S005,C052,P009,4,45000,2026-08-05 11:57:33,sales_2026_08_05.csv,2026-08-05 11:57:33,4,45000.0
T003638,S005,C084,P021,4,10000,2026-08-05 14:43:08,sales_2026_08_05.csv,2026-08-05 14:43:08,4,10000.0
T003639,S002,C029,P002,3,520000,2026-08-05 11:15:31,sales_2026_08_05.csv,2026-08-05 11:15:31,3,520000.0
T003640,S002,C058,P029,1,32000,2026-08-05 11:48:15,sales_2026_08_05.csv,2026-08-05 11:48:15,1,32000.0
T003641,S002,C051,P028,4,28000,2026-08-05 16:41:50,sales_2026_08_05.csv,2026-08-05 16:41:50,4,28000.0
T003642,S003,C055,P007,4,165000,2026-08-05 17:39:41,sales_2026_08_05.csv,2026-08-05 17:39:41,4,165000.0
T003643,S004,C074,P029,2,32000,2026-08-05 11:32:32,sales_2026_08_05.csv,2026-08-05 11:32:32,2,32000.0
T003645,S001,C018,P018,2,25000,2026-08-05 11:03:35,sales_2026_08_05.csv,2026-08-05 11:03:35,2,25000.0
T003646,S001,C038,P025,4,210000,2026-08-05 08:35:12,sales_2026_08_05.csv,2026-08-05 08:35:12,4,210000.0
T003647,S005,C046,P015,1,30000,2026-08-05 16:06:59,sales_2026_08_05.csv,2026-08-05 16:06:59,1,30000.0
T003648,S005,C006,P008,1,390000,2026-08-05 09:52:51,sales_2026_08_05.csv,2026-08-05 09:52:51,1,390000.0
T003649,S005,C080,P015,4,30000,2026-08-05 12:40:58,sales_2026_08_05.csv,2026-08-05 12:40:58,4,30000.0
T003650,S004,C058,P011,3,75000,2026-08-05 13:21:27,sales_2026_08_05.csv,2026-08-05 13:21:27,3,75000.0
T003651,S004,C053,P015,1,30000,2026-08-05 10:01:45,sales_2026_08_05.csv,2026-08-05 10:01:45,1,30000.0
T003652,S004,C041,P012,4,12000,2026-08-05 09:02:24,sales_2026_08_05.csv,2026-08-05 09:02:24,4,12000.0
T003653,S004,C004,P009,3,45000,2026-08-05 11:49:41,sales_2026_08_05.csv,2026-08-05 11:49:41,3,45000.0
T003654,S004,C030,P006,2,280000,2026-08-05 18:28:30,sales_2026_08_05.csv,2026-08-05 18:28:30,2,280000.0
T003655,S001,C046,P009,3,45000,2026-08-05 14:45:59,sales_2026_08_05.csv,2026-08-05 14:45:59,3,45000.0
T003656,S001,C038,P029,2,32000,2026-08-05 12:11:43,sales_2026_08_05.csv,2026-08-05 12:11:43,2,32000.0
T003657,S005,C066,P027,3,18000,2026-08-05 08:25:40,sales_2026_08_05.csv,2026-08-05 08:25:40,3,18000.0
T003658,S001,C036,P018,1,25000,2026-08-05 14:36:10,sales_2026_08_05.csv,2026-08-05 14:36:10,1,25000.0
T003659,S002,C013,P030,3,50000,2026-08-05 09:00:53,sales_2026_08_05.csv,2026-08-05 09:00:53,3,50000.0
T003660,S001,C047,P004,4,25000,2026-08-05 13:58:04,sales_2026_08_05.csv,2026-08-05 13:58:04,4,25000.0
T003661,S005,C026,P002,1,520000,2026-08-05 16:16:17,sales_2026_08_05.csv,2026-08-05 16:16:17,1,520000.0
T003662,S002,C087,P011,4,75000,2026-08-05 12:39:33,sales_2026_08_05.csv,2026-08-05 12:39:33,4,75000.0
T003663,S003,C039,P011,2,75000,2026-08-05 11:17:36,sales_2026_08_05.csv,2026-08-05 11:17:36,2,75000.0
T003664,S003,C025,P024,3,40000,2026-08-05 08:31:16,sales_2026_08_05.csv,2026-08-05 08:31:16,3,40000.0
T003665,S005,C018,P023,2,22000,2026-08-05 08:16:21,sales_2026_08_05.csv,2026-08-05 08:16:21,2,22000.0
T003666,S005,C034,P028,1,28000,2026-08-05 12:43:49,sales_2026_08_05.csv,2026-08-05 12:43:49,1,28000.0
T003667,S003,C037,P001,3,450000,2026-08-05 17:43:00,sales_2026_08_05.csv,2026-08-05 17:43:00,3,450000.0
T003668,S003,C052,P027,1,18000,2026-08-05 10:41:04,sales_2026_08_05.csv,2026-08-05 10:41:04,1,18000.0
T003669,S005,C097,P013,2,35000,2026-08-05 14:18:52,sales_2026_08_05.csv,2026-08-05 14:18:52,2,35000.0
T003670,S001,C061,P021,4,10000,2026-08-05 15:31:38,sales_2026_08_05.csv,2026-08-05 15:31:38,4,10000.0
T003671,S005,C098,P021,3,10000,2026-08-05 08:40:08,sales_2026_08_05.csv,2026-08-05 08:40:08,3,10000.0
T003672,S004,C030,P005,1,120000,2026-08-05 09:41:02,sales_2026_08_05.csv,2026-08-05 09:41:02,1,120000.0
T003673,S002,C061,P008,3,390000,2026-08-05 11:38:38,sales_2026_08_05.csv,2026-08-05 11:38:38,3,390000.0
T003674,S005,C076,P008,1,390000,2026-08-05 15:22:15,sales_2026_08_05.csv,2026-08-05 15:22:15,1,390000.0
T003675,S005,C097,P026,4,30000,2026-08-05 12:49:45,sales_2026_08_05.csv,2026-08-05 12:49:45,4,30000.0
T003676,S004,C044,P015,4,30000,2026-08-05 16:04:34,sales_2026_08_05.csv,2026-08-05 16:04:34,4,30000.0
T003677,S001,C041,P026,3,30000,2026-08-05 17:32:36,sales_2026_08_05.csv,2026-08-05 17:32:36,3,30000.0
T003678,S002,C055,P028,1,28000,2026-08-05 16:20:31,sales_2026_08_05.csv,2026-08-05 16:20:31,1,28000.0
T003679,S004,C027,P025,4,210000,2026-08-05 18:54:52,sales_2026_08_05.csv,2026-08-05 18:54:52,4,210000.0
T003681,S003,C018,P001,4,450000,2026-08-05 17:22:26,sales_2026_08_05.csv,2026-08-05 17:22:26,4,450000.0
T003682,S002,C040,P019,4,55000,2026-08-05 17:09:21,sales_2026_08_05.csv,2026-08-05 17:09:21,4,55000.0
T003683,S001,C064,P024,2,40000,2026-08-05 16:01:58,sales_2026_08_05.csv,2026-08-05 16:01:58,2,40000.0
T003684,S003,C044,P026,2,30000,2026-08-05 16:49:11,sales_2026_08_05.csv,2026-08-05 16:49:11,2,30000.0
T003685,S004,C055,P008,4,390000,2026-08-05 18:16:53,sales_2026_08_05.csv,2026-08-05 18:16:53,4,390000.0
T003686,S004,C098,P022,3,18000,2026-08-05 13:13:38,sales_2026_08_05.csv,2026-08-05 13:13:38,3,18000.0
T003687,S005,C039,P025,1,210000,2026-08-05 15:01:16,sales_2026_08_05.csv,2026-08-05 15:01:16,1,210000.0
T003688,S005,C003,P011,3,75000,2026-08-05 13:39:51,sales_2026_08_05.csv,2026-08-05 13:39:51,3,75000.0
T003689,S001,C018,P019,3,55000,2026-08-05 17:21:41,sales_2026_08_05.csv,2026-08-05 17:21:41,3,55000.0
T003691,S005,C078,P021,3,10000,2026-08-05 17:01:01,sales_2026_08_05.csv,2026-08-05 17:01:01,3,10000.0
T003692,S004,C049,P019,4,55000,2026-08-05 16:47:34,sales_2026_08_05.csv,2026-08-05 16:47:34,4,55000.0
T003693,S004,C009,P007,4,165000,2026-08-05 18:34:50,sales_2026_08_05.csv,2026-08-05 18:34:50,4,165000.0
T003694,S004,C025,P018,3,25000,2026-08-05 10:44:17,sales_2026_08_05.csv,2026-08-05 10:44:17,3,25000.0
T003695,S001,C043,P016,3,95000,2026-08-05 15:48:20,sales_2026_08_05.csv,2026-08-05 15:48:20,3,95000.0
T003696,S004,C082,P019,1,55000,2026-08-05 16:19:34,sales_2026_08_05.csv,2026-08-05 16:19:34,1,55000.0
T003697,S003,C012,P029,3,32000,2026-08-05 18:17:56,sales_2026_08_05.csv,2026-08-05 18:17:56,3,32000.0
T003698,S001,C087,P006,1,280000,2026-08-05 17:58:33,sales_2026_08_05.csv,2026-08-05 17:58:33,1,280000.0
T003699,S002,C005,P018,2,25000,2026-08-05 14:18:31,sales_2026_08_05.csv,2026-08-05 14:18:31,2,25000.0
T003700,S005,C063,P027,3,18000,2026-08-05 14:22:14,sales_2026_08_05.csv,2026-08-05 14:22:14,3,18000.0
T003701,S002,C026,P001,4,450000,2026-08-05 09:50:24,sales_2026_08_05.csv,2026-08-05 09:50:24,4,450000.0
T003703,S002,C038,P007,1,165000,2026-08-05 10:48:18,sales_2026_08_05.csv,2026-08-05 10:48:18,1,165000.0
T003704,S005,C009,P022,2,18000,2026-08-05 15:58:19,sales_2026_08_05.csv,2026-08-05 15:58:19,2,18000.0
T003705,S001,C048,P015,4,30000,2026-08-05 16:45:13,sales_2026_08_05.csv,2026-08-05 16:45:13,4,30000.0
T003706,S001,C022,P017,4,85000,2026-08-05 12:51:12,sales_2026_08_05.csv,2026-08-05 12:51:12,4,85000.0
T003707,S004,C051,P011,3,75000,2026-08-05 10:19:23,sales_2026_08_05.csv,2026-08-05 10:19:23,3,75000.0
T003708,S001,C017,P006,2,280000,2026-08-05 10:04:42,sales_2026_08_05.csv,2026-08-05 10:04:42,2,280000.0
T003709,S004,C062,P018,1,25000,2026-08-05 17:25:17,sales_2026_08_05.csv,2026-08-05 17:25:17,1,25000.0
T003710,S001,C050,P024,4,40000,2026-08-05 13:37:05,sales_2026_08_05.csv,2026-08-05 13:37:05,4,40000.0
T003711,S002,C017,P029,1,32000,2026-08-05 08:59:29,sales_2026_08_05.csv,2026-08-05 08:59:29,1,32000.0
T003712,S002,C040,P028,1,28000,2026-08-05 15:53:13,sales_2026_08_05.csv,2026-08-05 15:53:13,1,28000.0
T003713,S004,C021,P014,1,7000,2026-08-05 10:45:06,sales_2026_08_05.csv,2026-08-05 10:45:06,1,7000.0
T003714,S005,C040,P020,4,180000,2026-08-05 17:38:25,sales_2026_08_05.csv,2026-08-05 17:38:25,4,180000.0
T003715,S002,C065,P019,4,55000,2026-08-05 11:24:19,sales_2026_08_05.csv,2026-08-05 11:24:19,4,55000.0
T003716,S004,C036,P023,3,22000,2026-08-05 10:12:10,sales_2026_08_05.csv,2026-08-05 10:12:10,3,22000.0
T003717,S001,C019,P007,4,165000,2026-08-05 08:56:00,sales_2026_08_05.csv,2026-08-05 08:56:00,4,165000.0
T003718,S001,C052,P015,3,30000,2026-08-05 13:37:36,sales_2026_08_05.csv,2026-08-05 13:37:36,3,30000.0
T003719,S002,C068,P020,4,180000,2026-08-05 12:57:29,sales_2026_08_05.csv,2026-08-05 12:57:29,4,180000.0
T003720,S005,C063,P011,1,75000,2026-08-05 16:15:51,sales_2026_08_05.csv,2026-08-05 16:15:51,1,75000.0
T003721,S004,C074,P015,3,30000,2026-08-05 13:06:38,sales_2026_08_05.csv,2026-08-05 13:06:38,3,30000.0
T003722,S001,C037,P002,2,520000,2026-08-05 11:46:55,sales_2026_08_05.csv,2026-08-05 11:46:55,2,520000.0
T003723,S004,C045,P021,2,10000,2026-08-05 10:52:41,sales_2026_08_05.csv,2026-08-05 10:52:41,2,10000.0
T003724,S003,C051,P023,2,22000,2026-08-05 11:03:34,sales_2026_08_05.csv,2026-08-05 11:03:34,2,22000.0
T003725,S002,C054,P020,1,180000,2026-08-05 18:12:22,sales_2026_08_05.csv,2026-08-05 18:12:22,1,180000.0
T003726,S002,C080,P008,1,390000,2026-08-05 09:48:57,sales_2026_08_05.csv,2026-08-05 09:48:57,1,390000.0
T003728,S002,C090,P013,2,35000,2026-08-05 11:35:46,sales_2026_08_05.csv,2026-08-05 11:35:46,2,35000.0
T003729,S001,C051,P019,2,55000,2026-08-05 08:58:20,sales_2026_08_05.csv,2026-08-05 08:58:20,2,55000.0
T003730,S001,C031,P023,2,22000,2026-08-05 10:44:08,sales_2026_08_05.csv,2026-08-05 10:44:08,2,22000.0
T003731,S002,C036,P029,4,32000,2026-08-05 08:38:33,sales_2026_08_05.csv,2026-08-05 08:38:33,4,32000.0
T003732,S005,C038,P029,2,32000,2026-08-05 16:41:25,sales_2026_08_05.csv,2026-08-05 16:41:25,2,32000.0
T003733,S001,C090,P022,4,18000,2026-08-05 13:38:17,sales_2026_08_05.csv,2026-08-05 13:38:17,4,18000.0
T003734,S002,C064,P024,1,40000,2026-08-05 11:42:24,sales_2026_08_05.csv,2026-08-05 11:42:24,1,40000.0
T003735,S005,C016,P014,1,7000,2026-08-05 15:16:57,sales_2026_08_05.csv,2026-08-05 15:16:57,1,7000.0
T003736,S001,C097,P012,2,12000,2026-08-05 14:56:13,sales_2026_08_05.csv,2026-08-05 14:56:13,2,12000.0
T003737,S005,C099,P004,3,25000,2026-08-05 18:20:18,sales_2026_08_05.csv,2026-08-05 18:20:18,3,25000.0
T003738,S003,C053,P025,2,210000,2026-08-05 18:34:25,sales_2026_08_05.csv,2026-08-05 18:34:25,2,210000.0
T003739,S002,C033,P015,2,30000,2026-08-05 15:29:15,sales_2026_08_05.csv,2026-08-05 15:29:15,2,30000.0
T003740,S005,C006,P007,3,165000,2026-08-05 16:59:45,sales_2026_08_05.csv,2026-08-05 16:59:45,3,165000.0
T003741,S001,C010,P015,2,30000,2026-08-05 16:43:00,sales_2026_08_05.csv,2026-08-05 16:43:00,2,30000.0
T003742,S004,C049,P021,2,10000,2026-08-05 13:24:15,sales_2026_08_05.csv,2026-08-05 13:24:15,2,10000.0
T003743,S004,C025,P011,2,75000,2026-08-05 15:44:56,sales_2026_08_05.csv,2026-08-05 15:44:56,2,75000.0
T003744,S001,C002,P013,3,35000,2026-08-05 08:51:39,sales_2026_08_05.csv,2026-08-05 08:51:39,3,35000.0
T003745,S001,C091,P009,4,45000,2026-08-05 16:20:17,sales_2026_08_05.csv,2026-08-05 16:20:17,4,45000.0
T003746,S002,C042,P030,1,50000,2026-08-05 18:34:48,sales_2026_08_05.csv,2026-08-05 18:34:48,1,50000.0
T003747,S004,C063,P022,3,18000,2026-08-05 08:56:05,sales_2026_08_05.csv,2026-08-05 08:56:05,3,18000.0
T003748,S001,C011,P015,2,30000,2026-08-05 17:11:50,sales_2026_08_05.csv,2026-08-05 17:11:50,2,30000.0
T003749,S002,C092,P018,2,25000,2026-08-05 18:15:46,sales_2026_08_05.csv,2026-08-05 18:15:46,2,25000.0
T003750,S002,C061,P015,2,30000,2026-08-05 10:29:17,sales_2026_08_05.csv,2026-08-05 10:29:17,2,30000.0
T003751,S003,C021,P027,2,18000,2026-08-05 13:46:22,sales_2026_08_05.csv,2026-08-05 13:46:22,2,18000.0
T003752,S001,C078,P006,3,280000,2026-08-05 18:12:23,sales_2026_08_05.csv,2026-08-05 18:12:23,3,280000.0
T003753,S002,C038,P004,1,25000,2026-08-05 18:33:44,sales_2026_08_05.csv,2026-08-05 18:33:44,1,25000.0
T003754,S005,C095,P004,3,25000,2026-08-05 09:24:24,sales_2026_08_05.csv,2026-08-05 09:24:24,3,25000.0
T003755,S002,C010,P013,4,35000,2026-08-05 11:50:20,sales_2026_08_05.csv,2026-08-05 11:50:20,4,35000.0
T003756,S001,C087,P022,3,18000,2026-08-05 15:40:46,sales_2026_08_05.csv,2026-08-05 15:40:46,3,18000.0
T003757,S002,C057,P009,1,45000,2026-08-05 10:26:13,sales_2026_08_05.csv,2026-08-05 10:26:13,1,45000.0
T003758,S002,C028,P012,3,12000,2026-08-05 11:34:20,sales_2026_08_05.csv,2026-08-05 11:34:20,3,12000.0
T003759,S001,C087,P023,1,22000,2026-08-05 08:15:22,sales_2026_08_05.csv,2026-08-05 08:15:22,1,22000.0
T003760,S002,C057,P018,4,25000,2026-08-05 09:41:19,sales_2026_08_05.csv,2026-08-05 09:41:19,4,25000.0
T003761,S001,C082,P023,1,22000,2026-08-05 14:11:08,sales_2026_08_05.csv,2026-08-05 14:11:08,1,22000.0
T003762,S005,C083,P026,1,30000,2026-08-05 15:11:02,sales_2026_08_05.csv,2026-08-05 15:11:02,1,30000.0
T003763,S001,C050,P022,3,18000,2026-08-05 15:08:16,sales_2026_08_05.csv,2026-08-05 15:08:16,3,18000.0
T003764,S003,C057,P023,2,22000,2026-08-05 16:33:43,sales_2026_08_05.csv,2026-08-05 16:33:43,2,22000.0
T003765,S005,C001,P002,3,520000,2026-08-05 12:34:05,sales_2026_08_05.csv,2026-08-05 12:34:05,3,520000.0
T003766,S004,C099,P002,1,520000,2026-08-05 11:00:30,sales_2026_08_05.csv,2026-08-05 11:00:30,1,520000.0
T003767,S002,C048,P007,1,165000,2026-08-05 08:10:16,sales_2026_08_05.csv,2026-08-05 08:10:16,1,165000.0
T003768,S002,C026,P030,2,50000,2026-08-05 10:16:22,sales_2026_08_05.csv,2026-08-05 10:16:22,2,50000.0
T003770,S001,C044,P001,3,450000,2026-08-05 09:57:36,sales_2026_08_05.csv,2026-08-05 09:57:36,3,450000.0
T003771,S002,C088,P027,2,18000,2026-08-05 08:13:17,sales_2026_08_05.csv,2026-08-05 08:13:17,2,18000.0
T003772,S001,C029,P022,1,18000,2026-08-05 09:43:54,sales_2026_08_05.csv,2026-08-05 09:43:54,1,18000.0
T003773,S001,C086,P029,2,32000,2026-08-05 15:19:37,sales_2026_08_05.csv,2026-08-05 15:19:37,2,32000.0
T003774,S002,C006,P006,4,280000,2026-08-05 14:55:31,sales_2026_08_05.csv,2026-08-05 14:55:31,4,280000.0
T003775,S005,C014,P014,3,7000,2026-08-05 18:17:33,sales_2026_08_05.csv,2026-08-05 18:17:33,3,7000.0
T003776,S003,C042,P027,2,18000,2026-08-05 16:46:47,sales_2026_08_05.csv,2026-08-05 16:46:47,2,18000.0
T003777,S002,C080,P018,4,25000,2026-08-05 14:14:43,sales_2026_08_05.csv,2026-08-05 14:14:43,4,25000.0
T003778,S005,C051,P007,4,165000,2026-08-05 09:30:47,sales_2026_08_05.csv,2026-08-05 09:30:47,4,165000.0
T003779,S001,C030,P014,4,7000,2026-08-05 14:12:17,sales_2026_08_05.csv,2026-08-05 14:12:17,4,7000.0
T003780,S001,C046,P007,1,165000,2026-08-05 08:40:39,sales_2026_08_05.csv,2026-08-05 08:40:39,1,165000.0
T003781,S002,C002,P011,3,75000,2026-08-05 12:44:23,sales_2026_08_05.csv,2026-08-05 12:44:23,3,75000.0
T003782,S003,C002,P013,2,35000,2026-08-05 12:17:34,sales_2026_08_05.csv,2026-08-05 12:17:34,2,35000.0
T003783,S002,C059,P013,4,35000,2026-08-05 12:42:21,sales_2026_08_05.csv,2026-08-05 12:42:21,4,35000.0
T003784,S001,C085,P008,1,390000,2026-08-05 11:04:41,sales_2026_08_05.csv,2026-08-05 11:04:41,1,390000.0
T003785,S003,C084,P027,1,18000,2026-08-05 15:32:38,sales_2026_08_05.csv,2026-08-05 15:32:38,1,18000.0
T003786,S003,C006,P020,4,180000,2026-08-05 17:15:01,sales_2026_08_05.csv,2026-08-05 17:15:01,4,180000.0
T003787,S002,C053,P003,3,15000,2026-08-05 16:27:13,sales_2026_08_05.csv,2026-08-05 16:27:13,3,15000.0
T003788,S005,C064,P010,2,8000,2026-08-05 14:54:18,sales_2026_08_05.csv,2026-08-05 14:54:18,2,8000.0
T003789,S005,C073,P004,1,25000,2026-08-05 13:55:18,sales_2026_08_05.csv,2026-08-05 13:55:18,1,25000.0
T003790,S003,C013,P006,3,280000,2026-08-05 08:20:30,sales_2026_08_05.csv,2026-08-05 08:20:30,3,280000.0
T003791,S003,C081,P020,3,180000,2026-08-05 15:57:08,sales_2026_08_05.csv,2026-08-05 15:57:08,3,180000.0
T003792,S004,C087,P023,2,22000,2026-08-05 13:59:41,sales_2026_08_05.csv,2026-08-05 13:59:41,2,22000.0
T003793,S002,C043,P030,2,50000,2026-08-05 10:58:41,sales_2026_08_05.csv,2026-08-05 10:58:41,2,50000.0
T003794,S003,C086,P006,1,280000,2026-08-05 11:36:22,sales_2026_08_05.csv,2026-08-05 11:36:22,1,280000.0
T003795,S001,C043,P016,4,95000,2026-08-05 18:17:30,sales_2026_08_05.csv,2026-08-05 18:17:30,4,95000.0
T003796,S005,C075,P001,3,450000,2026-08-05 14:52:04,sales_2026_08_05.csv,2026-08-05 14:52:04,3,450000.0
T003797,S004,C066,P015,3,30000,2026-08-05 13:14:06,sales_2026_08_05.csv,2026-08-05 13:14:06,3,30000.0
T003798,S002,C065,P021,2,10000,2026-08-05 14:49:48,sales_2026_08_05.csv,2026-08-05 14:49:48,2,10000.0
T003799,S001,C030,P019,4,55000,2026-08-05 12:33:04,sales_2026_08_05.csv,2026-08-05 12:33:04,4,55000.0
T003800,S005,C098,P001,3,450000,2026-08-05 13:10:19,sales_2026_08_05.csv,2026-08-05 13:10:19,3,450000.0
T003801,S001,C040,P029,2,32000,2026-08-05 11:11:36,sales_2026_08_05.csv,2026-08-05 11:11:36,2,32000.0
T003802,S004,C097,P008,1,390000,2026-08-05 12:50:18,sales_2026_08_05.csv,2026-08-05 12:50:18,1,390000.0
T003803,S005,C011,P008,3,390000,2026-08-05 15:32:29,sales_2026_08_05.csv,2026-08-05 15:32:29,3,390000.0
T003804,S002,C048,P002,4,520000,2026-08-05 08:26:21,sales_2026_08_05.csv,2026-08-05 08:26:21,4,520000.0
T003805,S003,C026,P016,4,95000,2026-08-05 16:44:43,sales_2026_08_05.csv,2026-08-05 16:44:43,4,95000.0
T003806,S004,C027,P005,2,120000,2026-08-05 11:06:45,sales_2026_08_05.csv,2026-08-05 11:06:45,2,120000.0
T003807,S001,C031,P021,2,10000,2026-08-05 15:30:29,sales_2026_08_05.csv,2026-08-05 15:30:29,2,10000.0
T003808,S005,C057,P030,4,50000,2026-08-05 15:04:11,sales_2026_08_05.csv,2026-08-05 15:04:11,4,50000.0
T003809,S003,C018,P024,3,40000,2026-08-05 15:10:44,sales_2026_08_05.csv,2026-08-05 15:10:44,3,40000.0
T003810,S003,C083,P009,1,45000,2026-08-05 14:41:21,sales_2026_08_05.csv,2026-08-05 14:41:21,1,45000.0
T003811,S001,C067,P026,1,30000,2026-08-05 18:33:00,sales_2026_08_05.csv,2026-08-05 18:33:00,1,30000.0
T003812,S004,C083,P026,4,30000,2026-08-05 13:35:30,sales_2026_08_05.csv,2026-08-05 13:35:30,4,30000.0
T003813,S003,C097,P027,2,18000,2026-08-05 16:03:19,sales_2026_08_05.csv,2026-08-05 16:03:19,2,18000.0
T003814,S002,C094,P001,3,450000,2026-08-05 15:45:35,sales_2026_08_05.csv,2026-08-05 15:45:35,3,450000.0
T003815,S003,C032,P011,3,75000,2026-08-05 10:35:56,sales_2026_08_05.csv,2026-08-05 10:35:56,3,75000.0
T003816,S005,C007,P007,1,165000,2026-08-05 11:06:58,sales_2026_08_05.csv,2026-08-05 11:06:58,1,165000.0
T003817,S002,C088,P030,3,50000,2026-08-05 12:39:51,sales_2026_08_05.csv,2026-08-05 12:39:51,3,50000.0
T003818,S002,C078,P023,3,22000,2026-08-05 11:03:16,sales_2026_08_05.csv,2026-08-05 11:03:16,3,22000.0
T003819,S004,C067,P028,4,28000,2026-08-05 12:02:03,sales_2026_08_05.csv,2026-08-05 12:02:03,4,28000.0
T003820,S002,C057,P011,4,75000,2026-08-05 12:18:02,sales_2026_08_05.csv,2026-08-05 12:18:02,4,75000.0
T003821,S001,C009,P021,2,10000,2026-08-05 14:38:33,sales_2026_08_05.csv,2026-08-05 14:38:33,2,10000.0
T003822,S004,C009,P028,2,28000,2026-08-05 10:25:07,sales_2026_08_05.csv,2026-08-05 10:25:07,2,28000.0
T003823,S001,C082,P007,2,165000,2026-08-05 16:50:49,sales_2026_08_05.csv,2026-08-05 16:50:49,2,165000.0
T003824,S002,C017,P005,1,120000,2026-08-05 12:48:46,sales_2026_08_05.csv,2026-08-05 12:48:46,1,120000.0
T003825,S002,C076,P003,3,15000,2026-08-05 15:46:07,sales_2026_08_05.csv,2026-08-05 15:46:07,3,15000.0
T003826,S002,C031,P018,2,25000,2026-08-05 08:53:45,sales_2026_08_05.csv,2026-08-05 08:53:45,2,25000.0
T003827,S001,C055,P017,1,85000,2026-08-05 13:10:10,sales_2026_08_05.csv,2026-08-05 13:10:10,1,85000.0
T003828,S004,C040,P024,4,40000,2026-08-05 08:18:37,sales_2026_08_05.csv,2026-08-05 08:18:37,4,40000.0
T003829,S002,C032,P006,4,280000,2026-08-05 15:26:06,sales_2026_08_05.csv,2026-08-05 15:26:06,4,280000.0
T003830,S002,C078,P014,1,7000,2026-08-05 11:46:50,sales_2026_08_05.csv,2026-08-05 11:46:50,1,7000.0
T003831,S003,C037,P008,1,390000,2026-08-05 18:26:30,sales_2026_08_05.csv,2026-08-05 18:26:30,1,390000.0
T003832,S004,C082,P019,3,55000,2026-08-05 11:33:55,sales_2026_08_05.csv,2026-08-05 11:33:55,3,55000.0
T003833,S003,C062,P007,2,165000,2026-08-05 14:12:06,sales_2026_08_05.csv,2026-08-05 14:12:06,2,165000.0
T003834,S003,C051,P003,1,15000,2026-08-05 10:49:52,sales_2026_08_05.csv,2026-08-05 10:49:52,1,15000.0
T003835,S002,C061,P013,1,35000,2026-08-05 14:49:16,sales_2026_08_05.csv,2026-08-05 14:49:16,1,35000.0
T003836,S004,C065,P015,3,30000,2026-08-05 13:08:14,sales_2026_08_05.csv,2026-08-05 13:08:14,3,30000.0
T003837,S004,C098,P020,1,180000,2026-08-05 12:04:36,sales_2026_08_05.csv,2026-08-05 12:04:36,1,180000.0
T003838,S004,C003,P005,4,120000,2026-08-05 10:14:26,sales_2026_08_05.csv,2026-08-05 10:14:26,4,120000.0
T003839,S004,C055,P025,1,210000,2026-08-05 09:13:36,sales_2026_08_05.csv,2026-08-05 09:13:36,1,210000.0
T003840,S001,C098,P028,4,28000,2026-08-05 09:19:07,sales_2026_08_05.csv,2026-08-05 09:19:07,4,28000.0
T003841,S003,C077,P030,3,50000,2026-08-05 18:59:21,sales_2026_08_05.csv,2026-08-05 18:59:21,3,50000.0
T003842,S002,C071,P018,3,25000,2026-08-05 12:32:07,sales_2026_08_05.csv,2026-08-05 12:32:07,3,25000.0
T003843,S002,C033,P024,1,40000,2026-08-05 08:01:16,sales_2026_08_05.csv,2026-08-05 08:01:16,1,40000.0
T003844,S004,C040,P013,1,35000,2026-08-05 18:28:55,sales_2026_08_05.csv,2026-08-05 18:28:55,1,35000.0
T003845,S003,C049,P015,1,30000,2026-08-05 08:13:11,sales_2026_08_05.csv,2026-08-05 08:13:11,1,30000.0
T003846,S005,C062,P018,4,25000,2026-08-05 12:36:16,sales_2026_08_05.csv,2026-08-05 12:36:16,4,25000.0
T003847,S003,C018,P003,2,15000,2026-08-05 15:53:32,sales_2026_08_05.csv,2026-08-05 15:53:32,2,15000.0
T003848,S004,C026,P023,3,22000,2026-08-05 18:03:38,sales_2026_08_05.csv,2026-08-05 18:03:38,3,22000.0
T003849,S002,C001,P005,2,120000,2026-08-05 15:50:30,sales_2026_08_05.csv,2026-08-05 15:50:30,2,120000.0
T003850,S005,C094,P001,4,450000,2026-08-05 13:05:59,sales_2026_08_05.csv,2026-08-05 13:05:59,4,450000.0
T003851,S003,C063,P024,2,40000,2026-08-05 18:43:07,sales_2026_08_05.csv,2026-08-05 18:43:07,2,40000.0
T003852,S004,C051,P013,1,35000,2026-08-05 08:25:57,sales_2026_08_05.csv,2026-08-05 08:25:57,1,35000.0
T003853,S003,C050,P024,3,40000,2026-08-05 18:51:20,sales_2026_08_05.csv,2026-08-05 18:51:20,3,40000.0
T003854,S003,C083,P016,1,95000,2026-08-05 17:20:35,sales_2026_08_05.csv,2026-08-05 17:20:35,1,95000.0
T003855,S001,C053,P019,4,55000,2026-08-05 18:13:05,sales_2026_08_05.csv,2026-08-05 18:13:05,4,55000.0
T003856,S001,C016,P029,2,32000,2026-08-05 10:48:08,sales_2026_08_05.csv,2026-08-05 10:48:08,2,32000.0
T003857,S005,C021,P013,3,35000,2026-08-05 09:34:01,sales_2026_08_05.csv,2026-08-05 09:34:01,3,35000.0
T003858,S004,C033,P007,4,165000,2026-08-05 15:17:47,sales_2026_08_05.csv,2026-08-05 15:17:47,4,165000.0
T003859,S003,C066,P025,2,210000,2026-08-05 13:40:28,sales_2026_08_05.csv,2026-08-05 13:40:28,2,210000.0
T003860,S004,C082,P023,3,22000,2026-08-05 13:45:17,sales_2026_08_05.csv,2026-08-05 13:45:17,3,22000.0
T003861,S003,C090,P023,4,22000,2026-08-05 18:10:14,sales_2026_08_05.csv,2026-08-05 18:10:14,4,22000.0
T003862,S004,C055,P002,4,520000,2026-08-05 14:49:15,sales_2026_08_05.csv,2026-08-05 14:49:15,4,520000.0
T003863,S002,C032,P024,3,40000,2026-08-05 11:25:18,sales_2026_08_05.csv,2026-08-05 11:25:18,3,40000.0
T003864,S001,C047,P016,1,95000,2026-08-05 12:24:02,sales_2026_08_05.csv,2026-08-05 12:24:02,1,95000.0
T003865,S001,C090,P021,4,10000,2026-08-05 09:28:06,sales_2026_08_05.csv,2026-08-05 09:28:06,4,10000.0
T003866,S002,C034,P022,3,18000,2026-08-05 10:06:55,sales_2026_08_05.csv,2026-08-05 10:06:55,3,18000.0
T003867,S004,C088,P020,2,180000,2026-08-05 09:34:36,sales_2026_08_05.csv,2026-08-05 09:34:36,2,180000.0
T003868,S003,C032,P005,3,120000,2026-08-05 16:54:47,sales_2026_08_05.csv,2026-08-05 16:54:47,3,120000.0
T003869,S005,C085,P020,4,180000,2026-08-05 15:45:12,sales_2026_08_05.csv,2026-08-05 15:45:12,4,180000.0
T003870,S002,C002,P027,1,18000,2026-08-05 13:50:01,sales_2026_08_05.csv,2026-08-05 13:50:01,1,18000.0
T003871,S001,C083,P004,1,25000,2026-08-05 12:07:04,sales_2026_08_05.csv,2026-08-05 12:07:04,1,25000.0
T003872,S004,C051,P023,3,22000,2026-08-05 15:21:12,sales_2026_08_05.csv,2026-08-05 15:21:12,3,22000.0
T003873,S005,C011,P023,1,22000,2026-08-05 16:56:31,sales_2026_08_05.csv,2026-08-05 16:56:31,1,22000.0
T003874,S002,C055,P017,2,85000,2026-08-05 17:41:36,sales_2026_08_05.csv,2026-08-05 17:41:36,2,85000.0
T003875,S004,C033,P006,3,280000,2026-08-05 14:01:01,sales_2026_08_05.csv,2026-08-05 14:01:01,3,280000.0
T003876,S003,C065,P023,3,22000,2026-08-05 17:01:07,sales_2026_08_05.csv,2026-08-05 17:01:07,3,22000.0
T003877,S004,C076,P018,1,25000,2026-08-05 13:37:27,sales_2026_08_05.csv,2026-08-05 13:37:27,1,25000.0
T003878,S004,C097,P010,1,8000,2026-08-05 13:13:11,sales_2026_08_05.csv,2026-08-05 13:13:11,1,8000.0
T003879,S001,C014,P029,4,32000,2026-08-05 17:31:11,sales_2026_08_05.csv,2026-08-05 17:31:11,4,32000.0
T003880,S005,C100,P021,2,10000,2026-08-05 12:15:00,sales_2026_08_05.csv,2026-08-05 12:15:00,2,10000.0
T003881,S003,C019,P026,3,30000,2026-08-05 12:21:18,sales_2026_08_05.csv,2026-08-05 12:21:18,3,30000.0
T003882,S002,C096,P009,1,45000,2026-08-05 11:21:14,sales_2026_08_05.csv,2026-08-05 11:21:14,1,45000.0
T003883,S003,C001,P013,2,35000,2026-08-05 13:42:20,sales_2026_08_05.csv,2026-08-05 13:42:20,2,35000.0
T003884,S004,C001,P006,4,280000,2026-08-05 13:59:36,sales_2026_08_05.csv,2026-08-05 13:59:36,4,280000.0
T003885,S001,C100,P004,2,25000,2026-08-05 15:15:54,sales_2026_08_05.csv,2026-08-05 15:15:54,2,25000.0
T003886,S004,C068,P023,4,22000,2026-08-05 12:44:07,sales_2026_08_05.csv,2026-08-05 12:44:07,4,22000.0
T003887,S003,C094,P014,2,7000,2026-08-05 10:23:46,sales_2026_08_05.csv,2026-08-05 10:23:46,2,7000.0
T003888,S002,C023,P014,4,7000,2026-08-05 17:32:06,sales_2026_08_05.csv,2026-08-05 17:32:06,4,7000.0
T003889,S002,C091,P012,1,12000,2026-08-05 11:48:21,sales_2026_08_05.csv,2026-08-05 11:48:21,1,12000.0
T003890,S002,C063,P005,2,120000,2026-08-05 18:09:08,sales_2026_08_05.csv,2026-08-05 18:09:08,2,120000.0
T003891,S005,C015,P006,1,280000,2026-08-05 10:16:51,sales_2026_08_05.csv,2026-08-05 10:16:51,1,280000.0
T003892,S005,C028,P015,2,30000,2026-08-05 14:09:38,sales_2026_08_05.csv,2026-08-05 14:09:38,2,30000.0
T003893,S002,C008,P006,1,280000,2026-08-05 13:54:09,sales_2026_08_05.csv,2026-08-05 13:54:09,1,280000.0
T003894,S002,C098,P024,3,40000,2026-08-05 17:06:54,sales_2026_08_05.csv,2026-08-05 17:06:54,3,40000.0
T003895,S003,C053,P007,1,165000,2026-08-05 09:31:38,sales_2026_08_05.csv,2026-08-05 09:31:38,1,165000.0
T003896,S005,C014,P015,1,30000,2026-08-05 18:00:33,sales_2026_08_05.csv,2026-08-05 18:00:33,1,30000.0
T003897,S002,C011,P028,3,28000,2026-08-05 13:50:44,sales_2026_08_05.csv,2026-08-05 13:50:44,3,28000.0
T003898,S001,C049,P010,4,8000,2026-08-05 14:26:49,sales_2026_08_05.csv,2026-08-05 14:26:49,4,8000.0
T003899,S003,C009,P004,1,25000,2026-08-05 13:36:42,sales_2026_08_05.csv,2026-08-05 13:36:42,1,25000.0
T003900,S001,C075,P011,3,75000,2026-08-05 08:23:46,sales_2026_08_05.csv,2026-08-05 08:23:46,3,75000.0
T003901,S004,C063,P008,3,390000,2026-08-05 13:28:04,sales_2026_08_05.csv,2026-08-05 13:28:04,3,390000.0
T003902,S001,C002,P022,1,18000,2026-08-05 10:53:56,sales_2026_08_05.csv,2026-08-05 10:53:56,1,18000.0
T003903,S003,C097,P002,2,520000,2026-08-05 11:46:10,sales_2026_08_05.csv,2026-08-05 11:46:10,2,520000.0
T003904,S005,C006,P001,2,450000,2026-08-05 15:08:24,sales_2026_08_05.csv,2026-08-05 15:08:24,2,450000.0
T003905,S002,C067,P004,2,25000,2026-08-05 13:28:28,sales_2026_08_05.csv,2026-08-05 13:28:28,2,25000.0
T003906,S001,C049,P026,4,30000,2026-08-05 09:01:31,sales_2026_08_05.csv,2026-08-05 09:01:31,4,30000.0
T003907,S005,C098,P020,2,180000,2026-08-05 08:48:12,sales_2026_08_05.csv,2026-08-05 08:48:12,2,180000.0
T003908,S004,C061,P009,4,45000,2026-08-05 10:02:32,sales_2026_08_05.csv,2026-08-05 10:02:32,4,45000.0
T003909,S003,C078,P025,4,210000,2026-08-05 10:05:59,sales_2026_08_05.csv,2026-08-05 10:05:59,4,210000.0
T003910,S003,C048,P014,2,7000,2026-08-05 14:41:28,sales_2026_08_05.csv,2026-08-05 14:41:28,2,7000.0
T003911,S003,C041,P022,4,18000,2026-08-05 09:57:21,sales_2026_08_05.csv,2026-08-05 09:57:21,4,18000.0
T003912,S002,C047,P027,1,18000,2026-08-05 17:41:56,sales_2026_08_05.csv,2026-08-05 17:41:56,1,18000.0
T003913,S004,C049,P022,2,18000,2026-08-05 10:18:26,sales_2026_08_05.csv,2026-08-05 10:18:26,2,18000.0
T003914,S001,C046,P020,3,180000,2026-08-05 09:00:08,sales_2026_08_05.csv,2026-08-05 09:00:08,3,180000.0
T003915,S003,C013,P028,4,28000,2026-08-05 17:37:59,sales_2026_08_05.csv,2026-08-05 17:37:59,4,28000.0
T003916,S004,C090,P001,4,450000,2026-08-05 11:14:54,sales_2026_08_05.csv,2026-08-05 11:14:54,4,450000.0
T003917,S002,C004,P013,1,35000,2026-08-05 12:40:46,sales_2026_08_05.csv,2026-08-05 12:40:46,1,35000.0
T003918,S001,C068,P020,2,180000,2026-08-05 18:32:57,sales_2026_08_05.csv,2026-08-05 18:32:57,2,180000.0
T003919,S002,C048,P009,3,45000,2026-08-05 18:23:17,sales_2026_08_05.csv,2026-08-05 18:23:17,3,45000.0
T003920,S005,C088,P015,4,30000,2026-08-05 15:51:50,sales_2026_08_05.csv,2026-08-05 15:51:50,4,30000.0
T003921,S004,C066,P022,1,18000,2026-08-05 08:45:29,sales_2026_08_05.csv,2026-08-05 08:45:29,1,18000.0
T003922,S002,C001,P014,1,7000,2026-08-05 14:31:36,sales_2026_08_05.csv,2026-08-05 14:31:36,1,7000.0
T003923,S003,C003,P021,1,10000,2026-08-05 18:52:47,sales_2026_08_05.csv,2026-08-05 18:52:47,1,10000.0
T003924,S003,C006,P021,1,10000,2026-08-05 18:24:57,sales_2026_08_05.csv,2026-08-05 18:24:57,1,10000.0
T003925,S003,C087,P026,3,30000,2026-08-05 09:09:57,sales_2026_08_05.csv,2026-08-05 09:09:57,3,30000.0
T003926,S002,C078,P015,1,30000,2026-08-05 12:21:20,sales_2026_08_05.csv,2026-08-05 12:21:20,1,30000.0
T003927,S004,C095,P016,2,95000,2026-08-05 11:28:15,sales_2026_08_05.csv,2026-08-05 11:28:15,2,95000.0
T003929,S004,C085,P014,1,7000,2026-08-05 15:38:34,sales_2026_08_05.csv,2026-08-05 15:38:34,1,7000.0
T003930,S001,C094,P028,4,28000,2026-08-05 11:00:44,sales_2026_08_05.csv,2026-08-05 11:00:44,4,28000.0
T003931,S003,C078,P013,4,35000,2026-08-05 11:47:36,sales_2026_08_05.csv,2026-08-05 11:47:36,4,35000.0
T003932,S002,C067,P007,2,165000,2026-08-05 08:59:38,sales_2026_08_05.csv,2026-08-05 08:59:38,2,165000.0
T003933,S005,C092,P029,2,32000,2026-08-05 13:28:39,sales_2026_08_05.csv,2026-08-05 13:28:39,2,32000.0
T003934,S001,C017,P017,3,85000,2026-08-05 09:44:23,sales_2026_08_05.csv,2026-08-05 09:44:23,3,85000.0
T003935,S001,C039,P016,1,95000,2026-08-05 12:45:10,sales_2026_08_05.csv,2026-08-05 12:45:10,1,95000.0
T003936,S005,C060,P027,1,18000,2026-08-05 09:34:36,sales_2026_08_05.csv,2026-08-05 09:34:36,1,18000.0
T003937,S004,C015,P006,3,280000,2026-08-05 18:29:32,sales_2026_08_05.csv,2026-08-05 18:29:32,3,280000.0
T003938,S005,C031,P016,3,95000,2026-08-05 09:35:41,sales_2026_08_05.csv,2026-08-05 09:35:41,3,95000.0
T003939,S002,C022,P008,4,390000,2026-08-05 13:44:26,sales_2026_08_05.csv,2026-08-05 13:44:26,4,390000.0
T003940,S001,C014,P025,3,210000,2026-08-05 10:10:00,sales_2026_08_05.csv,2026-08-05 10:10:00,3,210000.0
T003941,S001,C021,P014,3,7000,2026-08-05 08:50:23,sales_2026_08_05.csv,2026-08-05 08:50:23,3,7000.0
T003942,S003,C050,P030,3,50000,2026-08-05 10:13:31,sales_2026_08_05.csv,2026-08-05 10:13:31,3,50000.0
T003943,S003,C029,P025,4,210000,2026-08-05 08:36:09,sales_2026_08_05.csv,2026-08-05 08:36:09,4,210000.0
T003944,S003,C086,P024,3,40000,2026-08-05 09:32:00,sales_2026_08_05.csv,2026-08-05 09:32:00,3,40000.0
T003945,S001,C086,P016,3,95000,2026-08-05 13:25:41,sales_2026_08_05.csv,2026-08-05 13:25:41,3,95000.0
T003946,S005,C082,P005,4,120000,2026-08-05 15:10:11,sales_2026_08_05.csv,2026-08-05 15:10:11,4,120000.0
T003947,S004,C012,P024,2,40000,2026-08-05 08:57:38,sales_2026_08_05.csv,2026-08-05 08:57:38,2,40000.0
T003948,S003,C029,P026,3,30000,2026-08-05 12:51:04,sales_2026_08_05.csv,2026-08-05 12:51:04,3,30000.0
T003949,S005,C099,P030,1,50000,2026-08-05 14:23:37,sales_2026_08_05.csv,2026-08-05 14:23:37,1,50000.0
T003950,S005,C009,P030,1,50000,2026-08-05 10:34:35,sales_2026_08_05.csv,2026-08-05 10:34:35,1,50000.0
T003951,S003,C049,P021,1,10000,2026-08-05 12:05:34,sales_2026_08_05.csv,2026-08-05 12:05:34,1,10000.0
T003952,S004,C084,P030,1,50000,2026-08-05 08:47:24,sales_2026_08_05.csv,2026-08-05 08:47:24,1,50000.0
T003953,S005,C056,P021,2,10000,2026-08-05 10:25:17,sales_2026_08_05.csv,2026-08-05 10:25:17,2,10000.0
T003954,S002,C029,P026,1,30000,2026-08-05 13:08:03,sales_2026_08_05.csv,2026-08-05 13:08:03,1,30000.0
T003955,S001,C038,P009,1,45000,2026-08-05 18:53:41,sales_2026_08_05.csv,2026-08-05 18:53:41,1,45000.0
T003956,S001,C012,P003,2,15000,2026-08-05 18:57:32,sales_2026_08_05.csv,2026-08-05 18:57:32,2,15000.0
T003957,S005,C025,P011,4,75000,2026-08-05 18:46:33,sales_2026_08_05.csv,2026-08-05 18:46:33,4,75000.0
T003958,S001,C074,P024,3,40000,2026-08-05 12:39:14,sales_2026_08_05.csv,2026-08-05 12:39:14,3,40000.0
T003959,S002,C041,P012,3,12000,2026-08-05 08:53:14,sales_2026_08_05.csv,2026-08-05 08:53:14,3,12000.0
T003960,S005,C095,P013,4,35000,2026-08-05 11:33:33,sales_2026_08_05.csv,2026-08-05 11:33:33,4,35000.0
T003961,S003,C008,P001,1,450000,2026-08-05 10:36:53,sales_2026_08_05.csv,2026-08-05 10:36:53,1,450000.0
T003962,S005,C025,P019,1,55000,2026-08-05 08:09:19,sales_2026_08_05.csv,2026-08-05 08:09:19,1,55000.0
T003963,S004,C055,P028,3,28000,2026-08-05 09:02:51,sales_2026_08_05.csv,2026-08-05 09:02:51,3,28000.0
T003964,S003,C087,P011,4,75000,2026-08-05 12:59:06,sales_2026_08_05.csv,2026-08-05 12:59:06,4,75000.0
T003965,S002,C067,P030,3,50000,2026-08-05 11:44:10,sales_2026_08_05.csv,2026-08-05 11:44:10,3,50000.0
T003966,S005,C076,P022,1,18000,2026-08-05 09:59:02,sales_2026_08_05.csv,2026-08-05 09:59:02,1,18000.0
T003967,S001,C051,P008,3,390000,2026-08-05 15:52:37,sales_2026_08_05.csv,2026-08-05 15:52:37,3,390000.0
T003968,S005,C059,P001,2,450000,2026-08-05 11:55:41,sales_2026_08_05.csv,2026-08-05 11:55:41,2,450000.0
T003969,S002,C038,P011,4,75000,2026-08-05 17:22:13,sales_2026_08_05.csv,2026-08-05 17:22:13,4,75000.0
T003970,S002,C064,P027,2,18000,2026-08-05 10:39:02,sales_2026_08_05.csv,2026-08-05 10:39:02,2,18000.0
T003971,S004,C019,P022,2,18000,2026-08-05 13:55:20,sales_2026_08_05.csv,2026-08-05 13:55:20,2,18000.0
T003974,S003,C065,P011,4,75000,2026-08-05 09:40:37,sales_2026_08_05.csv,2026-08-05 09:40:37,4,75000.0
T003975,S001,C036,P023,2,22000,2026-08-05 09:46:38,sales_2026_08_05.csv,2026-08-05 09:46:38,2,22000.0
T003976,S005,C062,P028,1,28000,2026-08-05 14:44:04,sales_2026_08_05.csv,2026-08-05 14:44:04,1,28000.0
T003977,S002,C064,P021,2,10000,2026-08-05 10:54:05,sales_2026_08_05.csv,2026-08-05 10:54:05,2,10000.0
T003978,S004,C008,P010,4,8000,2026-08-05 09:53:45,sales_2026_08_05.csv,2026-08-05 09:53:45,4,8000.0
T003979,S003,C020,P026,1,30000,2026-08-05 18:13:38,sales_2026_08_05.csv,2026-08-05 18:13:38,1,30000.0
T003980,S002,C094,P027,3,18000,2026-08-05 08:28:22,sales_2026_08_05.csv,2026-08-05 08:28:22,3,18000.0
T003981,S002,C090,P030,2,50000,2026-08-05 14:12:59,sales_2026_08_05.csv,2026-08-05 14:12:59,2,50000.0
T003982,S001,C100,P024,2,40000,2026-08-05 14:01:51,sales_2026_08_05.csv,2026-08-05 14:01:51,2,40000.0
T003983,S004,C094,P006,3,280000,2026-08-05 10:45:24,sales_2026_08_05.csv,2026-08-05 10:45:24,3,280000.0
T003984,S003,C085,P013,4,35000,2026-08-05 12:58:49,sales_2026_08_05.csv,2026-08-05 12:58:49,4,35000.0
T003985,S002,C003,P030,4,50000,2026-08-05 08:57:54,sales_2026_08_05.csv,2026-08-05 08:57:54,4,50000.0
T003986,S004,C044,P018,2,25000,2026-08-05 15:56:02,sales_2026_08_05.csv,2026-08-05 15:56:02,2,25000.0
T003987,S004,C045,P014,4,7000,2026-08-05 10:26:19,sales_2026_08_05.csv,2026-08-05 10:26:19,4,7000.0
T003988,S004,C051,P025,4,210000,2026-08-05 10:07:38,sales_2026_08_05.csv,2026-08-05 10:07:38,4,210000.0
T003989,S005,C094,P003,2,15000,2026-08-05 11:27:49,sales_2026_08_05.csv,2026-08-05 11:27:49,2,15000.0
T003990,S003,C090,P010,2,8000,2026-08-05 17:55:33,sales_2026_08_05.csv,2026-08-05 17:55:33,2,8000.0
T003991,S002,C090,P030,3,50000,2026-08-05 16:45:40,sales_2026_08_05.csv,2026-08-05 16:45:40,3,50000.0
T003992,S005,C051,P028,2,28000,2026-08-05 18:24:56,sales_2026_08_05.csv,2026-08-05 18:24:56,2,28000.0
T003993,S002,C042,P004,2,25000,2026-08-05 15:10:17,sales_2026_08_05.csv,2026-08-05 15:10:17,2,25000.0
T003994,S005,C007,P025,3,210000,2026-08-05 15:17:31,sales_2026_08_05.csv,2026-08-05 15:17:31,3,210000.0
T003995,S003,C059,P028,3,28000,2026-08-05 13:16:49,sales_2026_08_05.csv,2026-08-05 13:16:49,3,28000.0
T003996,S002,C074,P021,3,10000,2026-08-05 17:57:25,sales_2026_08_05.csv,2026-08-05 17:57:25,3,10000.0
T003997,S004,C090,P005,2,120000,2026-08-05 13:37:10,sales_2026_08_05.csv,2026-08-05 13:37:10,2,120000.0
T003998,S003,C019,P016,1,95000,2026-08-05 11:54:20,sales_2026_08_05.csv,2026-08-05 11:54:20,1,95000.0
T003999,S002,C096,P007,4,165000,2026-08-05 15:02:38,sales_2026_08_05.csv,2026-08-05 15:02:38,4,165000.0
T004000,S001,C047,P007,1,165000,2026-08-05 14:00:27,sales_2026_08_05.csv,2026-08-05 14:00:27,1,165000.0
T004001,S005,C014,P024,4,40000,2026-08-05 09:21:51,sales_2026_08_05.csv,2026-08-05 09:21:51,4,40000.0
T004002,S002,C049,P022,1,18000,2026-08-05 12:19:11,sales_2026_08_05.csv,2026-08-05 12:19:11,1,18000.0
T004003,S002,C008,P014,3,7000,2026-08-05 11:26:47,sales_2026_08_05.csv,2026-08-05 11:26:47,3,7000.0
T004004,S003,C061,P004,4,25000,2026-08-05 17:18:54,sales_2026_08_05.csv,2026-08-05 17:18:54,4,25000.0
T004005,S001,C016,P006,3,280000,2026-08-05 12:10:02,sales_2026_08_05.csv,2026-08-05 12:10:02,3,280000.0
T004006,S003,C076,P017,1,85000,2026-08-05 17:02:13,sales_2026_08_05.csv,2026-08-05 17:02:13,1,85000.0
T004007,S002,C081,P014,4,7000,2026-08-05 12:51:58,sales_2026_08_05.csv,2026-08-05 12:51:58,4,7000.0
T004008,S004,C032,P024,3,40000,2026-08-05 16:17:18,sales_2026_08_05.csv,2026-08-05 16:17:18,3,40000.0
T004009,S001,C031,P002,3,520000,2026-08-05 09:29:17,sales_2026_08_05.csv,2026-08-05 09:29:17,3,520000.0
T004010,S004,C039,P013,3,35000,2026-08-05 18:10:16,sales_2026_08_05.csv,2026-08-05 18:10:16,3,35000.0
T004011,S005,C023,P023,4,22000,2026-08-05 13:17:10,sales_2026_08_05.csv,2026-08-05 13:17:10,4,22000.0
T004012,S004,C100,P021,3,10000,2026-08-05 10:51:28,sales_2026_08_05.csv,2026-08-05 10:51:28,3,10000.0
T004013,S001,C100,P023,3,22000,2026-08-05 10:39:22,sales_2026_08_05.csv,2026-08-05 10:39:22,3,22000.0
T004014,S004,C036,P015,2,30000,2026-08-05 10:54:57,sales_2026_08_05.csv,2026-08-05 10:54:57,2,30000.0
T004015,S004,C048,P021,2,10000,2026-08-05 12:02:02,sales_2026_08_05.csv,2026-08-05 12:02:02,2,10000.0
T004016,S001,C015,P001,1,450000,2026-08-05 15:53:33,sales_2026_08_05.csv,2026-08-05 15:53:33,1,450000.0
T004017,S001,C063,P003,2,15000,2026-08-05 18:26:44,sales_2026_08_05.csv,2026-08-05 18:26:44,2,15000.0
T004018,S005,C029,P021,1,10000,2026-08-05 15:21:33,sales_2026_08_05.csv,2026-08-05 15:21:33,1,10000.0
T004019,S005,C074,P001,1,450000,2026-08-05 14:01:07,sales_2026_08_05.csv,2026-08-05 14:01:07,1,450000.0
T004020,S004,C036,P019,2,55000,2026-08-05 12:56:04,sales_2026_08_05.csv,2026-08-05 12:56:04,2,55000.0
T004021,S001,C076,P023,3,22000,2026-08-05 17:06:36,sales_2026_08_05.csv,2026-08-05 17:06:36,3,22000.0
T004022,S004,C062,P006,2,280000,2026-08-05 17:20:46,sales_2026_08_05.csv,2026-08-05 17:20:46,2,280000.0
T004023,S004,C039,P021,1,10000,2026-08-05 11:13:24,sales_2026_08_05.csv,2026-08-05 11:13:24,1,10000.0
T004024,S002,C013,P019,2,55000,2026-08-05 18:29:15,sales_2026_08_05.csv,2026-08-05 18:29:15,2,55000.0
T004025,S001,C092,P011,1,75000,2026-08-05 12:20:46,sales_2026_08_05.csv,2026-08-05 12:20:46,1,75000.0
T004026,S005,C024,P030,2,50000,2026-08-05 16:48:03,sales_2026_08_05.csv,2026-08-05 16:48:03,2,50000.0
T004027,S001,C051,P013,2,35000,2026-08-05 18:38:06,sales_2026_08_05.csv,2026-08-05 18:38:06,2,35000.0
T004028,S005,C068,P018,3,25000,2026-08-05 15:44:24,sales_2026_08_05.csv,2026-08-05 15:44:24,3,25000.0
T004029,S001,C067,P016,4,95000,2026-08-05 09:46:37,sales_2026_08_05.csv,2026-08-05 09:46:37,4,95000.0
T004030,S005,C069,P027,2,18000,2026-08-05 14:26:51,sales_2026_08_05.csv,2026-08-05 14:26:51,2,18000.0
T004031,S001,C097,P023,1,22000,2026-08-05 09:18:23,sales_2026_08_05.csv,2026-08-05 09:18:23,1,22000.0
T004032,S002,C085,P025,1,210000,2026-08-05 16:40:50,sales_2026_08_05.csv,2026-08-05 16:40:50,1,210000.0
T004033,S001,C024,P029,3,32000,2026-08-05 11:05:40,sales_2026_08_05.csv,2026-08-05 11:05:40,3,32000.0
T004034,S005,C089,P028,3,28000,2026-08-05 15:38:50,sales_2026_08_05.csv,2026-08-05 15:38:50,3,28000.0
T004035,S001,C072,P006,4,280000,2026-08-05 18:00:39,sales_2026_08_05.csv,2026-08-05 18:00:39,4,280000.0
T004036,S003,C016,P015,4,30000,2026-08-05 09:59:27,sales_2026_08_05.csv,2026-08-05 09:59:27,4,30000.0
T004037,S002,C074,P002,4,520000,2026-08-05 12:19:17,sales_2026_08_05.csv,2026-08-05 12:19:17,4,520000.0
T004038,S002,C012,P007,2,165000,2026-08-05 15:07:05,sales_2026_08_05.csv,2026-08-05 15:07:05,2,165000.0
T004039,S003,C097,P018,3,25000,2026-08-05 12:36:58,sales_2026_08_05.csv,2026-08-05 12:36:58,3,25000.0
T004040,S001,C016,P002,4,520000,2026-08-05 09:55:22,sales_2026_08_05.csv,2026-08-05 09:55:22,4,520000.0
T004041,S003,C047,P017,1,85000,2026-08-05 08:19:11,sales_2026_08_05.csv,2026-08-05 08:19:11,1,85000.0
T004042,S002,C055,P018,4,25000,2026-08-05 12:28:21,sales_2026_08_05.csv,2026-08-05 12:28:21,4,25000.0
T004043,S001,C032,P022,2,18000,2026-08-05 15:08:28,sales_2026_08_05.csv,2026-08-05 15:08:28,2,18000.0
T004046,S004,C018,P018,4,25000,2026-08-05 12:57:27,sales_2026_08_05.csv,2026-08-05 12:57:27,4,25000.0
T004047,S004,C089,P019,1,55000,2026-08-05 12:03:51,sales_2026_08_05.csv,2026-08-05 12:03:51,1,55000.0
T004048,S005,C046,P011,2,75000,2026-08-05 11:00:58,sales_2026_08_05.csv,2026-08-05 11:00:58,2,75000.0
T004049,S005,C066,P020,2,180000,2026-08-05 16:01:19,sales_2026_08_05.csv,2026-08-05 16:01:19,2,180000.0
T004050,S001,C085,P007,1,165000,2026-08-05 11:24:22,sales_2026_08_05.csv,2026-08-05 11:24:22,1,165000.0
T004051,S001,C031,P027,2,18000,2026-08-05 13:56:29,sales_2026_08_05.csv,2026-08-05 13:56:29,2,18000.0
T004052,S002,C019,P002,4,520000,2026-08-05 18:09:19,sales_2026_08_05.csv,2026-08-05 18:09:19,4,520000.0
T004053,S002,C018,P010,2,8000,2026-08-05 13:55:55,sales_2026_08_05.csv,2026-08-05 13:55:55,2,8000.0
T004054,S005,C028,P020,1,180000,2026-08-05 14:47:14,sales_2026_08_05.csv,2026-08-05 14:47:14,1,180000.0
T004055,S003,C036,P019,1,55000,2026-08-05 08:48:20,sales_2026_08_05.csv,2026-08-05 08:48:20,1,55000.0
T004056,S005,C055,P005,3,120000,2026-08-05 09:57:34,sales_2026_08_05.csv,2026-08-05 09:57:34,3,120000.0
T004057,S005,C033,P003,2,15000,2026-08-05 09:06:37,sales_2026_08_05.csv,2026-08-05 09:06:37,2,15000.0
T004058,S004,C084,P009,3,45000,2026-08-05 16:24:46,sales_2026_08_05.csv,2026-08-05 16:24:46,3,45000.0
T004059,S002,C052,P029,3,32000,2026-08-05 17:11:42,sales_2026_08_05.csv,2026-08-05 17:11:42,3,32000.0
T004060,S001,C033,P015,2,30000,2026-08-05 10:03:03,sales_2026_08_05.csv,2026-08-05 10:03:03,2,30000.0
T004061,S004,C089,P022,1,18000,2026-08-05 10:24:43,sales_2026_08_05.csv,2026-08-05 10:24:43,1,18000.0
T004062,S005,C027,P005,1,120000,2026-08-05 11:33:19,sales_2026_08_05.csv,2026-08-05 11:33:19,1,120000.0
T004063,S003,C082,P003,1,15000,2026-08-05 14:30:06,sales_2026_08_05.csv,2026-08-05 14:30:06,1,15000.0
T004064,S002,C092,P023,1,22000,2026-08-05 14:50:23,sales_2026_08_05.csv,2026-08-05 14:50:23,1,22000.0
T004065,S005,C085,P012,2,12000,2026-08-05 15:33:15,sales_2026_08_05.csv,2026-08-05 15:33:15,2,12000.0
T004066,S005,C078,P021,3,10000,2026-08-05 17:57:25,sales_2026_08_05.csv,2026-08-05 17:57:25,3,10000.0
T004067,S004,C020,P006,2,280000,2026-08-05 11:14:43,sales_2026_08_05.csv,2026-08-05 11:14:43,2,280000.0
T004068,S004,C049,P011,3,75000,2026-08-05 15:14:46,sales_2026_08_05.csv,2026-08-05 15:14:46,3,75000.0
T004069,S005,C032,P001,2,450000,2026-08-05 14:09:25,sales_2026_08_05.csv,2026-08-05 14:09:25,2,450000.0
T004070,S003,C016,P003,2,15000,2026-08-05 11:21:51,sales_2026_08_05.csv,2026-08-05 11:21:51,2,15000.0
T004071,S001,C088,P018,2,25000,2026-08-05 17:58:53,sales_2026_08_05.csv,2026-08-05 17:58:53,2,25000.0
T004072,S004,C009,P018,3,25000,2026-08-05 09:03:01,sales_2026_08_05.csv,2026-08-05 09:03:01,3,25000.0
T004073,S001,C047,P011,4,75000,2026-08-05 15:49:55,sales_2026_08_05.csv,2026-08-05 15:49:55,4,75000.0
T004074,S003,C100,P030,1,50000,2026-08-05 16:00:23,sales_2026_08_05.csv,2026-08-05 16:00:23,1,50000.0
T004075,S002,C029,P009,3,45000,2026-08-05 18:04:06,sales_2026_08_05.csv,2026-08-05 18:04:06,3,45000.0
T004076,S001,C013,P009,2,45000,2026-08-05 13:42:15,sales_2026_08_05.csv,2026-08-05 13:42:15,2,45000.0
T004077,S002,C049,P013,2,35000,2026-08-05 11:32:16,sales_2026_08_05.csv,2026-08-05 11:32:16,2,35000.0
T004078,S001,C023,P004,3,25000,2026-08-05 17:06:18,sales_2026_08_05.csv,2026-08-05 17:06:18,3,25000.0
T004079,S003,C076,P017,4,85000,2026-08-05 16:28:44,sales_2026_08_05.csv,2026-08-05 16:28:44,4,85000.0
T004080,S004,C013,P027,3,18000,2026-08-05 13:30:12,sales_2026_08_05.csv,2026-08-05 13:30:12,3,18000.0
T004081,S003,C090,P017,2,85000,2026-08-05 16:26:47,sales_2026_08_05.csv,2026-08-05 16:26:47,2,85000.0
T004082,S003,C071,P019,2,55000,2026-08-05 10:56:47,sales_2026_08_05.csv,2026-08-05 10:56:47,2,55000.0
T004083,S005,C013,P009,4,45000,2026-08-05 14:29:04,sales_2026_08_05.csv,2026-08-05 14:29:04,4,45000.0
T004084,S001,C022,P029,2,32000,2026-08-05 17:31:01,sales_2026_08_05.csv,2026-08-05 17:31:01,2,32000.0
T004085,S004,C024,P011,4,75000,2026-08-05 11:29:52,sales_2026_08_05.csv,2026-08-05 11:29:52,4,75000.0
T004086,S005,C071,P012,3,12000,2026-08-05 13:19:08,sales_2026_08_05.csv,2026-08-05 13:19:08,3,12000.0
T004087,S004,C062,P020,3,180000,2026-08-05 18:27:41,sales_2026_08_05.csv,2026-08-05 18:27:41,3,180000.0
T004088,S002,C034,P019,3,55000,2026-08-05 16:46:49,sales_2026_08_05.csv,2026-08-05 16:46:49,3,55000.0
T004089,S005,C092,P001,3,450000,2026-08-05 17:45:26,sales_2026_08_05.csv,2026-08-05 17:45:26,3,450000.0
T004090,S002,C019,P005,2,120000,2026-08-05 12:14:15,sales_2026_08_05.csv,2026-08-05 12:14:15,2,120000.0
T004091,S005,C095,P013,2,35000,2026-08-05 18:57:41,sales_2026_08_05.csv,2026-08-05 18:57:41,2,35000.0
T004092,S001,C093,P009,3,45000,2026-08-05 09:40:41,sales_2026_08_05.csv,2026-08-05 09:40:41,3,45000.0
T004093,S003,C091,P021,1,10000,2026-08-05 13:42:23,sales_2026_08_05.csv,2026-08-05 13:42:23,1,10000.0
T004094,S002,C087,P025,4,210000,2026-08-05 13:16:19,sales_2026_08_05.csv,2026-08-05 13:16:19,4,210000.0
T004095,S004,C091,P020,3,180000,2026-08-05 16:46:57,sales_2026_08_05.csv,2026-08-05 16:46:57,3,180000.0
T004096,S002,C057,P015,3,30000,2026-08-05 17:59:41,sales_2026_08_05.csv,2026-08-05 17:59:41,3,30000.0
T004097,S004,C065,P012,3,12000,2026-08-05 16:02:33,sales_2026_08_05.csv,2026-08-05 16:02:33,3,12000.0
T004098,S003,C055,P010,4,8000,2026-08-05 14:53:41,sales_2026_08_05.csv,2026-08-05 14:53:41,4,8000.0
T004099,S002,C040,P017,1,85000,2026-08-05 12:42:06,sales_2026_08_05.csv,2026-08-05 12:42:06,1,85000.0
T004100,S001,C040,P021,1,10000,2026-08-05 13:36:48,sales_2026_08_05.csv,2026-08-05 13:36:48,1,10000.0
T004101,S003,C012,P014,1,7000,2026-08-05 13:36:08,sales_2026_08_05.csv,2026-08-05 13:36:08,1,7000.0
T004102,S001,C010,P021,2,10000,2026-08-05 08:13:26,sales_2026_08_05.csv,2026-08-05 08:13:26,2,10000.0
T004103,S002,C012,P024,1,40000,2026-08-05 13:32:00,sales_2026_08_05.csv,2026-08-05 13:32:00,1,40000.0
T004104,S005,C008,P006,1,280000,2026-08-05 17:24:56,sales_2026_08_05.csv,2026-08-05 17:24:56,1,280000.0
T004105,S003,C071,P003,4,15000,2026-08-05 15:48:07,sales_2026_08_05.csv,2026-08-05 15:48:07,4,15000.0
T004106,S004,C002,P030,1,50000,2026-08-05 16:45:10,sales_2026_08_05.csv,2026-08-05 16:45:10,1,50000.0
T004107,S005,C094,P014,3,7000,2026-08-05 12:17:43,sales_2026_08_05.csv,2026-08-05 12:17:43,3,7000.0
T004108,S004,C064,P005,1,120000,2026-08-05 13:49:07,sales_2026_08_05.csv,2026-08-05 13:49:07,1,120000.0
T004109,S005,C090,P017,4,85000,2026-08-05 08:22:05,sales_2026_08_05.csv,2026-08-05 08:22:05,4,85000.0
T004110,S004,C002,P004,1,25000,2026-08-05 12:12:46,sales_2026_08_05.csv,2026-08-05 12:12:46,1,25000.0
T004111,S002,C096,P020,3,180000,2026-08-05 13:13:06,sales_2026_08_05.csv,2026-08-05 13:13:06,3,180000.0
T004112,S004,C090,P001,2,450000,2026-08-05 10:48:26,sales_2026_08_05.csv,2026-08-05 10:48:26,2,450000.0
T004113,S003,C032,P018,1,25000,2026-08-05 08:20:37,sales_2026_08_05.csv,2026-08-05 08:20:37,1,25000.0
T004114,S005,C088,P024,1,40000,2026-08-05 15:35:40,sales_2026_08_05.csv,2026-08-05 15:35:40,1,40000.0
T004115,S001,C078,P020,4,180000,2026-08-05 12:47:09,sales_2026_08_05.csv,2026-08-05 12:47:09,4,180000.0
T004116,S002,C087,P015,1,30000,2026-08-05 12:34:20,sales_2026_08_05.csv,2026-08-05 12:34:20,1,30000.0
T004117,S005,C029,P030,4,50000,2026-08-05 10:44:59,sales_2026_08_05.csv,2026-08-05 10:44:59,4,50000.0
T004118,S001,C047,P006,2,280000,2026-08-05 13:54:58,sales_2026_08_05.csv,2026-08-05 13:54:58,2,280000.0
T004119,S002,C066,P027,2,18000,2026-08-05 12:49:05,sales_2026_08_05.csv,2026-08-05 12:49:05,2,18000.0
T004120,S001,C055,P012,2,12000,2026-08-05 13:12:49,sales_2026_08_05.csv,2026-08-05 13:12:49,2,12000.0
T004121,S004,C022,P016,3,95000,2026-08-05 14:23:22,sales_2026_08_05.csv,2026-08-05 14:23:22,3,95000.0
T004122,S001,C044,P012,1,12000,2026-08-05 08:04:10,sales_2026_08_05.csv,2026-08-05 08:04:10,1,12000.0
T004123,S002,C070,P030,2,50000,2026-08-05 17:59:04,sales_2026_08_05.csv,2026-08-05 17:59:04,2,50000.0
T004124,S001,C038,P028,1,28000,2026-08-05 08:46:55,sales_2026_08_05.csv,2026-08-05 08:46:55,1,28000.0
T004125,S004,C038,P010,3,8000,2026-08-05 12:57:36,sales_2026_08_05.csv,2026-08-05 12:57:36,3,8000.0
T004126,S002,C001,P009,1,45000,2026-08-05 10:16:51,sales_2026_08_05.csv,2026-08-05 10:16:51,1,45000.0
T004127,S005,C051,P024,3,40000,2026-08-05 13:45:41,sales_2026_08_05.csv,2026-08-05 13:45:41,3,40000.0
T004128,S003,C083,P007,3,165000,2026-08-05 11:04:57,sales_2026_08_05.csv,2026-08-05 11:04:57,3,165000.0
T004129,S001,C060,P017,3,85000,2026-08-05 17:27:36,sales_2026_08_05.csv,2026-08-05 17:27:36,3,85000.0
T004130,S005,C063,P029,2,32000,2026-08-05 12:21:35,sales_2026_08_05.csv,2026-08-05 12:21:35,2,32000.0
T004131,S003,C001,P002,1,520000,2026-08-05 15:01:34,sales_2026_08_05.csv,2026-08-05 15:01:34,1,520000.0
T004132,S004,C043,P020,1,180000,2026-08-05 10:44:15,sales_2026_08_05.csv,2026-08-05 10:44:15,1,180000.0
T004133,S003,C014,P010,3,8000,2026-08-05 08:12:48,sales_2026_08_05.csv,2026-08-05 08:12:48,3,8000.0
T004134,S003,C093,P001,4,450000,2026-08-05 12:26:44,sales_2026_08_05.csv,2026-08-05 12:26:44,4,450000.0
T004135,S004,C046,P006,2,280000,2026-08-05 13:54:04,sales_2026_08_05.csv,2026-08-05 13:54:04,2,280000.0
T004136,S001,C056,P001,3,450000,2026-08-05 13:03:18,sales_2026_08_05.csv,2026-08-05 13:03:18,3,450000.0
T004137,S002,C011,P016,4,95000,2026-08-05 18:34:55,sales_2026_08_05.csv,2026-08-05 18:34:55,4,95000.0
T004138,S005,C020,P017,1,85000,2026-08-05 15:46:30,sales_2026_08_05.csv,2026-08-05 15:46:30,1,85000.0
T004139,S001,C063,P014,2,7000,2026-08-05 18:57:08,sales_2026_08_05.csv,2026-08-05 18:57:08,2,7000.0
T004140,S002,C099,P001,2,450000,2026-08-05 11:14:44,sales_2026_08_05.csv,2026-08-05 11:14:44,2,450000.0
T004141,S003,C029,P022,3,18000,2026-08-05 16:40:46,sales_2026_08_05.csv,2026-08-05 16:40:46,3,18000.0
T004142,S004,C048,P016,1,95000,2026-08-05 14:06:40,sales_2026_08_05.csv,2026-08-05 14:06:40,1,95000.0
T004143,S003,C055,P010,2,8000,2026-08-05 14:43:45,sales_2026_08_05.csv,2026-08-05 14:43:45,2,8000.0
T004144,S002,C069,P029,3,32000,2026-08-05 18:50:39,sales_2026_08_05.csv,2026-08-05 18:50:39,3,32000.0
T004145,S003,C014,P026,4,30000,2026-08-05 15:11:37,sales_2026_08_05.csv,2026-08-05 15:11:37,4,30000.0
T004146,S004,C021,P015,3,30000,2026-08-05 17:53:13,sales_2026_08_05.csv,2026-08-05 17:53:13,3,30000.0
T004147,S003,C096,P005,1,120000,2026-08-05 15:58:59,sales_2026_08_05.csv,2026-08-05 15:58:59,1,120000.0
T004148,S001,C046,P014,4,7000,2026-08-05 09:24:04,sales_2026_08_05.csv,2026-08-05 09:24:04,4,7000.0
T004149,S002,C015,P029,4,32000,2026-08-05 15:41:37,sales_2026_08_05.csv,2026-08-05 15:41:37,4,32000.0
T004150,S003,C006,P007,2,165000,2026-08-05 13:19:38,sales_2026_08_05.csv,2026-08-05 13:19:38,2,165000.0
T004151,S004,C054,P005,2,120000,2026-08-05 18:06:24,sales_2026_08_05.csv,2026-08-05 18:06:24,2,120000.0
T004152,S003,C005,P024,4,40000,2026-08-05 16:52:30,sales_2026_08_05.csv,2026-08-05 16:52:30,4,40000.0
T004153,S002,C062,P006,3,280000,2026-08-05 09:08:43,sales_2026_08_05.csv,2026-08-05 09:08:43,3,280000.0
T004154,S003,C016,P022,4,18000,2026-08-05 09:28:23,sales_2026_08_05.csv,2026-08-05 09:28:23,4,18000.0
T004155,S004,C071,P014,1,7000,2026-08-05 08:45:56,sales_2026_08_05.csv,2026-08-05 08:45:56,1,7000.0
T004156,S002,C042,P016,4,95000,2026-08-05 13:25:32,sales_2026_08_05.csv,2026-08-05 13:25:32,4,95000.0
T004157,S004,C065,P025,1,210000,2026-08-05 08:53:18,sales_2026_08_05.csv,2026-08-05 08:53:18,1,210000.0
T004158,S004,C017,P024,2,40000,2026-08-05 15:57:37,sales_2026_08_05.csv,2026-08-05 15:57:37,2,40000.0
T004159,S001,C003,P004,4,25000,2026-08-05 14:04:33,sales_2026_08_05.csv,2026-08-05 14:04:33,4,25000.0
T004160,S002,C045,P005,3,120000,2026-08-05 17:11:41,sales_2026_08_05.csv,2026-08-05 17:11:41,3,120000.0
T004161,S001,C099,P017,4,85000,2026-08-05 11:04:39,sales_2026_08_05.csv,2026-08-05 11:04:39,4,85000.0
T004162,S002,C007,P022,4,18000,2026-08-05 13:42:37,sales_2026_08_05.csv,2026-08-05 13:42:37,4,18000.0
T004163,S003,C055,P022,4,18000,2026-08-05 09:17:32,sales_2026_08_05.csv,2026-08-05 09:17:32,4,18000.0
T004164,S001,C056,P020,1,180000,2026-08-05 17:43:50,sales_2026_08_05.csv,2026-08-05 17:43:50,1,180000.0
T004165,S003,C037,P016,3,95000,2026-08-05 09:55:30,sales_2026_08_05.csv,2026-08-05 09:55:30,3,95000.0
T004166,S001,C098,P016,4,95000,2026-08-05 09:07:33,sales_2026_08_05.csv,2026-08-05 09:07:33,4,95000.0
T004167,S002,C080,P014,3,7000,2026-08-05 10:15:20,sales_2026_08_05.csv,2026-08-05 10:15:20,3,7000.0
T004168,S005,C024,P005,1,120000,2026-08-05 16:52:06,sales_2026_08_05.csv,2026-08-05 16:52:06,1,120000.0
T004169,S003,C099,P008,4,390000,2026-08-05 09:09:50,sales_2026_08_05.csv,2026-08-05 09:09:50,4,390000.0
T004170,S003,C090,P004,1,25000,2026-08-05 14:45:31,sales_2026_08_05.csv,2026-08-05 14:45:31,1,25000.0
T004171,S004,C026,P008,1,390000,2026-08-05 16:12:28,sales_2026_08_05.csv,2026-08-05 16:12:28,1,390000.0
T004172,S001,C090,P016,4,95000,2026-08-05 16:15:42,sales_2026_08_05.csv,2026-08-05 16:15:42,4,95000.0
T004173,S005,C079,P024,1,40000,2026-08-05 10:05:26,sales_2026_08_05.csv,2026-08-05 10:05:26,1,40000.0
T004174,S002,C076,P006,3,280000,2026-08-05 08:40:40,sales_2026_08_05.csv,2026-08-05 08:40:40,3,280000.0
T004175,S002,C030,P021,3,10000,2026-08-05 12:56:12,sales_2026_08_05.csv,2026-08-05 12:56:12,3,10000.0
T004176,S002,C052,P004,3,25000,2026-08-05 10:13:38,sales_2026_08_05.csv,2026-08-05 10:13:38,3,25000.0
T004177,S003,C025,P002,4,520000,2026-08-05 15:41:31,sales_2026_08_05.csv,2026-08-05 15:41:31,4,520000.0
T004178,S002,C055,P030,1,50000,2026-08-05 11:55:25,sales_2026_08_05.csv,2026-08-05 11:55:25,1,50000.0
T004179,S005,C026,P001,1,450000,2026-08-05 12:56:34,sales_2026_08_05.csv,2026-08-05 12:56:34,1,450000.0
T004180,S001,C049,P003,2,15000,2026-08-05 09:14:54,sales_2026_08_05.csv,2026-08-05 09:14:54,2,15000.0
T004181,S005,C040,P014,3,7000,2026-08-05 14:14:34,sales_2026_08_05.csv,2026-08-05 14:14:34,3,7000.0
T004182,S002,C029,P023,1,22000,2026-08-05 10:02:26,sales_2026_08_05.csv,2026-08-05 10:02:26,1,22000.0
T004183,S004,C062,P011,1,75000,2026-08-05 15:28:07,sales_2026_08_05.csv,2026-08-05 15:28:07,1,75000.0
T004184,S005,C055,P002,2,520000,2026-08-05 08:46:58,sales_2026_08_05.csv,2026-08-05 08:46:58,2,520000.0
T004185,S001,C039,P021,1,10000,2026-08-05 18:44:05,sales_2026_08_05.csv,2026-08-05 18:44:05,1,10000.0
T004186,S003,C047,P004,2,25000,2026-08-05 15:31:47,sales_2026_08_05.csv,2026-08-05 15:31:47,2,25000.0
T004187,S003,C092,P009,2,45000,2026-08-05 09:59:56,sales_2026_08_05.csv,2026-08-05 09:59:56,2,45000.0
T004188,S002,C041,P014,2,7000,2026-08-05 08:09:18,sales_2026_08_05.csv,2026-08-05 08:09:18,2,7000.0
T004189,S001,C024,P029,3,32000,2026-08-05 11:40:44,sales_2026_08_05.csv,2026-08-05 11:40:44,3,32000.0
T004190,S001,C007,P002,2,520000,2026-08-05 09:40:51,sales_2026_08_05.csv,2026-08-05 09:40:51,2,520000.0
T004191,S003,C028,P022,4,18000,2026-08-05 10:24:09,sales_2026_08_05.csv,2026-08-05 10:24:09,4,18000.0
T004193,S005,C013,P030,3,50000,2026-08-05 14:38:06,sales_2026_08_05.csv,2026-08-05 14:38:06,3,50000.0
T004194,S002,C033,P014,4,7000,2026-08-05 09:56:27,sales_2026_08_05.csv,2026-08-05 09:56:27,4,7000.0
T004195,S003,C043,P016,4,95000,2026-08-05 14:07:23,sales_2026_08_05.csv,2026-08-05 14:07:23,4,95000.0
T004196,S001,C013,P010,2,8000,2026-08-05 10:48:48,sales_2026_08_05.csv,2026-08-05 10:48:48,2,8000.0
T004197,S001,C088,P022,3,18000,2026-08-05 18:44:17,sales_2026_08_05.csv,2026-08-05 18:44:17,3,18000.0
T004198,S002,C043,P018,3,25000,2026-08-05 08:21:37,sales_2026_08_05.csv,2026-08-05 08:21:37,3,25000.0
T004199,S003,C096,P012,2,12000,2026-08-05 16:03:19,sales_2026_08_05.csv,2026-08-05 16:03:19,2,12000.0
T004200,S005,C068,P025,2,210000,2026-08-05 16:30:10,sales_2026_08_05.csv,2026-08-05 16:30:10,2,210000.0
T004201,S003,C031,P020,3,180000,2026-08-05 08:44:19,sales_2026_08_05.csv,2026-08-05 08:44:19,3,180000.0
T004202,S003,C027,P021,3,10000,2026-08-05 09:53:26,sales_2026_08_05.csv,2026-08-05 09:53:26,3,10000.0
T004203,S004,C012,P019,2,55000,2026-08-05 12:13:38,sales_2026_08_05.csv,2026-08-05 12:13:38,2,55000.0
T004204,S001,C017,P029,4,32000,2026-08-05 17:32:58,sales_2026_08_05.csv,2026-08-05 17:32:58,4,32000.0
T004205,S005,C016,P021,2,10000,2026-08-05 13:54:25,sales_2026_08_05.csv,2026-08-05 13:54:25,2,10000.0
T004206,S005,C084,P002,3,520000,2026-08-05 15:12:30,sales_2026_08_05.csv,2026-08-05 15:12:30,3,520000.0
T004207,S002,C025,P027,3,18000,2026-08-05 16:36:47,sales_2026_08_05.csv,2026-08-05 16:36:47,3,18000.0
T004208,S004,C013,P023,4,22000,2026-08-05 17:06:33,sales_2026_08_05.csv,2026-08-05 17:06:33,4,22000.0
T004209,S005,C080,P003,1,15000,2026-08-05 13:14:20,sales_2026_08_05.csv,2026-08-05 13:14:20,1,15000.0
T004210,S003,C093,P011,2,75000,2026-08-05 13:35:48,sales_2026_08_05.csv,2026-08-05 13:35:48,2,75000.0
T004211,S002,C069,P016,3,95000,2026-08-05 15:53:53,sales_2026_08_05.csv,2026-08-05 15:53:53,3,95000.0
T004212,S002,C006,P024,2,40000,2026-08-05 10:53:48,sales_2026_08_05.csv,2026-08-05 10:53:48,2,40000.0
T004213,S002,C054,P005,2,120000,2026-08-05 17:23:57,sales_2026_08_05.csv,2026-08-05 17:23:57,2,120000.0
T004214,S003,C098,P018,2,25000,2026-08-05 08:13:43,sales_2026_08_05.csv,2026-08-05 08:13:43,2,25000.0
T004215,S005,C045,P028,4,28000,2026-08-05 10:09:12,sales_2026_08_05.csv,2026-08-05 10:09:12,4,28000.0
T004216,S003,C058,P029,3,32000,2026-08-05 16:48:07,sales_2026_08_05.csv,2026-08-05 16:48:07,3,32000.0
T004217,S001,C056,P021,2,10000,2026-08-05 11:44:34,sales_2026_08_05.csv,2026-08-05 11:44:34,2,10000.0
T004218,S004,C054,P003,2,15000,2026-08-05 09:38:53,sales_2026_08_05.csv,2026-08-05 09:38:53,2,15000.0
T004219,S005,C003,P017,1,85000,2026-08-05 10:03:15,sales_2026_08_05.csv,2026-08-05 10:03:15,1,85000.0
T004220,S005,C036,P006,2,280000,2026-08-05 13:50:17,sales_2026_08_05.csv,2026-08-05 13:50:17,2,280000.0
T004221,S002,C038,P023,1,22000,2026-08-05 17:18:28,sales_2026_08_05.csv,2026-08-05 17:18:28,1,22000.0
T004222,S005,C008,P002,3,520000,2026-08-05 08:46:37,sales_2026_08_05.csv,2026-08-05 08:46:37,3,520000.0
T004223,S002,C095,P026,4,30000,2026-08-05 08:20:07,sales_2026_08_05.csv,2026-08-05 08:20:07,4,30000.0
T004224,S004,C064,P027,3,18000,2026-08-05 13:07:00,sales_2026_08_05.csv,2026-08-05 13:07:00,3,18000.0
T004225,S005,C066,P022,3,18000,2026-08-05 18:31:05,sales_2026_08_05.csv,2026-08-05 18:31:05,3,18000.0
T004227,S005,C050,P025,3,210000,2026-08-05 18:33:03,sales_2026_08_05.csv,2026-08-05 18:33:03,3,210000.0
T004228,S004,C052,P018,3,25000,2026-08-05 17:45:52,sales_2026_08_05.csv,2026-08-05 17:45:52,3,25000.0
T004229,S003,C027,P020,2,180000,2026-08-05 11:06:52,sales_2026_08_05.csv,2026-08-05 11:06:52,2,180000.0
T004230,S001,C021,P006,3,280000,2026-08-05 16:59:11,sales_2026_08_05.csv,2026-08-05 16:59:11,3,280000.0
T004231,S002,C076,P019,4,55000,2026-08-05 15:32:40,sales_2026_08_05.csv,2026-08-05 15:32:40,4,55000.0
T004232,S001,C066,P023,3,22000,2026-08-05 13:37:48,sales_2026_08_05.csv,2026-08-05 13:37:48,3,22000.0
T004233,S005,C091,P015,2,30000,2026-08-05 12:39:07,sales_2026_08_05.csv,2026-08-05 12:39:07,2,30000.0
T004234,S005,C034,P024,2,40000,2026-08-05 16:58:13,sales_2026_08_05.csv,2026-08-05 16:58:13,2,40000.0
T004235,S002,C038,P010,3,8000,2026-08-05 16:43:25,sales_2026_08_05.csv,2026-08-05 16:43:25,3,8000.0
T004236,S003,C071,P023,1,22000,2026-08-05 16:19:34,sales_2026_08_05.csv,2026-08-05 16:19:34,1,22000.0
T004237,S002,C029,P004,3,25000,2026-08-05 18:58:50,sales_2026_08_05.csv,2026-08-05 18:58:50,3,25000.0
T004238,S005,C031,P002,2,520000,2026-08-05 13:15:49,sales_2026_08_05.csv,2026-08-05 13:15:49,2,520000.0
T004239,S001,C082,P010,1,8000,2026-08-05 16:52:34,sales_2026_08_05.csv,2026-08-05 16:52:34,1,8000.0
T004240,S003,C018,P005,3,120000,2026-08-05 17:29:14,sales_2026_08_05.csv,2026-08-05 17:29:14,3,120000.0
T004241,S001,C083,P009,1,45000,2026-08-05 10:19:39,sales_2026_08_05.csv,2026-08-05 10:19:39,1,45000.0
T004242,S002,C069,P008,4,390000,2026-08-05 08:27:45,sales_2026_08_05.csv,2026-08-05 08:27:45,4,390000.0
T004243,S001,C084,P004,3,25000,2026-08-05 12:27:08,sales_2026_08_05.csv,2026-08-05 12:27:08,3,25000.0
T004244,S005,C048,P012,4,12000,2026-08-05 17:25:26,sales_2026_08_05.csv,2026-08-05 17:25:26,4,12000.0
T004245,S001,C091,P011,4,75000,2026-08-05 11:10:48,sales_2026_08_05.csv,2026-08-05 11:10:48,4,75000.0
T004246,S005,C034,P029,3,32000,2026-08-05 15:42:00,sales_2026_08_05.csv,2026-08-05 15:42:00,3,32000.0
T004247,S002,C053,P024,4,40000,2026-08-05 08:04:50,sales_2026_08_05.csv,2026-08-05 08:04:50,4,40000.0
T004248,S005,C038,P029,4,32000,2026-08-05 11:54:32,sales_2026_08_05.csv,2026-08-05 11:54:32,4,32000.0
T004249,S001,C081,P011,1,75000,2026-08-05 14:46:14,sales_2026_08_05.csv,2026-08-05 14:46:14,1,75000.0
T004250,S001,C046,P027,4,18000,2026-08-05 09:25:38,sales_2026_08_05.csv,2026-08-05 09:25:38,4,18000.0
T004251,S003,C023,P008,1,390000,2026-08-05 17:51:45,sales_2026_08_05.csv,2026-08-05 17:51:45,1,390000.0
T004252,S001,C069,P009,4,45000,2026-08-05 09:43:08,sales_2026_08_05.csv,2026-08-05 09:43:08,4,45000.0
T004253,S005,C014,P022,4,18000,2026-08-05 18:00:27,sales_2026_08_05.csv,2026-08-05 18:00:27,4,18000.0
T004254,S004,C084,P024,4,40000,2026-08-05 10:22:49,sales_2026_08_05.csv,2026-08-05 10:22:49,4,40000.0
T004255,S005,C071,P009,3,45000,2026-08-05 18:56:13,sales_2026_08_05.csv,2026-08-05 18:56:13,3,45000.0
T004256,S004,C029,P007,4,165000,2026-08-05 14:39:08,sales_2026_08_05.csv,2026-08-05 14:39:08,4,165000.0
T004257,S003,C027,P011,1,75000,2026-08-05 08:55:40,sales_2026_08_05.csv,2026-08-05 08:55:40,1,75000.0
T004258,S004,C020,P019,2,55000,2026-08-05 08:43:04,sales_2026_08_05.csv,2026-08-05 08:43:04,2,55000.0
T004259,S002,C094,P015,1,30000,2026-08-05 08:49:26,sales_2026_08_05.csv,2026-08-05 08:49:26,1,30000.0
T004260,S004,C048,P024,4,40000,2026-08-05 14:29:19,sales_2026_08_05.csv,2026-08-05 14:29:19,4,40000.0
T004261,S004,C012,P005,3,120000,2026-08-05 16:54:19,sales_2026_08_05.csv,2026-08-05 16:54:19,3,120000.0
T004262,S002,C059,P016,2,95000,2026-08-05 12:25:57,sales_2026_08_05.csv,2026-08-05 12:25:57,2,95000.0
T004263,S002,C025,P006,1,280000,2026-08-05 12:53:35,sales_2026_08_05.csv,2026-08-05 12:53:35,1,280000.0
T004264,S004,C094,P019,1,55000,2026-08-05 14:28:55,sales_2026_08_05.csv,2026-08-05 14:28:55,1,55000.0
T004265,S003,C003,P006,4,280000,2026-08-05 13:51:48,sales_2026_08_05.csv,2026-08-05 13:51:48,4,280000.0
T004266,S002,C023,P010,2,8000,2026-08-05 15:34:07,sales_2026_08_05.csv,2026-08-05 15:34:07,2,8000.0
T004267,S004,C088,P027,4,18000,2026-08-05 13:11:22,sales_2026_08_05.csv,2026-08-05 13:11:22,4,18000.0
T004268,S002,C009,P020,2,180000,2026-08-05 15:51:08,sales_2026_08_05.csv,2026-08-05 15:51:08,2,180000.0
T004269,S001,C055,P005,1,120000,2026-08-05 18:58:13,sales_2026_08_05.csv,2026-08-05 18:58:13,1,120000.0
T004270,S004,C083,P008,2,390000,2026-08-05 11:51:11,sales_2026_08_05.csv,2026-08-05 11:51:11,2,390000.0
T004271,S001,C093,P013,3,35000,2026-08-05 08:08:03,sales_2026_08_05.csv,2026-08-05 08:08:03,3,35000.0
T004272,S002,C094,P017,1,85000,2026-08-05 09:22:54,sales_2026_08_05.csv,2026-08-05 09:22:54,1,85000.0
T004273,S001,C078,P025,2,210000,2026-08-05 14:05:19,sales_2026_08_05.csv,2026-08-05 14:05:19,2,210000.0
T004274,S004,C050,P004,1,25000,2026-08-05 11:47:12,sales_2026_08_05.csv,2026-08-05 11:47:12,1,25000.0
T004275,S001,C002,P001,4,450000,2026-08-05 18:20:23,sales_2026_08_05.csv,2026-08-05 18:20:23,4,450000.0
T004276,S001,C017,P025,1,210000,2026-08-05 14:54:06,sales_2026_08_05.csv,2026-08-05 14:54:06,1,210000.0
T004277,S001,C035,P008,1,390000,2026-08-05 13:43:26,sales_2026_08_05.csv,2026-08-05 13:43:26,1,390000.0
T004278,S005,C002,P005,4,120000,2026-08-05 16:46:42,sales_2026_08_05.csv,2026-08-05 16:46:42,4,120000.0
T004279,S001,C014,P026,1,30000,2026-08-05 10:50:40,sales_2026_08_05.csv,2026-08-05 10:50:40,1,30000.0
T004280,S003,C091,P018,4,25000,2026-08-05 17:01:01,sales_2026_08_05.csv,2026-08-05 17:01:01,4,25000.0
T004281,S002,C018,P003,2,15000,2026-08-05 08:02:01,sales_2026_08_05.csv,2026-08-05 08:02:01,2,15000.0
T004282,S005,C057,P016,2,95000,2026-08-05 14:48:59,sales_2026_08_05.csv,2026-08-05 14:48:59,2,95000.0
T004283,S002,C040,P027,2,18000,2026-08-05 18:16:56,sales_2026_08_05.csv,2026-08-05 18:16:56,2,18000.0
T004284,S004,C020,P011,4,75000,2026-08-05 16:39:59,sales_2026_08_05.csv,2026-08-05 16:39:59,4,75000.0
T004285,S001,C070,P008,1,390000,2026-08-05 17:23:23,sales_2026_08_05.csv,2026-08-05 17:23:23,1,390000.0
T004286,S003,C081,P023,4,22000,2026-08-05 12:21:59,sales_2026_08_05.csv,2026-08-05 12:21:59,4,22000.0
T004287,S001,C003,P018,3,25000,2026-08-05 17:03:59,sales_2026_08_05.csv,2026-08-05 17:03:59,3,25000.0
T004288,S001,C014,P027,4,18000,2026-08-05 14:03:32,sales_2026_08_05.csv,2026-08-05 14:03:32,4,18000.0
T004289,S003,C014,P018,1,25000,2026-08-05 14:48:14,sales_2026_08_05.csv,2026-08-05 14:48:14,1,25000.0
T004290,S004,C019,P017,3,85000,2026-08-05 08:38:53,sales_2026_08_05.csv,2026-08-05 08:38:53,3,85000.0
T004291,S002,C004,P001,4,450000,2026-08-05 10:13:01,sales_2026_08_05.csv,2026-08-05 10:13:01,4,450000.0
T004292,S004,C050,P008,4,390000,2026-08-05 14:03:38,sales_2026_08_05.csv,2026-08-05 14:03:38,4,390000.0
T004293,S003,C084,P005,2,120000,2026-08-05 08:38:48,sales_2026_08_05.csv,2026-08-05 08:38:48,2,120000.0
T004294,S002,C088,P010,1,8000,2026-08-05 16:09:21,sales_2026_08_05.csv,2026-08-05 16:09:21,1,8000.0
T004295,S001,C063,P013,2,35000,2026-08-05 17:14:26,sales_2026_08_05.csv,2026-08-05 17:14:26,2,35000.0
T004296,S001,C029,P006,1,280000,2026-08-05 18:07:26,sales_2026_08_05.csv,2026-08-05 18:07:26,1,280000.0
T004297,S003,C046,P004,4,25000,2026-08-05 09:07:10,sales_2026_08_05.csv,2026-08-05 09:07:10,4,25000.0
T004298,S005,C043,P003,3,15000,2026-08-05 18:20:12,sales_2026_08_05.csv,2026-08-05 18:20:12,3,15000.0
T004299,S003,C011,P004,2,25000,2026-08-05 08:44:37,sales_2026_08_05.csv,2026-08-05 08:44:37,2,25000.0
T004300,S001,C078,P029,4,32000,2026-08-05 13:12:52,sales_2026_08_05.csv,2026-08-05 13:12:52,4,32000.0
T004301,S002,C055,P005,1,120000,2026-08-05 17:14:33,sales_2026_08_05.csv,2026-08-05 17:14:33,1,120000.0
T004302,S003,C077,P017,3,85000,2026-08-05 08:46:24,sales_2026_08_05.csv,2026-08-05 08:46:24,3,85000.0
T004303,S004,C020,P006,2,280000,2026-08-05 08:12:01,sales_2026_08_05.csv,2026-08-05 08:12:01,2,280000.0
T004304,S003,C080,P029,4,32000,2026-08-05 08:16:27,sales_2026_08_05.csv,2026-08-05 08:16:27,4,32000.0
T004305,S003,C045,P027,4,18000,2026-08-05 13:37:26,sales_2026_08_05.csv,2026-08-05 13:37:26,4,18000.0
T004306,S001,C035,P029,3,32000,2026-08-05 16:55:39,sales_2026_08_05.csv,2026-08-05 16:55:39,3,32000.0
T004307,S004,C085,P030,4,50000,2026-08-05 09:24:06,sales_2026_08_05.csv,2026-08-05 09:24:06,4,50000.0
T004308,S003,C092,P012,1,12000,2026-08-05 09:22:14,sales_2026_08_05.csv,2026-08-05 09:22:14,1,12000.0
T004309,S001,C001,P026,3,30000,2026-08-05 14:15:14,sales_2026_08_05.csv,2026-08-05 14:15:14,3,30000.0
T004310,S002,C100,P028,1,28000,2026-08-05 10:34:38,sales_2026_08_05.csv,2026-08-05 10:34:38,1,28000.0
T004311,S002,C041,P021,3,10000,2026-08-05 16:01:56,sales_2026_08_05.csv,2026-08-05 16:01:56,3,10000.0
T004312,S004,C058,P005,2,120000,2026-08-05 18:26:45,sales_2026_08_05.csv,2026-08-05 18:26:45,2,120000.0
T004313,S004,C009,P024,4,40000,2026-08-05 16:25:34,sales_2026_08_05.csv,2026-08-05 16:25:34,4,40000.0
T004314,S005,C055,P004,2,25000,2026-08-05 17:38:56,sales_2026_08_05.csv,2026-08-05 17:38:56,2,25000.0
T004315,S003,C019,P024,3,40000,2026-08-05 13:42:55,sales_2026_08_05.csv,2026-08-05 13:42:55,3,40000.0
T004316,S003,C017,P003,2,15000,2026-08-05 17:09:19,sales_2026_08_05.csv,2026-08-05 17:09:19,2,15000.0
T004317,S004,C046,P006,3,280000,2026-08-05 10:00:42,sales_2026_08_05.csv,2026-08-05 10:00:42,3,280000.0
T004318,S004,C055,P011,4,75000,2026-08-05 08:45:06,sales_2026_08_05.csv,2026-08-05 08:45:06,4,75000.0
T004319,S004,C078,P016,3,95000,2026-08-05 15:12:55,sales_2026_08_05.csv,2026-08-05 15:12:55,3,95000.0
T004320,S003,C018,P026,3,30000,2026-08-05 08:34:17,sales_2026_08_05.csv,2026-08-05 08:34:17,3,30000.0
T004321,S002,C050,P026,2,30000,2026-08-05 17:49:02,sales_2026_08_05.csv,2026-08-05 17:49:02,2,30000.0
T004322,S005,C064,P014,1,7000,2026-08-05 15:36:25,sales_2026_08_05.csv,2026-08-05 15:36:25,1,7000.0
T004323,S005,C064,P018,4,25000,2026-08-05 18:28:27,sales_2026_08_05.csv,2026-08-05 18:28:27,4,25000.0
T004324,S005,C030,P018,3,25000,2026-08-05 11:27:09,sales_2026_08_05.csv,2026-08-05 11:27:09,3,25000.0
T004325,S001,C075,P013,3,35000,2026-08-05 13:20:51,sales_2026_08_05.csv,2026-08-05 13:20:51,3,35000.0
T004326,S004,C068,P023,3,22000,2026-08-05 16:09:30,sales_2026_08_05.csv,2026-08-05 16:09:30,3,22000.0
T004327,S002,C090,P019,3,55000,2026-08-05 10:40:14,sales_2026_08_05.csv,2026-08-05 10:40:14,3,55000.0
T004328,S002,C047,P003,4,15000,2026-08-05 13:57:37,sales_2026_08_05.csv,2026-08-05 13:57:37,4,15000.0
T004329,S002,C003,P001,4,450000,2026-08-05 15:15:14,sales_2026_08_05.csv,2026-08-05 15:15:14,4,450000.0
T004330,S005,C061,P012,4,12000,2026-08-05 18:46:00,sales_2026_08_05.csv,2026-08-05 18:46:00,4,12000.0
T004331,S001,C008,P005,4,120000,2026-08-05 16:11:30,sales_2026_08_05.csv,2026-08-05 16:11:30,4,120000.0
T004332,S003,C047,P030,3,50000,2026-08-05 09:17:57,sales_2026_08_05.csv,2026-08-05 09:17:57,3,50000.0
T004333,S002,C038,P028,2,28000,2026-08-05 13:13:43,sales_2026_08_05.csv,2026-08-05 13:13:43,2,28000.0
T004334,S002,C071,P015,4,30000,2026-08-05 14:28:35,sales_2026_08_05.csv,2026-08-05 14:28:35,4,30000.0
T004335,S004,C032,P030,2,50000,2026-08-05 09:36:46,sales_2026_08_05.csv,2026-08-05 09:36:46,2,50000.0
T004336,S002,C008,P007,3,165000,2026-08-05 12:45:05,sales_2026_08_05.csv,2026-08-05 12:45:05,3,165000.0
T004337,S002,C016,P024,1,40000,2026-08-05 11:07:26,sales_2026_08_05.csv,2026-08-05 11:07:26,1,40000.0
T004338,S002,C049,P023,4,22000,2026-08-05 09:18:25,sales_2026_08_05.csv,2026-08-05 09:18:25,4,22000.0
T004339,S001,C090,P024,2,40000,2026-08-05 13:37:56,sales_2026_08_05.csv,2026-08-05 13:37:56,2,40000.0
T004340,S003,C007,P014,1,7000,2026-08-05 09:49:19,sales_2026_08_05.csv,2026-08-05 09:49:19,1,7000.0
T004341,S001,C085,P023,4,22000,2026-08-05 14:29:45,sales_2026_08_05.csv,2026-08-05 14:29:45,4,22000.0
T004342,S001,C062,P019,1,55000,2026-08-05 09:51:59,sales_2026_08_05.csv,2026-08-05 09:51:59,1,55000.0
T004343,S005,C021,P027,2,18000,2026-08-05 15:57:34,sales_2026_08_05.csv,2026-08-05 15:57:34,2,18000.0
T004344,S002,C047,P001,3,450000,2026-08-05 10:08:51,sales_2026_08_05.csv,2026-08-05 10:08:51,3,450000.0
T004345,S001,C032,P005,3,120000,2026-08-05 17:51:32,sales_2026_08_05.csv,2026-08-05 17:51:32,3,120000.0
T004346,S001,C073,P003,1,15000,2026-08-05 08:17:17,sales_2026_08_05.csv,2026-08-05 08:17:17,1,15000.0
T004347,S004,C020,P027,4,18000,2026-08-05 13:44:31,sales_2026_08_05.csv,2026-08-05 13:44:31,4,18000.0
T004348,S002,C061,P025,4,210000,2026-08-05 11:31:16,sales_2026_08_05.csv,2026-08-05 11:31:16,4,210000.0
T004349,S002,C096,P024,2,40000,2026-08-05 10:28:33,sales_2026_08_05.csv,2026-08-05 10:28:33,2,40000.0
T004350,S003,C061,P017,1,85000,2026-08-05 13:11:15,sales_2026_08_05.csv,2026-08-05 13:11:15,1,85000.0
T004351,S003,C057,P014,1,7000,2026-08-05 17:15:43,sales_2026_08_05.csv,2026-08-05 17:15:43,1,7000.0
T004352,S001,C037,P026,3,30000,2026-08-05 18:04:04,sales_2026_08_05.csv,2026-08-05 18:04:04,3,30000.0
T004353,S002,C008,P004,3,25000,2026-08-05 11:20:08,sales_2026_08_05.csv,2026-08-05 11:20:08,3,25000.0
T004354,S001,C078,P029,3,32000,2026-08-05 09:41:48,sales_2026_08_05.csv,2026-08-05 09:41:48,3,32000.0
T004355,S002,C065,P025,4,210000,2026-08-05 15:55:17,sales_2026_08_05.csv,2026-08-05 15:55:17,4,210000.0
T004356,S001,C051,P006,1,280000,2026-08-05 14:24:07,sales_2026_08_05.csv,2026-08-05 14:24:07,1,280000.0
T004357,S004,C088,P027,3,18000,2026-08-05 10:12:40,sales_2026_08_05.csv,2026-08-05 10:12:40,3,18000.0
T004358,S004,C071,P029,1,32000,2026-08-05 16:21:47,sales_2026_08_05.csv,2026-08-05 16:21:47,1,32000.0
T004359,S003,C074,P023,2,22000,2026-08-05 13:42:29,sales_2026_08_05.csv,2026-08-05 13:42:29,2,22000.0
T004360,S003,C091,P017,1,85000,2026-08-05 15:11:14,sales_2026_08_05.csv,2026-08-05 15:11:14,1,85000.0
T004361,S004,C021,P008,1,390000,2026-08-05 11:57:09,sales_2026_08_05.csv,2026-08-05 11:57:09,1,390000.0
T004362,S001,C067,P009,3,45000,2026-08-05 12:49:48,sales_2026_08_05.csv,2026-08-05 12:49:48,3,45000.0
T004363,S002,C096,P013,3,35000,2026-08-05 09:59:01,sales_2026_08_05.csv,2026-08-05 09:59:01,3,35000.0
T004364,S004,C080,P007,2,165000,2026-08-05 16:19:18,sales_2026_08_05.csv,2026-08-05 16:19:18,2,165000.0
T004365,S002,C051,P002,2,520000,2026-08-05 09:43:37,sales_2026_08_05.csv,2026-08-05 09:43:37,2,520000.0
T004366,S005,C078,P006,4,280000,2026-08-05 16:33:40,sales_2026_08_05.csv,2026-08-05 16:33:40,4,280000.0
T004367,S001,C089,P027,3,18000,2026-08-05 16:46:41,sales_2026_08_05.csv,2026-08-05 16:46:41,3,18000.0
T004368,S004,C041,P015,4,30000,2026-08-05 16:12:45,sales_2026_08_05.csv,2026-08-05 16:12:45,4,30000.0
T004369,S004,C049,P021,3,10000,2026-08-05 08:12:49,sales_2026_08_05.csv,2026-08-05 08:12:49,3,10000.0
T004370,S001,C048,P006,3,280000,2026-08-05 11:00:16,sales_2026_08_05.csv,2026-08-05 11:00:16,3,280000.0
T004372,S001,C014,P009,4,45000,2026-08-05 14:33:03,sales_2026_08_05.csv,2026-08-05 14:33:03,4,45000.0
T004373,S003,C078,P003,3,15000,2026-08-05 18:06:41,sales_2026_08_05.csv,2026-08-05 18:06:41,3,15000.0
T004374,S003,C004,P025,2,210000,2026-08-05 12:07:53,sales_2026_08_05.csv,2026-08-05 12:07:53,2,210000.0
T004375,S003,C021,P008,2,390000,2026-08-05 17:37:30,sales_2026_08_05.csv,2026-08-05 17:37:30,2,390000.0
T004376,S001,C009,P018,4,25000,2026-08-05 09:47:51,sales_2026_08_05.csv,2026-08-05 09:47:51,4,25000.0
T004377,S005,C002,P007,2,165000,2026-08-05 12:05:02,sales_2026_08_05.csv,2026-08-05 12:05:02,2,165000.0
T004378,S003,C025,P025,3,210000,2026-08-05 08:34:30,sales_2026_08_05.csv,2026-08-05 08:34:30,3,210000.0
T004379,S002,C082,P018,3,25000,2026-08-05 16:10:02,sales_2026_08_05.csv,2026-08-05 16:10:02,3,25000.0
T004380,S001,C031,P030,1,50000,2026-08-05 09:39:25,sales_2026_08_05.csv,2026-08-05 09:39:25,1,50000.0
T004381,S001,C073,P009,3,45000,2026-08-05 10:49:37,sales_2026_08_05.csv,2026-08-05 10:49:37,3,45000.0
T004382,S001,C073,P019,4,55000,2026-08-05 16:31:39,sales_2026_08_05.csv,2026-08-05 16:31:39,4,55000.0
T004383,S004,C006,P026,4,30000,2026-08-05 13:52:54,sales_2026_08_05.csv,2026-08-05 13:52:54,4,30000.0
T004384,S003,C012,P002,4,520000,2026-08-05 08:09:13,sales_2026_08_05.csv,2026-08-05 08:09:13,4,520000.0
T004385,S001,C046,P010,2,8000,2026-08-05 08:01:28,sales_2026_08_05.csv,2026-08-05 08:01:28,2,8000.0
T004386,S003,C051,P025,3,210000,2026-08-05 13:37:02,sales_2026_08_05.csv,2026-08-05 13:37:02,3,210000.0
T004387,S002,C041,P017,2,85000,2026-08-05 11:21:16,sales_2026_08_05.csv,2026-08-05 11:21:16,2,85000.0
T004388,S004,C093,P025,3,210000,2026-08-05 09:59:00,sales_2026_08_05.csv,2026-08-05 09:59:00,3,210000.0
T004389,S002,C090,P012,3,12000,2026-08-05 14:44:58,sales_2026_08_05.csv,2026-08-05 14:44:58,3,12000.0
T004390,S001,C043,P022,1,18000,2026-08-05 10:30:46,sales_2026_08_05.csv,2026-08-05 10:30:46,1,18000.0
T004391,S005,C013,P014,2,7000,2026-08-05 14:30:51,sales_2026_08_05.csv,2026-08-05 14:30:51,2,7000.0
T004392,S002,C004,P017,2,85000,2026-08-05 12:10:18,sales_2026_08_05.csv,2026-08-05 12:10:18,2,85000.0
T004393,S004,C062,P019,3,55000,2026-08-05 10:03:15,sales_2026_08_05.csv,2026-08-05 10:03:15,3,55000.0
T004394,S001,C038,P019,3,55000,2026-08-05 09:31:08,sales_2026_08_05.csv,2026-08-05 09:31:08,3,55000.0
T004395,S002,C088,P006,1,280000,2026-08-05 10:36:19,sales_2026_08_05.csv,2026-08-05 10:36:19,1,280000.0
T004396,S001,C081,P015,2,30000,2026-08-05 08:19:41,sales_2026_08_05.csv,2026-08-05 08:19:41,2,30000.0
T004397,S002,C028,P003,4,15000,2026-08-05 11:23:21,sales_2026_08_05.csv,2026-08-05 11:23:21,4,15000.0
T004398,S002,C099,P026,4,30000,2026-08-05 17:55:17,sales_2026_08_05.csv,2026-08-05 17:55:17,4,30000.0
T004399,S002,C065,P023,4,22000,2026-08-05 17:08:41,sales_2026_08_05.csv,2026-08-05 17:08:41,4,22000.0
T004400,S005,C084,P017,1,85000,2026-08-05 12:05:31,sales_2026_08_05.csv,2026-08-05 12:05:31,1,85000.0
T004401,S003,C058,P017,3,85000,2026-08-05 14:20:03,sales_2026_08_05.csv,2026-08-05 14:20:03,3,85000.0
T004402,S002,C044,P026,1,30000,2026-08-05 14:14:27,sales_2026_08_05.csv,2026-08-05 14:14:27,1,30000.0
T004403,S003,C080,P010,4,8000,2026-08-05 17:06:58,sales_2026_08_05.csv,2026-08-05 17:06:58,4,8000.0
T004404,S004,C006,P028,2,28000,2026-08-05 10:35:57,sales_2026_08_05.csv,2026-08-05 10:35:57,2,28000.0
T004405,S004,C031,P029,2,32000,2026-08-05 11:15:36,sales_2026_08_05.csv,2026-08-05 11:15:36,2,32000.0
T004406,S005,C078,P007,2,165000,2026-08-05 11:19:10,sales_2026_08_05.csv,2026-08-05 11:19:10,2,165000.0
T004407,S002,C073,P003,2,15000,2026-08-05 08:26:58,sales_2026_08_05.csv,2026-08-05 08:26:58,2,15000.0
T004408,S004,C013,P021,2,10000,2026-08-05 11:27:41,sales_2026_08_05.csv,2026-08-05 11:27:41,2,10000.0
T004409,S001,C019,P026,1,30000,2026-08-05 17:39:25,sales_2026_08_05.csv,2026-08-05 17:39:25,1,30000.0
T004410,S003,C071,P025,3,210000,2026-08-05 18:01:54,sales_2026_08_05.csv,2026-08-05 18:01:54,3,210000.0
T004411,S001,C064,P028,3,28000,2026-08-05 09:12:21,sales_2026_08_05.csv,2026-08-05 09:12:21,3,28000.0
T004412,S004,C041,P004,4,25000,2026-08-05 13:02:19,sales_2026_08_05.csv,2026-08-05 13:02:19,4,25000.0
T004413,S003,C021,P006,3,280000,2026-08-05 12:11:41,sales_2026_08_05.csv,2026-08-05 12:11:41,3,280000.0
T004414,S003,C074,P003,2,15000,2026-08-05 13:22:58,sales_2026_08_05.csv,2026-08-05 13:22:58,2,15000.0
T004415,S003,C012,P012,2,12000,2026-08-05 14:06:06,sales_2026_08_05.csv,2026-08-05 14:06:06,2,12000.0
T004416,S002,C091,P003,3,15000,2026-08-05 08:13:22,sales_2026_08_05.csv,2026-08-05 08:13:22,3,15000.0
T004417,S004,C034,P025,1,210000,2026-08-05 17:15:52,sales_2026_08_05.csv,2026-08-05 17:15:52,1,210000.0
T004418,S003,C098,P016,3,95000,2026-08-05 18:42:37,sales_2026_08_05.csv,2026-08-05 18:42:37,3,95000.0
T004419,S004,C084,P029,3,32000,2026-08-05 15:11:14,sales_2026_08_05.csv,2026-08-05 15:11:14,3,32000.0
T004420,S002,C016,P030,4,50000,2026-08-05 15:15:53,sales_2026_08_05.csv,2026-08-05 15:15:53,4,50000.0
T004421,S004,C006,P019,2,55000,2026-08-05 13:48:28,sales_2026_08_05.csv,2026-08-05 13:48:28,2,55000.0
T004422,S003,C052,P012,1,12000,2026-08-05 11:40:37,sales_2026_08_05.csv,2026-08-05 11:40:37,1,12000.0
T004423,S005,C088,P014,3,7000,2026-08-05 09:38:19,sales_2026_08_05.csv,2026-08-05 09:38:19,3,7000.0
T004424,S004,C047,P005,3,120000,2026-08-05 14:25:28,sales_2026_08_05.csv,2026-08-05 14:25:28,3,120000.0
T004426,S001,C088,P012,3,12000,2026-08-05 17:04:10,sales_2026_08_05.csv,2026-08-05 17:04:10,3,12000.0
T004427,S005,C058,P014,3,7000,2026-08-05 12:37:48,sales_2026_08_05.csv,2026-08-05 12:37:48,3,7000.0
T004428,S001,C080,P009,3,45000,2026-08-05 12:33:44,sales_2026_08_05.csv,2026-08-05 12:33:44,3,45000.0
T004429,S001,C095,P021,2,10000,2026-08-05 11:35:55,sales_2026_08_05.csv,2026-08-05 11:35:55,2,10000.0
T004430,S002,C090,P026,1,30000,2026-08-05 18:39:46,sales_2026_08_05.csv,2026-08-05 18:39:46,1,30000.0
T004431,S005,C002,P027,3,18000,2026-08-05 09:55:26,sales_2026_08_05.csv,2026-08-05 09:55:26,3,18000.0
T004432,S001,C038,P005,4,120000,2026-08-05 09:39:51,sales_2026_08_05.csv,2026-08-05 09:39:51,4,120000.0
T004433,S002,C073,P013,3,35000,2026-08-05 09:49:15,sales_2026_08_05.csv,2026-08-05 09:49:15,3,35000.0
T004434,S001,C029,P013,2,35000,2026-08-05 15:14:37,sales_2026_08_05.csv,2026-08-05 15:14:37,2,35000.0
T004435,S004,C086,P013,4,35000,2026-08-05 18:54:39,sales_2026_08_05.csv,2026-08-05 18:54:39,4,35000.0
T004436,S003,C060,P003,4,15000,2026-08-05 10:35:24,sales_2026_08_05.csv,2026-08-05 10:35:24,4,15000.0
T004437,S005,C060,P015,1,30000,2026-08-05 17:57:42,sales_2026_08_05.csv,2026-08-05 17:57:42,1,30000.0
T004438,S001,C024,P004,4,25000,2026-08-05 11:03:53,sales_2026_08_05.csv,2026-08-05 11:03:53,4,25000.0
T004439,S001,C051,P024,1,40000,2026-08-05 15:07:36,sales_2026_08_05.csv,2026-08-05 15:07:36,1,40000.0
T004440,S004,C026,P025,1,210000,2026-08-05 08:26:43,sales_2026_08_05.csv,2026-08-05 08:26:43,1,210000.0
T004441,S003,C009,P013,4,35000,2026-08-05 13:27:07,sales_2026_08_05.csv,2026-08-05 13:27:07,4,35000.0
T004442,S003,C078,P011,1,75000,2026-08-05 15:12:00,sales_2026_08_05.csv,2026-08-05 15:12:00,1,75000.0
T004443,S002,C090,P016,2,95000,2026-08-05 13:53:58,sales_2026_08_05.csv,2026-08-05 13:53:58,2,95000.0
T004444,S004,C015,P024,4,40000,2026-08-05 10:36:58,sales_2026_08_05.csv,2026-08-05 10:36:58,4,40000.0
T004445,S004,C005,P009,3,45000,2026-08-05 17:06:48,sales_2026_08_05.csv,2026-08-05 17:06:48,3,45000.0
T004446,S002,C061,P018,2,25000,2026-08-05 18:40:17,sales_2026_08_05.csv,2026-08-05 18:40:17,2,25000.0
T004447,S002,C041,P005,2,120000,2026-08-05 13:03:04,sales_2026_08_05.csv,2026-08-05 13:03:04,2,120000.0
T004448,S001,C077,P019,4,55000,2026-08-05 14:59:42,sales_2026_08_05.csv,2026-08-05 14:59:42,4,55000.0
T004449,S004,C008,P025,4,210000,2026-08-05 16:41:40,sales_2026_08_05.csv,2026-08-05 16:41:40,4,210000.0
T004450,S003,C056,P030,3,50000,2026-08-05 10:39:22,sales_2026_08_05.csv,2026-08-05 10:39:22,3,50000.0
T004451,S002,C007,P016,2,95000,2026-08-05 17:30:32,sales_2026_08_05.csv,2026-08-05 17:30:32,2,95000.0
T004452,S001,C098,P007,3,165000,2026-08-05 11:04:55,sales_2026_08_05.csv,2026-08-05 11:04:55,3,165000.0
T004453,S004,C035,P022,2,18000,2026-08-05 16:32:02,sales_2026_08_05.csv,2026-08-05 16:32:02,2,18000.0
T004454,S002,C011,P009,1,45000,2026-08-05 09:13:59,sales_2026_08_05.csv,2026-08-05 09:13:59,1,45000.0
T004455,S001,C036,P005,4,120000,2026-08-05 11:10:20,sales_2026_08_05.csv,2026-08-05 11:10:20,4,120000.0
T004456,S001,C039,P013,4,35000,2026-08-05 13:52:11,sales_2026_08_05.csv,2026-08-05 13:52:11,4,35000.0
T004457,S004,C054,P028,4,28000,2026-08-05 13:46:26,sales_2026_08_05.csv,2026-08-05 13:46:26,4,28000.0
T004458,S002,C086,P017,4,85000,2026-08-05 17:21:17,sales_2026_08_05.csv,2026-08-05 17:21:17,4,85000.0
T004459,S003,C024,P029,1,32000,2026-08-05 18:57:26,sales_2026_08_05.csv,2026-08-05 18:57:26,1,32000.0
T004460,S001,C012,P027,3,18000,2026-08-05 09:10:45,sales_2026_08_05.csv,2026-08-05 09:10:45,3,18000.0
T004461,S004,C044,P029,1,32000,2026-08-05 10:59:06,sales_2026_08_05.csv,2026-08-05 10:59:06,1,32000.0
T004462,S003,C022,P025,1,210000,2026-08-05 11:56:00,sales_2026_08_05.csv,2026-08-05 11:56:00,1,210000.0
T004463,S003,C054,P007,4,165000,2026-08-05 13:16:05,sales_2026_08_05.csv,2026-08-05 13:16:05,4,165000.0
T004464,S004,C069,P016,1,95000,2026-08-05 13:25:58,sales_2026_08_05.csv,2026-08-05 13:25:58,1,95000.0
T004465,S002,C090,P023,1,22000,2026-08-05 17:25:05,sales_2026_08_05.csv,2026-08-05 17:25:05,1,22000.0
T004466,S003,C089,P014,1,7000,2026-08-05 16:28:34,sales_2026_08_05.csv,2026-08-05 16:28:34,1,7000.0
T004467,S004,C002,P019,2,55000,2026-08-05 08:12:26,sales_2026_08_05.csv,2026-08-05 08:12:26,2,55000.0
T004468,S005,C026,P018,3,25000,2026-08-05 13:00:18,sales_2026_08_05.csv,2026-08-05 13:00:18,3,25000.0
T004469,S005,C079,P003,4,15000,2026-08-05 14:47:55,sales_2026_08_05.csv,2026-08-05 14:47:55,4,15000.0
T004470,S003,C086,P005,4,120000,2026-08-05 13:03:51,sales_2026_08_05.csv,2026-08-05 13:03:51,4,120000.0
T004471,S003,C002,P027,1,18000,2026-08-05 09:26:13,sales_2026_08_05.csv,2026-08-05 09:26:13,1,18000.0
T004472,S004,C019,P005,2,120000,2026-08-05 12:22:19,sales_2026_08_05.csv,2026-08-05 12:22:19,2,120000.0
T004473,S003,C015,P016,4,95000,2026-08-05 12:31:41,sales_2026_08_05.csv,2026-08-05 12:31:41,4,95000.0
T004474,S004,C034,P026,4,30000,2026-08-05 10:03:53,sales_2026_08_05.csv,2026-08-05 10:03:53,4,30000.0
T004475,S001,C058,P017,2,85000,2026-08-05 16:19:09,sales_2026_08_05.csv,2026-08-05 16:19:09,2,85000.0
T004476,S002,C082,P027,1,18000,2026-08-05 11:32:07,sales_2026_08_05.csv,2026-08-05 11:32:07,1,18000.0
T004477,S005,C013,P015,4,30000,2026-08-05 14:28:43,sales_2026_08_05.csv,2026-08-05 14:28:43,4,30000.0
T004478,S002,C096,P002,4,520000,2026-08-05 13:40:22,sales_2026_08_05.csv,2026-08-05 13:40:22,4,520000.0
T004479,S004,C090,P007,4,165000,2026-08-05 17:39:06,sales_2026_08_05.csv,2026-08-05 17:39:06,4,165000.0
T004480,S002,C077,P018,4,25000,2026-08-05 09:20:31,sales_2026_08_05.csv,2026-08-05 09:20:31,4,25000.0
T004481,S002,C045,P013,3,35000,2026-08-05 09:15:24,sales_2026_08_05.csv,2026-08-05 09:15:24,3,35000.0
T004482,S002,C087,P007,1,165000,2026-08-05 11:18:12,sales_2026_08_05.csv,2026-08-05 11:18:12,1,165000.0
T004483,S001,C048,P019,3,55000,2026-08-05 12:44:36,sales_2026_08_05.csv,2026-08-05 12:44:36,3,55000.0
T004484,S003,C003,P027,4,18000,2026-08-05 11:17:02,sales_2026_08_05.csv,2026-08-05 11:17:02,4,18000.0
T004485,S003,C065,P010,3,8000,2026-08-05 16:23:42,sales_2026_08_05.csv,2026-08-05 16:23:42,3,8000.0
T004486,S001,C090,P027,4,18000,2026-08-05 10:41:52,sales_2026_08_05.csv,2026-08-05 10:41:52,4,18000.0
T004487,S004,C053,P016,3,95000,2026-08-05 08:55:57,sales_2026_08_05.csv,2026-08-05 08:55:57,3,95000.0
T004488,S003,C046,P014,3,7000,2026-08-05 12:33:06,sales_2026_08_05.csv,2026-08-05 12:33:06,3,7000.0
T004489,S005,C055,P027,4,18000,2026-08-05 16:30:25,sales_2026_08_05.csv,2026-08-05 16:30:25,4,18000.0
T004490,S003,C015,P017,4,85000,2026-08-05 17:21:22,sales_2026_08_05.csv,2026-08-05 17:21:22,4,85000.0
T004492,S003,C023,P014,1,7000,2026-08-05 14:08:12,sales_2026_08_05.csv,2026-08-05 14:08:12,1,7000.0
T004493,S005,C021,P018,1,25000,2026-08-05 15:57:57,sales_2026_08_05.csv,2026-08-05 15:57:57,1,25000.0
T004494,S004,C049,P018,4,25000,2026-08-05 15:29:43,sales_2026_08_05.csv,2026-08-05 15:29:43,4,25000.0
T004495,S004,C082,P010,4,8000,2026-08-05 10:34:40,sales_2026_08_05.csv,2026-08-05 10:34:40,4,8000.0
T004496,S005,C013,P010,4,8000,2026-08-05 14:03:30,sales_2026_08_05.csv,2026-08-05 14:03:30,4,8000.0
T004497,S001,C012,P003,3,15000,2026-08-05 16:28:36,sales_2026_08_05.csv,2026-08-05 16:28:36,3,15000.0
T004498,S001,C079,P021,3,10000,2026-08-05 11:29:17,sales_2026_08_05.csv,2026-08-05 11:29:17,3,10000.0
T004499,S004,C014,P030,3,50000,2026-08-05 15:11:37,sales_2026_08_05.csv,2026-08-05 15:11:37,3,50000.0
T004500,S005,C070,P016,4,95000,2026-08-05 13:17:46,sales_2026_08_05.csv,2026-08-05 13:17:46,4,95000.0
